osmid,name,anlik_risk,geometry
892664d8b27ffff,"H3:892664d8b27ffff (suc=13, lamba_ariza=15)",48.63,"LINESTRING (-87.6728442911612 41.954158862938485, -87.6728442911612 41.954158862938485)"
892664cce5bffff,"H3:892664cce5bffff (suc=15, lamba_ariza=14)",51.84,"LINESTRING (-87.62126193924483 41.74866036809813, -87.62126193924483 41.74866036809813)"
8926645621bffff,"H3:8926645621bffff (suc=0, lamba_ariza=3)",2.64,"LINESTRING (-87.6651065601108 41.68214894433616, -87.6651065601108 41.68214894433616)"
892664cd3cfffff,"H3:892664cd3cfffff (suc=12, lamba_ariza=36)",57.12,"LINESTRING (-87.71352375424583 41.77319044360335, -87.71352375424583 41.77319044360335)"
892664cb4dbffff,"H3:892664cb4dbffff (suc=5, lamba_ariza=17)",31.25,"LINESTRING (-87.79812052740381 41.97655287796476, -87.79812052740381 41.97655287796476)"
892664d89c3ffff,"H3:892664d89c3ffff (suc=65, lamba_ariza=16)",85.42,"LINESTRING (-87.6557534488678 41.97584745564526, -87.6557534488678 41.97584745564526)"
892664c8133ffff,"H3:892664c8133ffff (suc=16, lamba_ariza=20)",58.09,"LINESTRING (-87.73858832923517 41.87327726915237, -87.73858832923517 41.87327726915237)"
892664cf22bffff,"H3:892664cf22bffff (suc=11, lamba_ariza=0)",31.2,"LINESTRING (-87.68125828442437 41.821682234095675, -87.68125828442437 41.821682234095675)"
892664c1b43ffff,"H3:892664c1b43ffff (suc=41, lamba_ariza=33)",89.09,"LINESTRING (-87.62554615434036 41.85999287625658, -87.62554615434036 41.85999287625658)"
892664ccd2fffff,"H3:892664ccd2fffff (suc=15, lamba_ariza=14)",52.31,"LINESTRING (-87.5530975864089 41.72325109763679, -87.5530975864089 41.72325109763679)"
892664c856bffff,"H3:892664c856bffff (suc=26, lamba_ariza=15)",68.8,"LINESTRING (-87.74688164488657 41.891180043905486, -87.74688164488657 41.891180043905486)"
892664cdbabffff,"H3:892664cdbabffff (suc=3, lamba_ariza=10)",17.3,"LINESTRING (-87.667207828933 41.71456869256953, -87.667207828933 41.71456869256953)"
892664ca19bffff,"H3:892664ca19bffff (suc=5, lamba_ariza=16)",29.25,"LINESTRING (-87.6941430555663 41.93184676842848, -87.6941430555663 41.93184676842848)"
892664cc6a3ffff,"H3:892664cc6a3ffff (suc=15, lamba_ariza=6)",43.52,"LINESTRING (-87.62858757529072 41.79671395972418, -87.62858757529072 41.79671395972418)"
89266452153ffff,"H3:89266452153ffff (suc=6, lamba_ariza=12)",28.16,"LINESTRING (-87.76810242722672 41.784172017390276, -87.76810242722672 41.784172017390276)"
892664daa4fffff,"H3:892664daa4fffff (suc=3, lamba_ariza=10)",20.01,"LINESTRING (-87.66738435740639 42.023398115057645, -87.66738435740639 42.023398115057645)"
892664570a7ffff,"H3:892664570a7ffff (suc=1, lamba_ariza=13)",10.84,"LINESTRING (-87.69802898354526 41.68816969811276, -87.69802898354526 41.68816969811276)"
892664c1213ffff,"H3:892664c1213ffff (suc=16, lamba_ariza=20)",58.62,"LINESTRING (-87.66703187013935 41.93040005050082, -87.66703187013935 41.93040005050082)"
892664c139bffff,"H3:892664c139bffff (suc=17, lamba_ariza=33)",66.43,"LINESTRING (-87.64362214257736 41.92019402998102, -87.64362214257736 41.92019402998102)"
892664c88afffff,"H3:892664c88afffff (suc=14, lamba_ariza=15)",50.94,"LINESTRING (-87.72202045279285 41.83748036580116, -87.72202045279285 41.83748036580116)"
892664cf50fffff,"H3:892664cf50fffff (suc=14, lamba_ariza=23)",57.31,"LINESTRING (-87.62398675818766 41.835632658711944, -87.62398675818766 41.835632658711944)"
892664d8e47ffff,"H3:892664d8e47ffff (suc=26, lamba_ariza=22)",74.12,"LINESTRING (-87.70141054757384 41.99918119504262, -87.70141054757384 41.99918119504262)"
892664ccbafffff,"H3:892664ccbafffff (suc=1, lamba_ariza=1)",1.07,"LINESTRING (-87.58450938717549 41.70498216806061, -87.58450938717549 41.70498216806061)"
89266456547ffff,"H3:89266456547ffff (suc=13, lamba_ariza=13)",46.2,"LINESTRING (-87.6116897536328 41.68733172838257, -87.6116897536328 41.68733172838257)"
892664ccaa3ffff,"H3:892664ccaa3ffff (suc=16, lamba_ariza=14)",54.15,"LINESTRING (-87.60410848037617 41.72391028104039, -87.60410848037617 41.72391028104039)"
892664cc4bbffff,"H3:892664cc4bbffff (suc=39, lamba_ariza=25)",85.7,"LINESTRING (-87.60206851054458 41.80336528362858, -87.60206851054458 41.80336528362858)"
892664caeb3ffff,"H3:892664caeb3ffff (suc=42, lamba_ariza=19)",83.1,"LINESTRING (-87.69377525522562 41.90455139410652, -87.69377525522562 41.90455139410652)"
892664c8d8fffff,"H3:892664c8d8fffff (suc=27, lamba_ariza=13)",68.86,"LINESTRING (-87.69725803587643 41.84936077862963, -87.69725803587643 41.84936077862963)"
8926645656bffff,"H3:8926645656bffff (suc=6, lamba_ariza=33)",40.13,"LINESTRING (-87.61414848370268 41.681514482162, -87.61414848370268 41.681514482162)"
892664ca55bffff,"H3:892664ca55bffff (suc=27, lamba_ariza=46)",81.81,"LINESTRING (-87.7036609939493 41.94684677381658, -87.7036609939493 41.94684677381658)"
892664cded3ffff,"H3:892664cded3ffff (suc=22, lamba_ariza=17)",65.81,"LINESTRING (-87.69018596583959 41.76300915098184, -87.69018596583959 41.76300915098184)"
892664c8177ffff,"H3:892664c8177ffff (suc=29, lamba_ariza=18)",74.06,"LINESTRING (-87.74702438975271 41.87202014497932, -87.74702438975271 41.87202014497932)"
892664cd60bffff,"H3:892664cd60bffff (suc=23, lamba_ariza=9)",59.95,"LINESTRING (-87.72408773240689 41.8043890605174, -87.72408773240689 41.8043890605174)"
892664cb3d3ffff,"H3:892664cb3d3ffff (suc=8, lamba_ariza=8)",31.07,"LINESTRING (-87.81103114802534 41.936305787841285, -87.81103114802534 41.936305787841285)"
892664cd3c7ffff,"H3:892664cd3c7ffff (suc=18, lamba_ariza=32)",67.31,"LINESTRING (-87.70931400787536 41.77381661446661, -87.70931400787536 41.77381661446661)"
892664d8137ffff,"H3:892664d8137ffff (suc=20, lamba_ariza=19)",65.03,"LINESTRING (-87.67532071404254 42.014006505750274, -87.67532071404254 42.014006505750274)"
892664cb42bffff,"H3:892664cb42bffff (suc=0, lamba_ariza=3)",2.25,"LINESTRING (-87.78979304037387 41.95863752591996, -87.78979304037387 41.95863752591996)"
892664d994bffff,"H3:892664d994bffff (suc=28, lamba_ariza=10)",66.67,"LINESTRING (-87.74685197571799 41.97599398826688, -87.74685197571799 41.97599398826688)"
892664c12abffff,"H3:892664c12abffff (suc=14, lamba_ariza=6)",41.93,"LINESTRING (-87.6610468352207 41.92581713260922, -87.6610468352207 41.92581713260922)"
892664cacd3ffff,"H3:892664cacd3ffff (suc=23, lamba_ariza=8)",58.56,"LINESTRING (-87.68040752605458 41.917475284605274, -87.68040752605458 41.917475284605274)"
892664caa93ffff,"H3:892664caa93ffff (suc=64, lamba_ariza=8)",77.82,"LINESTRING (-87.70713506324272 41.891628382619835, -87.70713506324272 41.891628382619835)"
892664c8617ffff,"H3:892664c8617ffff (suc=13, lamba_ariza=20)",51.54,"LINESTRING (-87.7822766996065 41.91051188013042, -87.7822766996065 41.91051188013042)"
892664cebc7ffff,"H3:892664cebc7ffff (suc=17, lamba_ariza=0)",43.83,"LINESTRING (-87.5496753469305 41.759224520046345, -87.5496753469305 41.759224520046345)"
8926641938fffff,"H3:8926641938fffff (suc=6, lamba_ariza=21)",36.65,"LINESTRING (-87.55622940679298 41.66007334113686, -87.55622940679298 41.66007334113686)"
892664564d3ffff,"H3:892664564d3ffff (suc=11, lamba_ariza=33)",52.92,"LINESTRING (-87.62760425534563 41.71498007777214, -87.62760425534563 41.71498007777214)"
892664ca5afffff,"H3:892664ca5afffff (suc=12, lamba_ariza=14)",45.46,"LINESTRING (-87.67900523914508 41.93956550384491, -87.67900523914508 41.93956550384491)"
892664ca90fffff,"H3:892664ca90fffff (suc=43, lamba_ariza=9)",75.33,"LINESTRING (-87.66580142374958 41.86769535391519, -87.66580142374958 41.86769535391519)"
892664c8cdbffff,"H3:892664c8cdbffff (suc=22, lamba_ariza=26)",72.36,"LINESTRING (-87.73137822631624 41.871617453284905, -87.73137822631624 41.871617453284905)"
892664ca02bffff,"H3:892664ca02bffff (suc=30, lamba_ariza=34)",82.3,"LINESTRING (-87.71825898637081 41.93099708769853, -87.71825898637081 41.93099708769853)"
892664ca20bffff,"H3:892664ca20bffff (suc=9, lamba_ariza=9)",32.59,"LINESTRING (-87.75258853058183 41.93409122913953, -87.75258853058183 41.93409122913953)"
892664cc58bffff,"H3:892664cc58bffff (suc=9, lamba_ariza=21)",44.83,"LINESTRING (-87.58716274576688 41.79191355481906, -87.58716274576688 41.79191355481906)"
892664ca3a7ffff,"H3:892664ca3a7ffff (suc=29, lamba_ariza=16)",73.12,"LINESTRING (-87.71296265042182 41.91537324833557, -87.71296265042182 41.91537324833557)"
892664c114bffff,"H3:892664c114bffff (suc=19, lamba_ariza=5)",51.81,"LINESTRING (-87.63341584548805 41.916235516975945, -87.63341584548805 41.916235516975945)"
892664cce23ffff,"H3:892664cce23ffff (suc=21, lamba_ariza=16)",63.72,"LINESTRING (-87.60216071292686 41.73783982592783, -87.60216071292686 41.73783982592783)"
892664d8173ffff,"H3:892664d8173ffff (suc=35, lamba_ariza=16)",78.05,"LINESTRING (-87.68978382322143 42.017336052100084, -87.68978382322143 42.017336052100084)"
892664c13abffff,"H3:892664c13abffff (suc=28, lamba_ariza=11)",67.26,"LINESTRING (-87.64010787038052 41.90977592009495, -87.64010787038052 41.90977592009495)"
8926645638fffff,"H3:8926645638fffff (suc=15, lamba_ariza=13)",51.45,"LINESTRING (-87.63587293262296 41.66739382720089, -87.63587293262296 41.66739382720089)"
892664ca263ffff,"H3:892664ca263ffff (suc=25, lamba_ariza=28)",75.3,"LINESTRING (-87.75504175123056 41.92825393035422, -87.75504175123056 41.92825393035422)"
892664cc853ffff,"H3:892664cc853ffff (suc=8, lamba_ariza=7)",29.31,"LINESTRING (-87.5962060203837 41.73326237180431, -87.5962060203837 41.73326237180431)"
892664d881bffff,"H3:892664d881bffff (suc=3, lamba_ariza=10)",16.89,"LINESTRING (-87.6749633838501 41.98668368603454, -87.6749633838501 41.98668368603454)"
892664c8d97ffff,"H3:892664c8d97ffff (suc=38, lamba_ariza=32)",87.38,"LINESTRING (-87.69181240054935 41.852902649001756, -87.69181240054935 41.852902649001756)"
892664cc447ffff,"H3:892664cc447ffff (suc=75, lamba_ariza=18)",88.39,"LINESTRING (-87.6189275848779 41.800873575256134, -87.6189275848779 41.800873575256134)"
892664cc343ffff,"H3:892664cc343ffff (suc=11, lamba_ariza=3)",33.3,"LINESTRING (-87.6391415730694 41.76239027241846, -87.6391415730694 41.76239027241846)"
892664cae6bffff,"H3:892664cae6bffff (suc=111, lamba_ariza=24)",93.37,"LINESTRING (-87.71734037398609 41.89557915273337, -87.71734037398609 41.89557915273337)"
892664cb163ffff,"H3:892664cb163ffff (suc=69, lamba_ariza=7)",78.02,"LINESTRING (-87.78459755369738 41.923842435615796, -87.78459755369738 41.923842435615796)"
89266452c9bffff,"H3:89266452c9bffff (suc=6, lamba_ariza=32)",41.89,"LINESTRING (-87.73334642297564 41.77297012644899, -87.73334642297564 41.77297012644899)"
892664570cbffff,"H3:892664570cbffff (suc=1, lamba_ariza=3)",7.13,"LINESTRING (-87.72133031199567 41.698342266841074, -87.72133031199567 41.698342266841074)"
892664c8d83ffff,"H3:892664c8d83ffff (suc=51, lamba_ariza=30)",91.36,"LINESTRING (-87.69602977598967 41.85227609359835, -87.69602977598967 41.85227609359835)"
892664571dbffff,"H3:892664571dbffff (suc=0, lamba_ariza=5)",3.97,"LINESTRING (-87.69925276102504 41.68526038839879, -87.69925276102504 41.68526038839879)"
892664cc333ffff,"H3:892664cc333ffff (suc=55, lamba_ariza=34)",93.16,"LINESTRING (-87.62178010503972 41.75677125197332, -87.62178010503972 41.75677125197332)"
892664ccc0bffff,"H3:892664ccc0bffff (suc=5, lamba_ariza=9)",23.05,"LINESTRING (-87.58162427751944 41.74905782188441, -87.58162427751944 41.74905782188441)"
892664ca6dbffff,"H3:892664ca6dbffff (suc=6, lamba_ariza=12)",28.84,"LINESTRING (-87.74753748240886 41.964943822908445, -87.74753748240886 41.964943822908445)"
892664d8e7bffff,"H3:892664d8e7bffff (suc=13, lamba_ariza=15)",49.26,"LINESTRING (-87.70264236409444 41.99626048901671, -87.70264236409444 41.99626048901671)"
892664cc92bffff,"H3:892664cc92bffff (suc=39, lamba_ariza=11)",74.95,"LINESTRING (-87.56470787852051 41.70517512158424, -87.56470787852051 41.70517512158424)"
892664d9a8fffff,"H3:892664d9a8fffff (suc=5, lamba_ariza=40)",40.13,"LINESTRING (-87.77630893125487 41.990762356225105, -87.77630893125487 41.990762356225105)"
8926645660fffff,"H3:8926645660fffff (suc=8, lamba_ariza=31)",46.23,"LINESTRING (-87.6547711579421 41.69731795521646, -87.6547711579421 41.69731795521646)"
89266457017ffff,"H3:89266457017ffff (suc=4, lamba_ariza=11)",22.57,"LINESTRING (-87.70818893592131 41.69211421084056, -87.70818893592131 41.69211421084056)"
892664cd807ffff,"H3:892664cd807ffff (suc=24, lamba_ariza=40)",77.52,"LINESTRING (-87.66282527062663 41.73431803548649, -87.66282527062663 41.73431803548649)"
892664c1147ffff,"H3:892664c1147ffff (suc=4, lamba_ariza=10)",22.63,"LINESTRING (-87.62620094576666 41.91456843063912, -87.62620094576666 41.91456843063912)"
892664cc26bffff,"H3:892664cc26bffff (suc=20, lamba_ariza=21)",66.88,"LINESTRING (-87.65948850126276 41.77029466514788, -87.65948850126276 41.77029466514788)"
892664cae67ffff,"H3:892664cae67ffff (suc=117, lamba_ariza=12)",84.11,"LINESTRING (-87.71012717249621 41.89391771924746, -87.71012717249621 41.89391771924746)"
892664cb51bffff,"H3:892664cb51bffff (suc=4, lamba_ariza=14)",24.88,"LINESTRING (-87.77234586368456 41.953033302216674, -87.77234586368456 41.953033302216674)"
892664cca47ffff,"H3:892664cca47ffff (suc=16, lamba_ariza=13)",53.0,"LINESTRING (-87.6239159158408 41.723710070324465, -87.6239159158408 41.723710070324465)"
892664ca5bbffff,"H3:892664ca5bbffff (suc=12, lamba_ariza=18)",47.59,"LINESTRING (-87.68076753556605 41.944775368760865, -87.68076753556605 41.944775368760865)"
892664ca0cfffff,"H3:892664ca0cfffff (suc=7, lamba_ariza=8)",28.0,"LINESTRING (-87.72478778539926 41.943704447742185, -87.72478778539926 41.943704447742185)"
892664c846fffff,"H3:892664c846fffff (suc=24, lamba_ariza=10)",62.37,"LINESTRING (-87.7648482843216 41.90490864787002, -87.7648482843216 41.90490864787002)"
892664cf51bffff,"H3:892664cf51bffff (suc=28, lamba_ariza=17)",72.88,"LINESTRING (-87.62573913663869 41.840837454024076, -87.62573913663869 41.840837454024076)"
892664ca477ffff,"H3:892664ca477ffff (suc=24, lamba_ariza=21)",71.83,"LINESTRING (-87.71264844768262 41.953718913080536, -87.71264844768262 41.953718913080536)"
892664d8a47ffff,"H3:892664d8a47ffff (suc=14, lamba_ariza=19)",54.45,"LINESTRING (-87.71002991101653 41.97873829849804, -87.71002991101653 41.97873829849804)"
8926645204bffff,"H3:8926645204bffff (suc=3, lamba_ariza=14)",22.57,"LINESTRING (-87.79445286281727 41.796623119901355, -87.79445286281727 41.796623119901355)"
892664c1e0fffff,"H3:892664c1e0fffff (suc=286, lamba_ariza=66)",99.84,"LINESTRING (-87.6276278996002 41.89248407232753, -87.6276278996002 41.89248407232753)"
89275934d87ffff,"H3:89275934d87ffff (suc=1, lamba_ariza=17)",19.2,"LINESTRING (-87.83981567354573 41.96209861599933, -87.83981567354573 41.96209861599933)"
892664cc493ffff,"H3:892664cc493ffff (suc=73, lamba_ariza=28)",93.5,"LINESTRING (-87.60258394445219 41.81148176347371, -87.60258394445219 41.81148176347371)"
892664c84a7ffff,"H3:892664c84a7ffff (suc=31, lamba_ariza=15)",74.05,"LINESTRING (-87.742517322557 41.910973465915646, -87.742517322557 41.910973465915646)"
892664cd54bffff,"H3:892664cd54bffff (suc=13, lamba_ariza=31)",57.53,"LINESTRING (-87.68511124827413 41.793796990381914, -87.68511124827413 41.793796990381914)"
892664c1ecfffff,"H3:892664c1ecfffff (suc=28, lamba_ariza=13)",69.28,"LINESTRING (-87.63237205146329 41.899983936599874, -87.63237205146329 41.899983936599874)"
892664ca54bffff,"H3:892664ca54bffff (suc=12, lamba_ariza=14)",46.84,"LINESTRING (-87.70489126545773 41.94392795512181, -87.70489126545773 41.94392795512181)"
892664cc47bffff,"H3:892664cc47bffff (suc=29, lamba_ariza=18)",74.62,"LINESTRING (-87.62015957210482 41.797960685390464, -87.62015957210482 41.797960685390464)"
892664cd027ffff,"H3:892664cd027ffff (suc=29, lamba_ariza=32)",81.28,"LINESTRING (-87.69124680543776 41.77923248120214, -87.69124680543776 41.77923248120214)"
89266452d4bffff,"H3:89266452d4bffff (suc=4, lamba_ariza=13)",23.66,"LINESTRING (-87.7317336818926 41.74863998879405, -87.7317336818926 41.74863998879405)"
892664cb1a3ffff,"H3:892664cb1a3ffff (suc=21, lamba_ariza=15)",62.73,"LINESTRING (-87.76648384075725 41.929282769843354, -87.76648384075725 41.929282769843354)"
892664ca4d7ffff,"H3:892664ca4d7ffff (suc=33, lamba_ariza=19)",78.52,"LINESTRING (-87.71072433702425 41.967687484542516, -87.71072433702425 41.967687484542516)"
89266452313ffff,"H3:89266452313ffff (suc=6, lamba_ariza=8)",24.41,"LINESTRING (-87.78615908339401 41.7787441997056, -87.78615908339401 41.7787441997056)"
892664cf087ffff,"H3:892664cf087ffff (suc=42, lamba_ariza=48)",91.76,"LINESTRING (-87.64260961932128 41.83834045216003, -87.64260961932128 41.83834045216003)"
892664cc0c3ffff,"H3:892664cc0c3ffff (suc=50, lamba_ariza=33)",91.95,"LINESTRING (-87.62385458016443 41.78922260327386, -87.62385458016443 41.78922260327386)"
892664cd04bffff,"H3:892664cd04bffff (suc=9, lamba_ariza=16)",39.45,"LINESTRING (-87.71459295608773 41.78941506743496, -87.71459295608773 41.78941506743496)"
892664cd82fffff,"H3:892664cd82fffff (suc=30, lamba_ariza=24)",79.07,"LINESTRING (-87.6623002163256 41.72620993508753, -87.6623002163256 41.72620993508753)"
892664cde9bffff,"H3:892664cde9bffff (suc=21, lamba_ariza=40)",73.68,"LINESTRING (-87.68299391422626 41.76134743083015, -87.68299391422626 41.76134743083015)"
892664c801bffff,"H3:892664c801bffff (suc=31, lamba_ariza=20)",77.44,"LINESTRING (-87.76852311718295 41.89615578193282, -87.76852311718295 41.89615578193282)"
89275934d13ffff,"H3:89275934d13ffff (suc=0, lamba_ariza=1)",0.98,"LINESTRING (-87.84826306907898 41.96083195770896, -87.84826306907898 41.96083195770896)"
892664caeabffff,"H3:892664caeabffff (suc=16, lamba_ariza=14)",53.19,"LINESTRING (-87.69922680458683 41.90100689514464, -87.69922680458683 41.90100689514464)"
892664cde5bffff,"H3:892664cde5bffff (suc=4, lamba_ariza=4)",17.56,"LINESTRING (-87.70105546818756 41.75593437205094, -87.70105546818756 41.75593437205094)"
892664cf36bffff,"H3:892664cf36bffff (suc=37, lamba_ariza=18)",80.39,"LINESTRING (-87.6717728243057 41.80670100425848, -87.6717728243057 41.80670100425848)"
892664529cbffff,"H3:892664529cbffff (suc=2, lamba_ariza=23)",26.59,"LINESTRING (-87.7336422684333 41.73470867075494, -87.7336422684333 41.73470867075494)"
8926645234fffff,"H3:8926645234fffff (suc=1, lamba_ariza=6)",9.2,"LINESTRING (-87.80000311033922 41.773943567806356, -87.80000311033922 41.773943567806356)"
892664ca447ffff,"H3:892664ca447ffff (suc=17, lamba_ariza=11)",51.87,"LINESTRING (-87.71864145900035 41.958300178169075, -87.71864145900035 41.958300178169075)"
892664cc55bffff,"H3:892664cc55bffff (suc=11, lamba_ariza=3)",34.25,"LINESTRING (-87.60401906687298 41.78942456114768, -87.60401906687298 41.78942456114768)"
892664cadcfffff,"H3:892664cadcfffff (suc=50, lamba_ariza=45)",93.64,"LINESTRING (-87.66193043625753 41.895605752491186, -87.66193043625753 41.895605752491186)"
892664cc61bffff,"H3:892664cc61bffff (suc=12, lamba_ariza=10)",41.39,"LINESTRING (-87.64298109726349 41.800044756476986, -87.64298109726349 41.800044756476986)"
892664d9b7bffff,"H3:892664d9b7bffff (suc=14, lamba_ariza=6)",41.94,"LINESTRING (-87.77044013436179 41.96700171348516, -87.77044013436179 41.96700171348516)"
8926645213bffff,"H3:8926645213bffff (suc=9, lamba_ariza=10)",35.8,"LINESTRING (-87.75615427697909 41.775031597268786, -87.75615427697909 41.775031597268786)"
892664d8e63ffff,"H3:892664d8e63ffff (suc=22, lamba_ariza=11)",60.68,"LINESTRING (-87.69964393100452 41.99396851418227, -87.69964393100452 41.99396851418227)"
892664c896bffff,"H3:892664c896bffff (suc=6, lamba_ariza=11)",27.75,"LINESTRING (-87.72217333893373 41.81833227290518, -87.72217333893373 41.81833227290518)"
892664c868bffff,"H3:892664c868bffff (suc=6, lamba_ariza=14)",31.5,"LINESTRING (-87.78404907901376 41.9157177464726, -87.78404907901376 41.9157177464726)"
892664cdacbffff,"H3:892664cdacbffff (suc=15, lamba_ariza=9)",47.25,"LINESTRING (-87.70419861726172 41.73909046142245, -87.70419861726172 41.73909046142245)"
892664c88d3ffff,"H3:892664c88d3ffff (suc=32, lamba_ariza=6)",66.92,"LINESTRING (-87.73574372285489 41.85183373465993, -87.73574372285489 41.85183373465993)"
892664ca4cfffff,"H3:892664ca4cfffff (suc=27, lamba_ariza=12)",67.79,"LINESTRING (-87.71618181361787 41.96413915346298, -87.71618181361787 41.96413915346298)"
892664cd26bffff,"H3:892664cd26bffff (suc=15, lamba_ariza=20)",57.01,"LINESTRING (-87.73931777137831 41.77754161242889, -87.73931777137831 41.77754161242889)"
89275936bcbffff,"H3:89275936bcbffff (suc=0, lamba_ariza=1)",0.26,"LINESTRING (-87.84994435738587 41.98521852357624, -87.84994435738587 41.98521852357624)"
892664cb1cbffff,"H3:892664cb1cbffff (suc=11, lamba_ariza=22)",49.1,"LINESTRING (-87.78691973495857 41.93717499459561, -87.78691973495857 41.93717499459561)"
892664525afffff,"H3:892664525afffff (suc=6, lamba_ariza=8)",24.62,"LINESTRING (-87.73917212465929 41.796679902946124, -87.73917212465929 41.796679902946124)"
892664c8017ffff,"H3:892664c8017ffff (suc=45, lamba_ariza=20)",84.88,"LINESTRING (-87.76130890472292 41.89449765090548, -87.76130890472292 41.89449765090548)"
89266452d13ffff,"H3:89266452d13ffff (suc=1, lamba_ariza=25)",21.45,"LINESTRING (-87.71490443423403 41.75114516301315, -87.71490443423403 41.75114516301315)"
892664c1e37ffff,"H3:892664c1e37ffff (suc=51, lamba_ariza=26)",90.07,"LINESTRING (-87.61742869233609 41.8885250316601, -87.61742869233609 41.8885250316601)"
892664cb4d7ffff,"H3:892664cb4d7ffff (suc=6, lamba_ariza=18)",33.7,"LINESTRING (-87.79089321095708 41.97489579223477, -87.79089321095708 41.97489579223477)"
892664c1e87ffff,"H3:892664c1e87ffff (suc=3, lamba_ariza=3)",11.5,"LINESTRING (-87.61671299179652 41.89956602130859, -87.61671299179652 41.89956602130859)"
8926645600fffff,"H3:8926645600fffff (suc=16, lamba_ariza=24)",61.37,"LINESTRING (-87.63393724827019 41.68131369191512, -87.63393724827019 41.68131369191512)"
892664d9aa3ffff,"H3:892664d9aa3ffff (suc=8, lamba_ariza=22)",41.89,"LINESTRING (-87.77030683800491 41.9861828876787, -87.77030683800491 41.9861828876787)"
892664560cfffff,"H3:892664560cfffff (suc=9, lamba_ariza=4)",29.14,"LINESTRING (-87.63866072724706 41.68879540619071, -87.63866072724706 41.68879540619071)"
892664ca8bbffff,"H3:892664ca8bbffff (suc=10, lamba_ariza=6)",32.57,"LINESTRING (-87.67705734219709 41.88789397898174, -87.67705734219709 41.88789397898174)"
892664c850bffff,"H3:892664c850bffff (suc=1, lamba_ariza=4)",7.35,"LINESTRING (-87.74020901614848 41.89764338419803, -87.74020901614848 41.89764338419803)"
892664ccd2bffff,"H3:892664ccd2bffff (suc=2, lamba_ariza=38)",31.64,"LINESTRING (-87.5560723349298 41.7255408329477, -87.5560723349298 41.7255408329477)"
892664c8b27ffff,"H3:892664c8b27ffff (suc=8, lamba_ariza=5)",28.08,"LINESTRING (-87.73305008719991 41.81124928853954, -87.73305008719991 41.81124928853954)"
892664cf0cfffff,"H3:892664cf0cfffff (suc=7, lamba_ariza=36)",43.85,"LINESTRING (-87.6582471776503 41.83875571530438, -87.6582471776503 41.83875571530438)"
892664cd6c3ffff,"H3:892664cd6c3ffff (suc=18, lamba_ariza=28)",67.19,"LINESTRING (-87.72462444128148 41.8125038574812, -87.72462444128148 41.8125038574812)"
892664cc217ffff,"H3:892664cc217ffff (suc=19, lamba_ariza=4)",50.61,"LINESTRING (-87.64439646075489 41.77799121246528, -87.64439646075489 41.77799121246528)"
892664cf42fffff,"H3:892664cf42fffff (suc=26, lamba_ariza=36)",79.41,"LINESTRING (-87.6401463002974 41.8441696023411, -87.6401463002974 41.8441696023411)"
892664ca087ffff,"H3:892664ca087ffff (suc=7, lamba_ariza=3)",24.25,"LINESTRING (-87.70911664555713 41.94329977019872, -87.70911664555713 41.94329977019872)"
892664cb2afffff,"H3:892664cb2afffff (suc=8, lamba_ariza=23)",42.36,"LINESTRING (-87.8182527829057 41.93796115438619, -87.8182527829057 41.93796115438619)"
892664c1a03ffff,"H3:892664c1a03ffff (suc=59, lamba_ariza=20)",87.86,"LINESTRING (-87.63502864308958 41.87498774251565, -87.63502864308958 41.87498774251565)"
892664caa7bffff,"H3:892664caa7bffff (suc=97, lamba_ariza=26)",94.11,"LINESTRING (-87.72470599736933 41.87807834201846, -87.72470599736933 41.87807834201846)"
892664cde83ffff,"H3:892664cde83ffff (suc=8, lamba_ariza=12)",33.15,"LINESTRING (-87.68001151498756 41.75906047280363, -87.68001151498756 41.75906047280363)"
892664d8ea3ffff,"H3:892664d8ea3ffff (suc=42, lamba_ariza=13)",78.13,"LINESTRING (-87.68148883262886 41.9994021819493, -87.68148883262886 41.9994021819493)"
892664cc22bffff,"H3:892664cc22bffff (suc=44, lamba_ariza=27)",88.37,"LINESTRING (-87.64808507489099 41.769254810726224, -87.64808507489099 41.769254810726224)"
89266452c67ffff,"H3:89266452c67ffff (suc=28, lamba_ariza=2)",59.45,"LINESTRING (-87.74068619907185 41.75549556715729, -87.74068619907185 41.75549556715729)"
892664ca277ffff,"H3:892664ca277ffff (suc=8, lamba_ariza=12)",34.03,"LINESTRING (-87.75081885508347 41.928883570615945, -87.75081885508347 41.928883570615945)"
89266456467ffff,"H3:89266456467ffff (suc=7, lamba_ariza=13)",31.78,"LINESTRING (-87.62779578243857 41.69585820631012, -87.62779578243857 41.69585820631012)"
892664cb5d3ffff,"H3:892664cb5d3ffff (suc=17, lamba_ariza=30)",65.46,"LINESTRING (-87.77289273678846 41.9611617672715, -87.77289273678846 41.9611617672715)"
892664cd1a3ffff,"H3:892664cd1a3ffff (suc=21, lamba_ariza=6)",55.69,"LINESTRING (-87.6666815187513 41.77195799947933, -87.6666815187513 41.77195799947933)"
892664cb3abffff,"H3:892664cb3abffff (suc=17, lamba_ariza=20)",61.5,"LINESTRING (-87.80025979874046 41.9242371022009, -87.80025979874046 41.9242371022009)"
89266452dcbffff,"H3:89266452dcbffff (suc=2, lamba_ariza=0)",7.17,"LINESTRING (-87.72507923823909 41.75509031429629, -87.72507923823909 41.75509031429629)"
892664d9ba3ffff,"H3:892664d9ba3ffff (suc=6, lamba_ariza=13)",28.6,"LINESTRING (-87.74930818500981 41.970153718558294, -87.74930818500981 41.970153718558294)"
8926645649bffff,"H3:8926645649bffff (suc=15, lamba_ariza=24)",58.99,"LINESTRING (-87.62042080260822 41.71331486744637, -87.62042080260822 41.71331486744637)"
892664c8827ffff,"H3:892664c8827ffff (suc=0, lamba_ariza=7)",5.59,"LINESTRING (-87.72447259093038 41.8316505508972, -87.72447259093038 41.8316505508972)"
892664cc813ffff,"H3:892664cc813ffff (suc=36, lamba_ariza=34)",87.17,"LINESTRING (-87.58481136713614 41.732216127420934, -87.58481136713614 41.732216127420934)"
892664cd44fffff,"H3:892664cd44fffff (suc=20, lamba_ariza=24)",68.16,"LINESTRING (-87.70302447829755 41.807522372239255, -87.70302447829755 41.807522372239255)"
892664ca657ffff,"H3:892664ca657ffff (suc=15, lamba_ariza=12)",50.96,"LINESTRING (-87.74699499527803 41.956814616843545, -87.74699499527803 41.956814616843545)"
892664cd0cbffff,"H3:892664cd0cbffff (suc=8, lamba_ariza=31)",45.66,"LINESTRING (-87.70792996452346 41.7958680541945, -87.70792996452346 41.7958680541945)"
892664c838fffff,"H3:892664c838fffff (suc=7, lamba_ariza=10)",29.23,"LINESTRING (-87.76865689433357 41.8769952293672, -87.76865689433357 41.8769952293672)"
892664cb5b7ffff,"H3:892664cb5b7ffff (suc=19, lamba_ariza=18)",62.16,"LINESTRING (-87.75367511574532 41.950345867400586, -87.75367511574532 41.950345867400586)"
8926645658bffff,"H3:8926645658bffff (suc=16, lamba_ariza=1)",42.87,"LINESTRING (-87.6008203132451 41.69439207781207, -87.6008203132451 41.69439207781207)"
892664cad2bffff,"H3:892664cad2bffff (suc=53, lamba_ariza=19)",86.37,"LINESTRING (-87.65542470200721 41.88290077948227, -87.65542470200721 41.88290077948227)"
892664cf527ffff,"H3:892664cf527ffff (suc=55, lamba_ariza=12)",80.32,"LINESTRING (-87.61503345846967 41.82876128661271, -87.61503345846967 41.82876128661271)"
892664c1e5bffff,"H3:892664c1e5bffff (suc=15, lamba_ariza=10)",48.49,"LINESTRING (-87.64081809580188 41.89873374434836, -87.64081809580188 41.89873374434836)"
892664d9e23ffff,"H3:892664d9e23ffff (suc=0, lamba_ariza=15)",12.88,"LINESTRING (-87.76839911162975 42.00015690698043, -87.76839911162975 42.00015690698043)"
892664cab8fffff,"H3:892664cab8fffff (suc=32, lamba_ariza=2)",63.3,"LINESTRING (-87.68865688214359 41.869770039026754, -87.68865688214359 41.869770039026754)"
892664cc8d7ffff,"H3:892664cc8d7ffff (suc=42, lamba_ariza=45)",91.56,"LINESTRING (-87.58655559677993 41.73741550492033, -87.58655559677993 41.73741550492033)"
892664cd64fffff,"H3:892664cd64fffff (suc=9, lamba_ariza=11)",34.8,"LINESTRING (-87.73251192525838 41.80313473775563, -87.73251192525838 41.80313473775563)"
89266419087ffff,"H3:89266419087ffff (suc=2, lamba_ariza=0)",6.25,"LINESTRING (-87.54339310049785 41.68104608997339, -87.54339310049785 41.68104608997339)"
892664cd5c7ffff,"H3:892664cd5c7ffff (suc=13, lamba_ariza=16)",49.67,"LINESTRING (-87.67124538896815 41.79858599444563, -87.67124538896815 41.79858599444563)"
892664cf67bffff,"H3:892664cf67bffff (suc=9, lamba_ariza=26)",45.3,"LINESTRING (-87.68284717370328 41.8460358876624, -87.68284717370328 41.8460358876624)"
892664cd9cfffff,"H3:892664cd9cfffff (suc=18, lamba_ariza=28)",66.38,"LINESTRING (-87.65090766879524 41.725170294496834, -87.65090766879524 41.725170294496834)"
892664cea0fffff,"H3:892664cea0fffff (suc=58, lamba_ariza=24)",90.13,"LINESTRING (-87.57001006289819 41.767145343048554, -87.57001006289819 41.767145343048554)"
892664c8dabffff,"H3:892664c8dabffff (suc=36, lamba_ariza=38)",87.53,"LINESTRING (-87.69549759070138 41.84415701820982, -87.69549759070138 41.84415701820982)"
892664ca61bffff,"H3:892664ca61bffff (suc=3, lamba_ariza=3)",12.62,"LINESTRING (-87.74276929134919 41.95744433349762, -87.74276929134919 41.95744433349762)"
892664cf18bffff,"H3:892664cf18bffff (suc=10, lamba_ariza=19)",44.27,"LINESTRING (-87.62891612145606 41.82397645620672, -87.62891612145606 41.82397645620672)"
892664ca553ffff,"H3:892664ca553ffff (suc=10, lamba_ariza=17)",44.48,"LINESTRING (-87.6994351578633 41.94747480812884, -87.6994351578633 41.94747480812884)"
892664d8873ffff,"H3:892664d8873ffff (suc=5, lamba_ariza=0)",15.96,"LINESTRING (-87.67742969792614 41.980843654372876, -87.67742969792614 41.980843654372876)"
892664cb423ffff,"H3:892664cb423ffff (suc=6, lamba_ariza=15)",31.25,"LINESTRING (-87.7855682045935 41.95926880149397, -87.7855682045935 41.95926880149397)"
892664cd353ffff,"H3:892664cd353ffff (suc=11, lamba_ariza=15)",43.42,"LINESTRING (-87.7177333424969 41.77256413036642, -87.7177333424969 41.77256413036642)"
892664cc30bffff,"H3:892664cc30bffff (suc=31, lamba_ariza=9)",68.76,"LINESTRING (-87.63195054452859 41.760725271090216, -87.63195054452859 41.760725271090216)"
892664c10abffff,"H3:892664c10abffff (suc=0, lamba_ariza=1)",1.04,"LINESTRING (-87.6314689578749 41.9301977773782, -87.6314689578749 41.9301977773782)"
892664d984fffff,"H3:892664d984fffff (suc=0, lamba_ariza=3)",2.54,"LINESTRING (-87.76485165214653 41.989734626244655, -87.76485165214653 41.989734626244655)"
8926641932bffff,"H3:8926641932bffff (suc=7, lamba_ariza=17)",36.71,"LINESTRING (-87.56115794085636 41.648444825632666, -87.56115794085636 41.648444825632666)"
892664ccc67ffff,"H3:892664ccc67ffff (suc=29, lamba_ariza=7)",64.45,"LINESTRING (-87.58111318660094 41.74094710860297, -87.58111318660094 41.74094710860297)"
892664ca053ffff,"H3:892664ca053ffff (suc=23, lamba_ariza=12)",63.43,"LINESTRING (-87.7290126656346 41.94307555175389, -87.7290126656346 41.94307555175389)"
892664cd2b3ffff,"H3:892664cd2b3ffff (suc=19, lamba_ariza=12)",57.07,"LINESTRING (-87.7158183207367 41.78650192308682, -87.7158183207367 41.78650192308682)"
892664ccab3ffff,"H3:892664ccab3ffff (suc=14, lamba_ariza=11)",47.54,"LINESTRING (-87.60287740578734 41.72682034211997, -87.60287740578734 41.72682034211997)"
892664cdd13ffff,"H3:892664cdd13ffff (suc=10, lamba_ariza=5)",33.48,"LINESTRING (-87.63511972125988 41.74388081491413, -87.63511972125988 41.74388081491413)"
892664cea53ffff,"H3:892664cea53ffff (suc=9, lamba_ariza=2)",28.64,"LINESTRING (-87.57894574150747 41.77401616739679, -87.57894574150747 41.77401616739679)"
892664d8bc3ffff,"H3:892664d8bc3ffff (suc=11, lamba_ariza=13)",42.12,"LINESTRING (-87.6853565009566 41.97145664702143, -87.6853565009566 41.97145664702143)"
892664c8d27ffff,"H3:892664c8d27ffff (suc=3, lamba_ariza=6)",15.79,"LINESTRING (-87.69496559166971 41.83603872193207, -87.69496559166971 41.83603872193207)"
892664c1687ffff,"H3:892664c1687ffff (suc=30, lamba_ariza=15)",72.63,"LINESTRING (-87.6499468497089 41.9520812817484, -87.6499468497089 41.9520812817484)"
892664d89bbffff,"H3:892664d89bbffff (suc=4, lamba_ariza=2)",15.95,"LINESTRING (-87.64253967029916 41.96959509853729, -87.64253967029916 41.96959509853729)"
892664cac07ffff,"H3:892664cac07ffff (suc=42, lamba_ariza=34)",90.1,"LINESTRING (-87.67389392516057 41.90476849184466, -87.67389392516057 41.90476849184466)"
892664d9bafffff,"H3:892664d9bafffff (suc=6, lamba_ariza=9)",25.58,"LINESTRING (-87.7505360509448 41.96723373011832, -87.7505360509448 41.96723373011832)"
892664cc0abffff,"H3:892664cc0abffff (suc=37, lamba_ariza=24)",84.11,"LINESTRING (-87.61192939251968 41.7800651334718, -87.61192939251968 41.7800651334718)"
892664ca0b3ffff,"H3:892664ca0b3ffff (suc=14, lamba_ariza=20)",55.89,"LINESTRING (-87.70612137766705 41.94100923401794, -87.70612137766705 41.94100923401794)"
892664caeb7ffff,"H3:892664caeb7ffff (suc=40, lamba_ariza=31)",88.5,"LINESTRING (-87.69078314647925 41.90226133427547, -87.69078314647925 41.90226133427547)"
892664d887bffff,"H3:892664d887bffff (suc=12, lamba_ariza=9)",40.16,"LINESTRING (-87.68165911955529 41.98021598566255, -87.68165911955529 41.98021598566255)"
892664cac63ffff,"H3:892664cac63ffff (suc=27, lamba_ariza=23)",76.61,"LINESTRING (-87.68356938248962 41.90059811071863, -87.68356938248962 41.90059811071863)"
892759369cfffff,"H3:892759369cfffff (suc=0, lamba_ariza=4)",3.27,"LINESTRING (-87.81735734873203 41.98736351551587, -87.81735734873203 41.98736351551587)"
892664570b7ffff,"H3:892664570b7ffff (suc=4, lamba_ariza=10)",20.51,"LINESTRING (-87.69680504846612 41.69107910635136, -87.69680504846612 41.69107910635136)"
892664cf037ffff,"H3:892664cf037ffff (suc=13, lamba_ariza=15)",47.68,"LINESTRING (-87.64331814627127 41.827307818949514, -87.64331814627127 41.827307818949514)"
892664d8c03ffff,"H3:892664d8c03ffff (suc=21, lamba_ariza=27)",71.35,"LINESTRING (-87.66332864483797 42.00483358343957, -87.66332864483797 42.00483358343957)"
892664cc633ffff,"H3:892664cc633ffff (suc=44, lamba_ariza=6)",72.8,"LINESTRING (-87.63403228442355 41.79317756959752, -87.63403228442355 41.79317756959752)"
892664c16c3ffff,"H3:892664c16c3ffff (suc=26, lamba_ariza=18)",72.0,"LINESTRING (-87.66438963936301 41.95541276114043, -87.66438963936301 41.95541276114043)"
892664cd6c7ffff,"H3:892664cd6c7ffff (suc=11, lamba_ariza=45)",54.68,"LINESTRING (-87.72163698941421 41.810216874050916, -87.72163698941421 41.810216874050916)"
892664cac53ffff,"H3:892664cac53ffff (suc=49, lamba_ariza=16)",83.38,"LINESTRING (-87.68709238113365 41.91101322970524, -87.68709238113365 41.91101322970524)"
892664d99abffff,"H3:892664d99abffff (suc=7, lamba_ariza=21)",39.01,"LINESTRING (-87.72394457202628 41.973931383102276, -87.72394457202628 41.973931383102276)"
892664ca4abffff,"H3:892664ca4abffff (suc=5, lamba_ariza=15)",30.08,"LINESTRING (-87.70296517865565 41.95789487419412, -87.70296517865565 41.95789487419412)"
892664c1a2bffff,"H3:892664c1a2bffff (suc=7, lamba_ariza=5)",24.8,"LINESTRING (-87.63450683899711 41.866865576240365, -87.63450683899711 41.866865576240365)"
892664cabafffff,"H3:892664cabafffff (suc=1, lamba_ariza=2)",2.31,"LINESTRING (-87.68390736058377 41.86227555271806, -87.68390736058377 41.86227555271806)"
892664c8edbffff,"H3:892664c8edbffff (suc=3, lamba_ariza=0)",11.16,"LINESTRING (-87.76090181008658 41.8672169725895, -87.76090181008658 41.8672169725895)"
892664ca48bffff,"H3:892664ca48bffff (suc=13, lamba_ariza=12)",44.91,"LINESTRING (-87.70772741848918 41.96539641784187, -87.70772741848918 41.96539641784187)"
892664cebcbffff,"H3:892664cebcbffff (suc=24, lamba_ariza=13)",65.28,"LINESTRING (-87.55686463210733 41.7608948028258, -87.55686463210733 41.7608948028258)"
892664cc4c3ffff,"H3:892664cc4c3ffff (suc=80, lamba_ariza=21)",90.44,"LINESTRING (-87.6152306691611 41.80961283213405, -87.6152306691611 41.80961283213405)"
892664cd817ffff,"H3:892664cd817ffff (suc=27, lamba_ariza=14)",68.98,"LINESTRING (-87.66159779171859 41.73722889334327, -87.66159779171859 41.73722889334327)"
892664c8db7ffff,"H3:892664c8db7ffff (suc=8, lamba_ariza=10)",32.84,"LINESTRING (-87.68706413773828 41.845409740819335, -87.68706413773828 41.845409740819335)"
8926645719bffff,"H3:8926645719bffff (suc=1, lamba_ariza=1)",2.61,"LINESTRING (-87.68787050614705 41.684224379671974, -87.68787050614705 41.684224379671974)"
8926645660bffff,"H3:8926645660bffff (suc=6, lamba_ariza=23)",36.5,"LINESTRING (-87.6577485193073 41.69960415729363, -87.6577485193073 41.69960415729363)"
89275936d1bffff,"H3:89275936d1bffff (suc=2, lamba_ariza=6)",10.59,"LINESTRING (-87.80578258120089 42.00552470514808, -87.80578258120089 42.00552470514808)"
892664ca8afffff,"H3:892664ca8afffff (suc=33, lamba_ariza=4)",65.89,"LINESTRING (-87.67529761682724 41.88268745620901, -87.67529761682724 41.88268745620901)"
892664ca643ffff,"H3:892664ca643ffff (suc=14, lamba_ariza=15)",50.06,"LINESTRING (-87.75122053949856 41.956184756601374, -87.75122053949856 41.956184756601374)"
892664c8503ffff,"H3:892664c8503ffff (suc=35, lamba_ariza=24)",82.69,"LINESTRING (-87.73598856058629 41.898272101381735, -87.73598856058629 41.898272101381735)"
892664ce32fffff,"H3:892664ce32fffff (suc=4, lamba_ariza=1)",13.83,"LINESTRING (-87.57749904858704 41.7960696135649, -87.57749904858704 41.7960696135649)"
892664cf64bffff,"H3:892664cf64bffff (suc=32, lamba_ariza=3)",64.23,"LINESTRING (-87.68882371768125 41.85061376002123, -87.68882371768125 41.85061376002123)"
892664c8507ffff,"H3:892664c8507ffff (suc=18, lamba_ariza=19)",61.51,"LINESTRING (-87.73299507978908 41.895983406415056, -87.73299507978908 41.895983406415056)"
892664d8c27ffff,"H3:892664d8c27ffff (suc=23, lamba_ariza=8)",59.71,"LINESTRING (-87.65557239521422 41.995033225345885, -87.65557239521422 41.995033225345885)"
892664cf1c3ffff,"H3:892664cf1c3ffff (suc=7, lamba_ariza=9)",28.08,"LINESTRING (-87.6361169383465 41.82564236055847, -87.6361169383465 41.82564236055847)"
892664cdb37ffff,"H3:892664cdb37ffff (suc=3, lamba_ariza=8)",16.16,"LINESTRING (-87.6654557508847 41.70937244249951, -87.6654557508847 41.70937244249951)"
892664cc573ffff,"H3:892664cc573ffff (suc=32, lamba_ariza=8)",68.1,"LINESTRING (-87.5950772366014 41.78255478442498, -87.5950772366014 41.78255478442498)"
892664ca14fffff,"H3:892664ca14fffff (suc=20, lamba_ariza=11)",58.47,"LINESTRING (-87.71050453883082 41.92120901664593, -87.71050453883082 41.92120901664593)"
892664cb0afffff,"H3:892664cb0afffff (suc=11, lamba_ariza=30)",51.76,"LINESTRING (-87.78869364149261 41.942382361893294, -87.78869364149261 41.942382361893294)"
892664c1257ffff,"H3:892664c1257ffff (suc=7, lamba_ariza=2)",23.32,"LINESTRING (-87.67548181613289 41.92914659856242, -87.67548181613289 41.92914659856242)"
89266456687ffff,"H3:89266456687ffff (suc=19, lamba_ariza=15)",60.32,"LINESTRING (-87.64390710452369 41.70438297605376, -87.64390710452369 41.70438297605376)"
892664c1b53ffff,"H3:892664c1b53ffff (suc=44, lamba_ariza=23)",86.41,"LINESTRING (-87.62431286874791 41.862908072396834, -87.62431286874791 41.862908072396834)"
892664d8a73ffff,"H3:892664d8a73ffff (suc=11, lamba_ariza=9)",39.15,"LINESTRING (-87.70703230418188 41.97644695061789, -87.70703230418188 41.97644695061789)"
892664ca243ffff,"H3:892664ca243ffff (suc=19, lamba_ariza=24)",65.83,"LINESTRING (-87.75980877508633 41.93575035441669, -87.75980877508633 41.93575035441669)"
892664c807bffff,"H3:892664c807bffff (suc=5, lamba_ariza=12)",24.77,"LINESTRING (-87.77519109793994 41.889691159094454, -87.77519109793994 41.889691159094454)"
892664cababffff,"H3:892664cababffff (suc=17, lamba_ariza=16)",57.5,"LINESTRING (-87.68689659069413 41.8645648605397, -87.68689659069413 41.8645648605397)"
892664d9ec7ffff,"H3:892664d9ec7ffff (suc=0, lamba_ariza=3)",2.01,"LINESTRING (-87.77495070835695 42.012870558976005, -87.77495070835695 42.012870558976005)"
892664cce77ffff,"H3:892664cce77ffff (suc=11, lamba_ariza=13)",41.89,"LINESTRING (-87.60934764063455 41.739506487962196, -87.60934764063455 41.739506487962196)"
892664caab7ffff,"H3:892664caab7ffff (suc=33, lamba_ariza=25)",82.39,"LINESTRING (-87.69938936438456 41.881843665410805, -87.69938936438456 41.881843665410805)"
892664d9bc7ffff,"H3:892664d9bc7ffff (suc=5, lamba_ariza=7)",21.21,"LINESTRING (-87.76253307724058 41.97639303361682, -87.76253307724058 41.97639303361682)"
892664cc43bffff,"H3:892664cc43bffff (suc=4, lamba_ariza=1)",12.86,"LINESTRING (-87.60874909996568 41.796916931770255, -87.60874909996568 41.796916931770255)"
892664ce2d3ffff,"H3:892664ce2d3ffff (suc=0, lamba_ariza=2)",1.6,"LINESTRING (-87.60536522576595 41.832921821357154, -87.60536522576595 41.832921821357154)"
892664d993bffff,"H3:892664d993bffff (suc=12, lamba_ariza=25)",52.21,"LINESTRING (-87.72940159148213 41.97038217741292, -87.72940159148213 41.97038217741292)"
892664cf6b7ffff,"H3:892664cf6b7ffff (suc=2, lamba_ariza=0)",5.26,"LINESTRING (-87.65754206606192 41.84978976510226, -87.65754206606192 41.84978976510226)"
892664c1a7bffff,"H3:892664c1a7bffff (suc=13, lamba_ariza=3)",38.33,"LINESTRING (-87.64470229924896 41.870822267014354, -87.64470229924896 41.870822267014354)"
892664cc847ffff,"H3:892664cc847ffff (suc=10, lamba_ariza=7)",34.53,"LINESTRING (-87.59446090439837 41.728063454156384, -87.59446090439837 41.728063454156384)"
892664cd087ffff,"H3:892664cd087ffff (suc=16, lamba_ariza=15)",55.55,"LINESTRING (-87.68932339506543 41.79317142908817, -87.68932339506543 41.79317142908817)"
892664cb483ffff,"H3:892664cb483ffff (suc=3, lamba_ariza=5)",14.52,"LINESTRING (-87.78366628323342 41.97323825612874, -87.78366628323342 41.97323825612874)"
8926645257bffff,"H3:8926645257bffff (suc=7, lamba_ariza=25)",40.68,"LINESTRING (-87.7590034732935 41.79645453865388, -87.7590034732935 41.79645453865388)"
892664c16d7ffff,"H3:892664c16d7ffff (suc=0, lamba_ariza=1)",0.27,"LINESTRING (-87.660162075109 41.95603949447575, -87.660162075109 41.95603949447575)"
892664cd3abffff,"H3:892664cd3abffff (suc=0, lamba_ariza=1)",0.56,"LINESTRING (-87.70036189688977 41.76695701987495, -87.70036189688977 41.76695701987495)"
8926641b213ffff,"H3:8926641b213ffff (suc=10, lamba_ariza=14)",41.63,"LINESTRING (-87.53452217421808 41.7205297086612, -87.53452217421808 41.7205297086612)"
892664cd247ffff,"H3:892664cd247ffff (suc=8, lamba_ariza=11)",34.48,"LINESTRING (-87.73687046327635 41.78336767085936, -87.73687046327635 41.78336767085936)"
89275936b3bffff,"H3:89275936b3bffff (suc=2, lamba_ariza=11)",17.84,"LINESTRING (-87.83915246013646 41.97314767047074, -87.83915246013646 41.97314767047074)"
892664cda57ffff,"H3:892664cda57ffff (suc=4, lamba_ariza=2)",13.89,"LINESTRING (-87.70244161597529 41.73389352415341, -87.70244161597529 41.73389352415341)"
892664c8d1bffff,"H3:892664c8d1bffff (suc=42, lamba_ariza=8)",74.1,"LINESTRING (-87.70569172013943 41.848107225335504, -87.70569172013943 41.848107225335504)"
892664c8137ffff,"H3:892664c8137ffff (suc=43, lamba_ariza=34)",90.29,"LINESTRING (-87.73559635833871 41.87098924211052, -87.73559635833871 41.87098924211052)"
892664cc117ffff,"H3:892664cc117ffff (suc=16, lamba_ariza=15)",54.44,"LINESTRING (-87.59404980775703 41.766328009777226, -87.59404980775703 41.766328009777226)"
892664cf28fffff,"H3:892664cf28fffff (suc=13, lamba_ariza=25)",54.33,"LINESTRING (-87.67634300431514 41.833339581999056, -87.67634300431514 41.833339581999056)"
892664cb43bffff,"H3:892664cb43bffff (suc=2, lamba_ariza=6)",12.69,"LINESTRING (-87.78856800652976 41.96155747648135, -87.78856800652976 41.96155747648135)"
892664d8eabffff,"H3:892664d8eabffff (suc=49, lamba_ariza=13)",80.59,"LINESTRING (-87.68571985779401 41.9987741315137, -87.68571985779401 41.9987741315137)"
89266452157ffff,"H3:89266452157ffff (suc=15, lamba_ariza=17)",53.78,"LINESTRING (-87.765114980237 41.7818869595038, -87.765114980237 41.7818869595038)"
892664d9b4bffff,"H3:892664d9b4bffff (suc=7, lamba_ariza=4)",24.48,"LINESTRING (-87.7764397444314 41.97158026973092, -87.7764397444314 41.97158026973092)"
892664caaabffff,"H3:892664caaabffff (suc=50, lamba_ariza=56)",94.32,"LINESTRING (-87.70782887734612 41.88058913022934, -87.70782887734612 41.88058913022934)"
892664cc527ffff,"H3:892664cc527ffff (suc=0, lamba_ariza=2)",1.49,"LINESTRING (-87.58192484747174 41.776306381325206, -87.58192484747174 41.776306381325206)"
892664cf577ffff,"H3:892664cf577ffff (suc=16, lamba_ariza=0)",42.33,"LINESTRING (-87.62521933770957 41.83271846138903, -87.62521933770957 41.83271846138903)"
89266419ed7ffff,"H3:89266419ed7ffff (suc=4, lamba_ariza=7)",18.86,"LINESTRING (-87.54137937128164 41.648632275333696, -87.54137937128164 41.648632275333696)"
892664d9a2fffff,"H3:892664d9a2fffff (suc=0, lamba_ariza=20)",16.75,"LINESTRING (-87.778213837141 41.976789931454405, -87.778213837141 41.976789931454405)"
892664ca583ffff,"H3:892664ca583ffff (suc=16, lamba_ariza=24)",61.92,"LINESTRING (-87.68253022209845 41.949985508420745, -87.68253022209845 41.949985508420745)"
892664cd2cbffff,"H3:892664cd2cbffff (suc=7, lamba_ariza=15)",35.25,"LINESTRING (-87.73740915411628 41.791480237124446, -87.73740915411628 41.791480237124446)"
892664c1e47ffff,"H3:892664c1e47ffff (suc=152, lamba_ariza=16)",88.57,"LINESTRING (-87.63483937658236 41.89415082177544, -87.63483937658236 41.89415082177544)"
892664cc053ffff,"H3:892664cc053ffff (suc=19, lamba_ariza=32)",69.03,"LINESTRING (-87.62929883281379 41.78568678555718, -87.62929883281379 41.78568678555718)"
892664cc453ffff,"H3:892664cc453ffff (suc=52, lamba_ariza=24)",89.48,"LINESTRING (-87.62067809855054 41.8060763784788, -87.62067809855054 41.8060763784788)"
892664d9b8bffff,"H3:892664d9b8bffff (suc=3, lamba_ariza=11)",19.41,"LINESTRING (-87.75830595590709 41.977023558153284, -87.75830595590709 41.977023558153284)"
892664ccc37ffff,"H3:892664ccc37ffff (suc=12, lamba_ariza=58)",57.65,"LINESTRING (-87.56848279113885 41.742809767469936, -87.56848279113885 41.742809767469936)"
892664c8b0bffff,"H3:892664c8b0bffff (suc=1, lamba_ariza=5)",4.49,"LINESTRING (-87.74500372094231 41.82039581861807, -87.74500372094231 41.82039581861807)"
892664ca077ffff,"H3:892664ca077ffff (suc=16, lamba_ariza=7)",48.2,"LINESTRING (-87.72125411664776 41.933287036954205, -87.72125411664776 41.933287036954205)"
892664cd1b7ffff,"H3:892664cd1b7ffff (suc=51, lamba_ariza=24)",89.04,"LINESTRING (-87.66247076164565 41.77258248079028, -87.66247076164565 41.77258248079028)"
892664cd5a7ffff,"H3:892664cd5a7ffff (suc=29, lamba_ariza=9)",66.34,"LINESTRING (-87.65509727434016 41.790057507905985, -87.65509727434016 41.790057507905985)"
892664cf567ffff,"H3:892664cf567ffff (suc=36, lamba_ariza=36)",87.55,"LINESTRING (-87.62645175807515 41.829804361854336, -87.62645175807515 41.829804361854336)"
892664cdbafffff,"H3:892664cdbafffff (suc=0, lamba_ariza=21)",17.23,"LINESTRING (-87.66422910706963 41.71228240234791, -87.66422910706963 41.71228240234791)"
892664cce6bffff,"H3:892664cce6bffff (suc=10, lamba_ariza=15)",41.88,"LINESTRING (-87.6177655145814 41.73826202152177, -87.6177655145814 41.73826202152177)"
8926641b267ffff,"H3:8926641b267ffff (suc=5, lamba_ariza=13)",27.13,"LINESTRING (-87.53946286860096 41.70889292183861, -87.53946286860096 41.70889292183861)"
892664cd80fffff,"H3:892664cd80fffff (suc=14, lamba_ariza=20)",55.44,"LINESTRING (-87.66703253735254 41.73369402968196, -87.66703253735254 41.73369402968196)"
892664cb537ffff,"H3:892664cb537ffff (suc=17, lamba_ariza=22)",62.65,"LINESTRING (-87.76035325329472 41.943877338440394, -87.76035325329472 41.943877338440394)"
892664ce23bffff,"H3:892664ce23bffff (suc=30, lamba_ariza=15)",72.39,"LINESTRING (-87.60011676814817 41.817308380889735, -87.60011676814817 41.817308380889735)"
89266452567ffff,"H3:89266452567ffff (suc=3, lamba_ariza=0)",10.94,"LINESTRING (-87.75302802871676 41.79188328255823, -87.75302802871676 41.79188328255823)"
892664cf1a3ffff,"H3:892664cf1a3ffff (suc=77, lamba_ariza=19)",88.8,"LINESTRING (-87.61996445506553 41.81710634335119, -87.61996445506553 41.81710634335119)"
892664cc003ffff,"H3:892664cc003ffff (suc=28, lamba_ariza=43)",82.68,"LINESTRING (-87.6191230630915 41.78173164161253, -87.6191230630915 41.78173164161253)"
892664caba3ffff,"H3:892664caba3ffff (suc=7, lamba_ariza=7)",25.59,"LINESTRING (-87.6826778741308 41.865191245526844, -87.6826778741308 41.865191245526844)"
892664cd54fffff,"H3:892664cd54fffff (suc=16, lamba_ariza=24)",61.27,"LINESTRING (-87.682126666475 41.791509317679775, -87.682126666475 41.791509317679775)"
892664c8c37ffff,"H3:892664c8c37ffff (suc=42, lamba_ariza=53)",91.77,"LINESTRING (-87.71466023505106 41.85497216294324, -87.71466023505106 41.85497216294324)"
892664cc99bffff,"H3:892664cc99bffff (suc=6, lamba_ariza=26)",38.51,"LINESTRING (-87.5615151786299 41.72201106286145, -87.5615151786299 41.72201106286145)"
892664c8033ffff,"H3:892664c8033ffff (suc=16, lamba_ariza=26)",62.77,"LINESTRING (-87.75953980148623 41.889292564468676, -87.75953980148623 41.889292564468676)"
892664cdb17ffff,"H3:892664cdb17ffff (suc=3, lamba_ariza=23)",29.44,"LINESTRING (-87.67018682315698 41.71685495225212, -87.67018682315698 41.71685495225212)"
892664cb247ffff,"H3:892664cb247ffff (suc=0, lamba_ariza=16)",13.94,"LINESTRING (-87.8369192597874 41.94063780393812, -87.8369192597874 41.94063780393812)"
892664ca4c7ffff,"H3:892664ca4c7ffff (suc=14, lamba_ariza=22)",56.96,"LINESTRING (-87.71195469576396 41.964767857533026, -87.71195469576396 41.964767857533026)"
892664cea5bffff,"H3:892664cea5bffff (suc=69, lamba_ariza=37)",95.54,"LINESTRING (-87.58315862232378 41.773394654128275, -87.58315862232378 41.773394654128275)"
89266456443ffff,"H3:89266456443ffff (suc=4, lamba_ariza=29)",33.7,"LINESTRING (-87.6354966383463 41.70562844702893, -87.6354966383463 41.70562844702893)"
892664566dbffff,"H3:892664566dbffff (suc=5, lamba_ariza=8)",21.98,"LINESTRING (-87.66125065754564 41.70999608161631, -87.66125065754564 41.70999608161631)"
892664cc66fffff,"H3:892664cc66fffff (suc=31, lamba_ariza=15)",73.96,"LINESTRING (-87.64790165162218 41.78839322485099, -87.64790165162218 41.78839322485099)"
892664cb143ffff,"H3:892664cb143ffff (suc=20, lamba_ariza=21)",65.57,"LINESTRING (-87.78936856883709 41.931336990827965, -87.78936856883709 41.931336990827965)"
89266456593ffff,"H3:89266456593ffff (suc=17, lamba_ariza=0)",43.33,"LINESTRING (-87.5953842400803 41.697922165896266, -87.5953842400803 41.697922165896266)"
892664c8e93ffff,"H3:892664c8e93ffff (suc=10, lamba_ariza=12)",38.58,"LINESTRING (-87.74525769314619 41.86681610094029, -87.74525769314619 41.86681610094029)"
892664ca18fffff,"H3:892664ca18fffff (suc=18, lamba_ariza=11)",54.66,"LINESTRING (-87.69237980200005 41.92663797135211, -87.69237980200005 41.92663797135211)"
8926645617bffff,"H3:8926645617bffff (suc=15, lamba_ariza=69)",65.27,"LINESTRING (-87.62152087793258 41.66406510360657, -87.62152087793258 41.66406510360657)"
892664c1bc7ffff,"H3:892664c1bc7ffff (suc=25, lamba_ariza=0)",55.2,"LINESTRING (-87.61587258260901 41.86415617223925, -87.61587258260901 41.86415617223925)"
892664cf0afffff,"H3:892664cf0afffff (suc=22, lamba_ariza=18)",67.12,"LINESTRING (-87.64208690708722 41.83022194678138, -87.64208690708722 41.83022194678138)"
892664ca567ffff,"H3:892664ca567ffff (suc=6, lamba_ariza=11)",28.51,"LINESTRING (-87.69291239384268 41.93476507124546, -87.69291239384268 41.93476507124546)"
89266419167ffff,"H3:89266419167ffff (suc=7, lamba_ariza=31)",43.56,"LINESTRING (-87.53594334750775 41.652157556387266, -87.53594334750775 41.652157556387266)"
892664c1bd3ffff,"H3:892664c1bd3ffff (suc=3, lamba_ariza=4)",13.42,"LINESTRING (-87.61762516374921 41.869362864794674, -87.61762516374921 41.869362864794674)"
892664c116bffff,"H3:892664c116bffff (suc=7, lamba_ariza=29)",42.21,"LINESTRING (-87.62866986697709 41.908734340470474, -87.62866986697709 41.908734340470474)"
8926645606fffff,"H3:8926645606fffff (suc=21, lamba_ariza=30)",71.72,"LINESTRING (-87.64059528139533 41.67487426246478, -87.64059528139533 41.67487426246478)"
8926641954fffff,"H3:8926641954fffff (suc=0, lamba_ariza=1)",0.23,"LINESTRING (-87.53621645844338 41.67937585133229, -87.53621645844338 41.67937585133229)"
89275936ddbffff,"H3:89275936ddbffff (suc=2, lamba_ariza=34)",27.57,"LINESTRING (-87.8105652408704 42.01302500917331, -87.8105652408704 42.01302500917331)"
892664cf373ffff,"H3:892664cf373ffff (suc=35, lamba_ariza=92)",89.02,"LINESTRING (-87.66632991836019 41.810239678509404, -87.66632991836019 41.810239678509404)"
892664d8c77ffff,"H3:892664d8c77ffff (suc=28, lamba_ariza=17)",72.28,"LINESTRING (-87.66579747258898 41.99899239858664, -87.66579747258898 41.99899239858664)"
892664c122fffff,"H3:892664c122fffff (suc=4, lamba_ariza=5)",16.16,"LINESTRING (-87.66474395798905 41.917064171397165, -87.66474395798905 41.917064171397165)"
892664ccc63ffff,"H3:892664ccc63ffff (suc=24, lamba_ariza=38)",77.66,"LINESTRING (-87.58409025487202 41.74323646738682, -87.58409025487202 41.74323646738682)"
892664cb2cbffff,"H3:892664cb2cbffff (suc=0, lamba_ariza=10)",8.65,"LINESTRING (-87.83747726615569 41.94876410744022, -87.83747726615569 41.94876410744022)"
8926645755bffff,"H3:8926645755bffff (suc=2, lamba_ariza=18)",21.52,"LINESTRING (-87.69733570204127 41.699183275969766, -87.69733570204127 41.699183275969766)"
892664ca607ffff,"H3:892664ca607ffff (suc=14, lamba_ariza=16)",51.84,"LINESTRING (-87.7367743558927 41.95286450088476, -87.7367743558927 41.95286450088476)"
892664ca9dbffff,"H3:892664ca9dbffff (suc=21, lamba_ariza=6)",54.78,"LINESTRING (-87.67230770308157 41.88039738382673, -87.67230770308157 41.88039738382673)"
892664cf4a7ffff,"H3:892664cf4a7ffff (suc=3, lamba_ariza=2)",13.26,"LINESTRING (-87.62924505518609 41.85124787401569, -87.62924505518609 41.85124787401569)"
892664ca397ffff,"H3:892664ca397ffff (suc=21, lamba_ariza=22)",68.73,"LINESTRING (-87.71649315053382 41.92578886652384, -87.71649315053382 41.92578886652384)"
892664cabd3ffff,"H3:892664cabd3ffff (suc=38, lamba_ariza=40)",88.97,"LINESTRING (-87.69762745037207 41.87663799226708, -87.69762745037207 41.87663799226708)"
892664cdc6fffff,"H3:892664cdc6fffff (suc=58, lamba_ariza=14)",82.66,"LINESTRING (-87.66510361127702 41.74762522014141, -87.66510361127702 41.74762522014141)"
89266452807ffff,"H3:89266452807ffff (suc=5, lamba_ariza=4)",18.36,"LINESTRING (-87.7425923294948 41.74156308576384, -87.7425923294948 41.74156308576384)"
892664ca1a7ffff,"H3:892664ca1a7ffff (suc=19, lamba_ariza=12)",57.34,"LINESTRING (-87.68340018288194 41.91976600412559, -87.68340018288194 41.91976600412559)"
892664caaa7ffff,"H3:892664caaa7ffff (suc=39, lamba_ariza=13)",76.88,"LINESTRING (-87.70061818818972 41.8789272466941, -87.70061818818972 41.8789272466941)"
892664c88b3ffff,"H3:892664c88b3ffff (suc=26, lamba_ariza=18)",71.36,"LINESTRING (-87.71956768092494 41.84331057285279, -87.71956768092494 41.84331057285279)"
892664d8327ffff,"H3:892664d8327ffff (suc=1, lamba_ariza=7)",5.66,"LINESTRING (-87.70617681563061 42.006686268665604, -87.70617681563061 42.006686268665604)"
892664575dbffff,"H3:892664575dbffff (suc=2, lamba_ariza=12)",15.3,"LINESTRING (-87.6906830080533 41.70562762492121, -87.6906830080533 41.70562762492121)"
892664ca667ffff,"H3:892664ca667ffff (suc=2, lamba_ariza=25)",27.17,"LINESTRING (-87.74345550660075 41.94639659980572, -87.74345550660075 41.94639659980572)"
892664cdcc7ffff,"H3:892664cdcc7ffff (suc=18, lamba_ariza=25)",64.8,"LINESTRING (-87.65896361934145 41.762183014013594, -87.65896361934145 41.762183014013594)"
8927593698bffff,"H3:8927593698bffff (suc=6, lamba_ariza=1)",18.8,"LINESTRING (-87.80890359254236 41.988628637876914, -87.80890359254236 41.988628637876914)"
892664d8e5bffff,"H3:892664d8e5bffff (suc=1, lamba_ariza=9)",8.06,"LINESTRING (-87.7074085162596 42.00376525632039, -87.7074085162596 42.00376525632039)"
892664d9913ffff,"H3:892664d9913ffff (suc=2, lamba_ariza=1)",6.32,"LINESTRING (-87.72994116202383 41.97851295155033, -87.72994116202383 41.97851295155033)"
892664cc6c7ffff,"H3:892664cc6c7ffff (suc=4, lamba_ariza=9)",20.95,"LINESTRING (-87.64175056176516 41.80295788431675, -87.64175056176516 41.80295788431675)"
892664d8a97ffff,"H3:892664d8a97ffff (suc=25, lamba_ariza=13)",65.87,"LINESTRING (-87.69065028531864 41.987092395355624, -87.69065028531864 41.987092395355624)"
892664c8bafffff,"H3:892664c8bafffff (suc=4, lamba_ariza=5)",18.34,"LINESTRING (-87.73060016525623 41.81707773003041, -87.73060016525623 41.81707773003041)"
892664d8ad7ffff,"H3:892664d8ad7ffff (suc=14, lamba_ariza=12)",47.75,"LINESTRING (-87.70210736048958 41.98812760328974, -87.70210736048958 41.98812760328974)"
892664c809bffff,"H3:892664c809bffff (suc=23, lamba_ariza=21)",70.66,"LINESTRING (-87.76185315848069 41.902620627530446, -87.76185315848069 41.902620627530446)"
892664cce27ffff,"H3:892664cce27ffff (suc=2, lamba_ariza=25)",26.54,"LINESTRING (-87.59918323028712 41.7355511140248, -87.59918323028712 41.7355511140248)"
892664cdc3bffff,"H3:892664cdc3bffff (suc=45, lamba_ariza=12)",78.36,"LINESTRING (-87.65545802332687 41.75178465599727, -87.65545802332687 41.75178465599727)"
892664cb017ffff,"H3:892664cb017ffff (suc=1, lamba_ariza=12)",14.05,"LINESTRING (-87.79469158872232 41.946958701506745, -87.79469158872232 41.946958701506745)"
892664560c7ffff,"H3:892664560c7ffff (suc=13, lamba_ariza=20)",51.55,"LINESTRING (-87.63445686359351 41.68941782688156, -87.63445686359351 41.68941782688156)"
892664cded7ffff,"H3:892664cded7ffff (suc=12, lamba_ariza=18)",48.22,"LINESTRING (-87.68720315707134 41.76072235962322, -87.68720315707134 41.76072235962322)"
892664d8953ffff,"H3:892664d8953ffff (suc=17, lamba_ariza=24)",63.59,"LINESTRING (-87.66121685728129 41.97230108771873, -87.66121685728129 41.97230108771873)"
892664d9a37ffff,"H3:892664d9a37ffff (suc=2, lamba_ariza=19)",22.11,"LINESTRING (-87.77276047759422 41.98034154756407, -87.77276047759422 41.98034154756407)"
892664cc817ffff,"H3:892664cc817ffff (suc=13, lamba_ariza=40)",59.48,"LINESTRING (-87.58183497748016 41.729927053884026, -87.58183497748016 41.729927053884026)"
892664c8c5bffff,"H3:892664c8c5bffff (suc=4, lamba_ariza=11)",22.21,"LINESTRING (-87.73804847861042 41.865156786733706, -87.73804847861042 41.865156786733706)"
892664cd01bffff,"H3:892664cd01bffff (suc=14, lamba_ariza=24)",56.77,"LINESTRING (-87.70195888716607 41.79129388969976, -87.70195888716607 41.79129388969976)"
892664cdcb7ffff,"H3:892664cdcb7ffff (suc=23, lamba_ariza=38)",75.59,"LINESTRING (-87.64160067189681 41.75656712473471, -87.64160067189681 41.75656712473471)"
892664ca863ffff,"H3:892664ca863ffff (suc=13, lamba_ariza=28)",55.38,"LINESTRING (-87.69217863221772 41.88018122277358, -87.69217863221772 41.88018122277358)"
892664d8107ffff,"H3:892664d8107ffff (suc=23, lamba_ariza=4)",55.68,"LINESTRING (-87.68131840394707 42.0185927725962, -87.68131840394707 42.0185927725962)"
892664cd633ffff,"H3:892664cd633ffff (suc=1, lamba_ariza=7)",8.26,"LINESTRING (-87.71390213484786 41.80044209372651, -87.71390213484786 41.80044209372651)"
892664cd173ffff,"H3:892664cd173ffff (suc=29, lamba_ariza=33)",81.59,"LINESTRING (-87.6835229702434 41.769458649237386, -87.6835229702434 41.769458649237386)"
892664ca60fffff,"H3:892664ca60fffff (suc=8, lamba_ariza=17)",38.53,"LINESTRING (-87.74099978531993 41.952235057857365, -87.74099978531993 41.952235057857365)"
892664cddcfffff,"H3:892664cddcfffff (suc=25, lamba_ariza=12)",64.92,"LINESTRING (-87.64230818928696 41.74554542316531, -87.64230818928696 41.74554542316531)"
892664cda13ffff,"H3:892664cda13ffff (suc=3, lamba_ariza=13)",22.93,"LINESTRING (-87.69402858448015 41.735143926814864, -87.69402858448015 41.735143926814864)"
892664ca32fffff,"H3:892664ca32fffff (suc=28, lamba_ariza=24)",77.89,"LINESTRING (-87.72386392852512 41.90828147972751, -87.72386392852512 41.90828147972751)"
892664cc97bffff,"H3:892664cc97bffff (suc=1, lamba_ariza=2)",2.74,"LINESTRING (-87.5748635334943 41.709132626447165, -87.5748635334943 41.709132626447165)"
892664c8117ffff,"H3:892664c8117ffff (suc=49, lamba_ariza=21)",86.79,"LINESTRING (-87.74035455088405 41.87848184803576, -87.74035455088405 41.87848184803576)"
892664cd4a3ffff,"H3:892664cd4a3ffff (suc=6, lamba_ariza=24)",37.56,"LINESTRING (-87.67897173057108 41.80836395201777, -87.67897173057108 41.80836395201777)"
892664cf523ffff,"H3:892664cf523ffff (suc=82, lamba_ariza=25)",92.67,"LINESTRING (-87.61801761787224 41.83105177498216, -87.61801761787224 41.83105177498216)"
892664cd20bffff,"H3:892664cd20bffff (suc=6, lamba_ariza=11)",28.54,"LINESTRING (-87.73266035145319 41.78399480611876, -87.73266035145319 41.78399480611876)"
89266452d83ffff,"H3:89266452d83ffff (suc=7, lamba_ariza=26)",41.89,"LINESTRING (-87.70947194455913 41.75468293558918, -87.70947194455913 41.75468293558918)"
89266457193ffff,"H3:89266457193ffff (suc=4, lamba_ariza=19)",30.5,"LINESTRING (-87.68366823330695 41.684848496875446, -87.68366823330695 41.684848496875446)"
892664cc9cfffff,"H3:892664cc9cfffff (suc=11, lamba_ariza=26)",51.27,"LINESTRING (-87.57116523077552 41.71786085306021, -87.57116523077552 41.71786085306021)"
89266419063ffff,"H3:89266419063ffff (suc=1, lamba_ariza=3)",2.17,"LINESTRING (-87.5597066450625 41.67046482870344, -87.5597066450625 41.67046482870344)"
8926645754fffff,"H3:8926645754fffff (suc=0, lamba_ariza=1)",0.38,"LINESTRING (-87.69558095575829 41.693988613100515, -87.69558095575829 41.693988613100515)"
8926645202bffff,"H3:8926645202bffff (suc=4, lamba_ariza=6)",17.18,"LINESTRING (-87.7782876861904 41.78811336299523, -87.7782876861904 41.78811336299523)"
8926641b27bffff,"H3:8926641b27bffff (suc=1, lamba_ariza=7)",9.46,"LINESTRING (-87.5454096422539 41.71347245143927, -87.5454096422539 41.71347245143927)"
892664cc947ffff,"H3:892664cc947ffff (suc=1, lamba_ariza=5)",9.26,"LINESTRING (-87.57363092465943 41.71204193722841, -87.57363092465943 41.71204193722841)"
892664cc50bffff,"H3:892664cc50bffff (suc=4, lamba_ariza=6)",17.63,"LINESTRING (-87.593844004041 41.785466931989404, -87.593844004041 41.785466931989404)"
892664c1357ffff,"H3:892664c1357ffff (suc=14, lamba_ariza=30)",58.33,"LINESTRING (-87.65453707396831 41.91310774065655, -87.65453707396831 41.91310774065655)"
8926641b20fffff,"H3:8926641b20fffff (suc=16, lamba_ariza=43)",66.9,"LINESTRING (-87.53699283947064 41.71471111928328, -87.53699283947064 41.71471111928328)"
892664c8397ffff,"H3:892664c8397ffff (suc=76, lamba_ariza=39)",96.47,"LINESTRING (-87.76321444654164 41.88054152007557, -87.76321444654164 41.88054152007557)"
892664ca8a7ffff,"H3:892664ca8a7ffff (suc=31, lamba_ariza=2)",62.03,"LINESTRING (-87.67107696664324 41.88331365639328, -87.67107696664324 41.88331365639328)"
892664570d3ffff,"H3:892664570d3ffff (suc=1, lamba_ariza=9)",11.8,"LINESTRING (-87.71590459748126 41.70187769667924, -87.71590459748126 41.70187769667924)"
89266456087ffff,"H3:89266456087ffff (suc=35, lamba_ariza=41)",87.32,"LINESTRING (-87.62307321222352 41.68837534736023, -87.62307321222352 41.68837534736023)"
892664cb397ffff,"H3:892664cb397ffff (suc=19, lamba_ariza=9)",54.2,"LINESTRING (-87.79658904079284 41.932993705978134, -87.79658904079284 41.932993705978134)"
892664cb23bffff,"H3:892664cb23bffff (suc=1, lamba_ariza=5)",7.25,"LINESTRING (-87.82669680997851 41.93669666301744, -87.82669680997851 41.93669666301744)"
892664ccec3ffff,"H3:892664ccec3ffff (suc=15, lamba_ariza=10)",47.59,"LINESTRING (-87.61161114918684 41.75281642569676, -87.61161114918684 41.75281642569676)"
892664d9da3ffff,"H3:892664d9da3ffff (suc=6, lamba_ariza=0)",19.16,"LINESTRING (-87.71110266010893 41.995002803574344, -87.71110266010893 41.995002803574344)"
892664cab13ffff,"H3:892664cab13ffff (suc=1, lamba_ariza=0)",0.92,"LINESTRING (-87.69287587322343 41.869143381501374, -87.69287587322343 41.869143381501374)"
8926641b65bffff,"H3:8926641b65bffff (suc=20, lamba_ariza=12)",58.34,"LINESTRING (-87.54147788816947 41.74133037181116, -87.54147788816947 41.74133037181116)"
892664ca817ffff,"H3:892664ca817ffff (suc=6, lamba_ariza=7)",24.77,"LINESTRING (-87.68127826733932 41.88726750613924, -87.68127826733932 41.88726750613924)"
892664193bbffff,"H3:892664193bbffff (suc=10, lamba_ariza=25)",49.62,"LINESTRING (-87.55325885591967 41.65778518714314, -87.55325885591967 41.65778518714314)"
892664c1313ffff,"H3:892664c1313ffff (suc=8, lamba_ariza=14)",36.26,"LINESTRING (-87.64608905782842 41.91435928204119, -87.64608905782842 41.91435928204119)"
892664c12b7ffff,"H3:892664c12b7ffff (suc=20, lamba_ariza=40)",72.27,"LINESTRING (-87.65259680583985 41.92706946390953, -87.65259680583985 41.92706946390953)"
892664ca25bffff,"H3:892664ca25bffff (suc=21, lamba_ariza=10)",58.32,"LINESTRING (-87.7628059646598 41.93803921767025, -87.7628059646598 41.93803921767025)"
892664c89abffff,"H3:892664c89abffff (suc=25, lamba_ariza=19)",71.73,"LINESTRING (-87.704090815098 41.82375397489704, -87.704090815098 41.82375397489704)"
89275936b03ffff,"H3:89275936b03ffff (suc=14, lamba_ariza=4)",41.54,"LINESTRING (-87.84093341377012 41.97835605032038, -87.84093341377012 41.97835605032038)"
892664cb07bffff,"H3:892664cb07bffff (suc=3, lamba_ariza=27)",30.49,"LINESTRING (-87.80858492301806 41.9421444558358, -87.80858492301806 41.9421444558358)"
892664ce363ffff,"H3:892664ce363ffff (suc=55, lamba_ariza=23)",89.2,"LINESTRING (-87.58767545451205 41.800029137692924, -87.58767545451205 41.800029137692924)"
892664cc8afffff,"H3:892664cc8afffff (suc=7, lamba_ariza=59)",45.72,"LINESTRING (-87.57588301625442 41.72534881625582, -87.57588301625442 41.72534881625582)"
8926645215bffff,"H3:8926645215bffff (suc=2, lamba_ariza=19)",23.38,"LINESTRING (-87.77231170133302 41.783543613840074, -87.77231170133302 41.783543613840074)"
892759368a3ffff,"H3:892759368a3ffff (suc=0, lamba_ariza=21)",17.51,"LINESTRING (-87.82091602000098 41.99778320998531, -87.82091602000098 41.99778320998531)"
89266456c5bffff,"H3:89266456c5bffff (suc=21, lamba_ariza=15)",63.58,"LINESTRING (-87.60542681168081 41.65554034049651, -87.60542681168081 41.65554034049651)"
892664cdc47ffff,"H3:892664cdc47ffff (suc=28, lamba_ariza=21)",75.7,"LINESTRING (-87.66562939666176 41.75573536507382, -87.66562939666176 41.75573536507382)"
89266456e07ffff,"H3:89266456e07ffff (suc=0, lamba_ariza=36)",23.0,"LINESTRING (-87.61751441982386 41.645576171547894, -87.61751441982386 41.645576171547894)"
892664563b3ffff,"H3:892664563b3ffff (suc=12, lamba_ariza=41)",57.81,"LINESTRING (-87.6286967109932 41.66572968653749, -87.6286967109932 41.66572968653749)"
892664cf177ffff,"H3:892664cf177ffff (suc=22, lamba_ariza=14)",63.74,"LINESTRING (-87.63384293964755 41.81232181899844, -87.63384293964755 41.81232181899844)"
89275936b07ffff,"H3:89275936b07ffff (suc=13, lamba_ariza=8)",41.38,"LINESTRING (-87.83793031622324 41.97606849312168, -87.83793031622324 41.97606849312168)"
892664c86d3ffff,"H3:892664c86d3ffff (suc=3, lamba_ariza=0)",10.48,"LINESTRING (-87.79004317219928 41.92029309406126, -87.79004317219928 41.92029309406126)"
892664c80abffff,"H3:892664c80abffff (suc=27, lamba_ariza=32)",79.6,"LINESTRING (-87.75831460285264 41.892209775177875, -87.75831460285264 41.892209775177875)"
892664cf683ffff,"H3:892664cf683ffff (suc=39, lamba_ariza=36)",89.0,"LINESTRING (-87.66650482165423 41.85665897738023, -87.66650482165423 41.85665897738023)"
8926645628fffff,"H3:8926645628fffff (suc=16, lamba_ariza=27)",63.12,"LINESTRING (-87.65670114560972 41.68339536054466, -87.65670114560972 41.68339536054466)"
892664521c3ffff,"H3:892664521c3ffff (suc=0, lamba_ariza=14)",12.29,"LINESTRING (-87.76267085081179 41.78771369617779, -87.76267085081179 41.78771369617779)"
892664c18cbffff,"H3:892664c18cbffff (suc=7, lamba_ariza=13)",32.6,"LINESTRING (-87.61444084413507 41.886233156534864, -87.61444084413507 41.886233156534864)"
892664cd6d3ffff,"H3:892664cd6d3ffff (suc=31, lamba_ariza=11)",70.14,"LINESTRING (-87.72339896924292 41.815418016131744, -87.72339896924292 41.815418016131744)"
892664d9d17ffff,"H3:892664d9d17ffff (suc=6, lamba_ariza=5)",22.48,"LINESTRING (-87.71833169084516 41.99666527644518, -87.71833169084516 41.99666527644518)"
892664ce22bffff,"H3:892664ce22bffff (suc=38, lamba_ariza=15)",78.23,"LINESTRING (-87.60135043590833 41.81439502328638, -87.60135043590833 41.81439502328638)"
892664c1bc3ffff,"H3:892664c1bc3ffff (suc=14, lamba_ariza=7)",42.9,"LINESTRING (-87.61885906389006 41.86644748056678, -87.61885906389006 41.86644748056678)"
892664cf5dbffff,"H3:892664cf5dbffff (suc=4, lamba_ariza=16)",27.38,"LINESTRING (-87.63047770358993 41.84833306870976, -87.63047770358993 41.84833306870976)"
8926645630fffff,"H3:8926645630fffff (suc=6, lamba_ariza=29)",38.62,"LINESTRING (-87.64252866314824 41.660955503869005, -87.64252866314824 41.660955503869005)"
892664520b3ffff,"H3:892664520b3ffff (suc=7, lamba_ariza=13)",30.81,"LINESTRING (-87.76620235339308 41.79811174710305, -87.76620235339308 41.79811174710305)"
892664cd20fffff,"H3:892664cd20fffff (suc=15, lamba_ariza=45)",63.4,"LINESTRING (-87.72967440363928 41.781708733442116, -87.72967440363928 41.781708733442116)"
892664d98cbffff,"H3:892664d98cbffff (suc=1, lamba_ariza=5)",4.98,"LINESTRING (-87.7611686300237 41.998497640988816, -87.7611686300237 41.998497640988816)"
892664ca063ffff,"H3:892664ca063ffff (suc=23, lamba_ariza=12)",62.78,"LINESTRING (-87.72547812888827 41.93265840069523, -87.72547812888827 41.93265840069523)"
892664ca943ffff,"H3:892664ca943ffff (suc=27, lamba_ariza=8)",64.21,"LINESTRING (-87.67599895781557 41.87164915262277, -87.67599895781557 41.87164915262277)"
892664cd193ffff,"H3:892664cd193ffff (suc=10, lamba_ariza=3)",30.56,"LINESTRING (-87.67019107146244 41.78235831634378, -87.67019107146244 41.78235831634378)"
892664c898fffff,"H3:892664c898fffff (suc=5, lamba_ariza=6)",20.55,"LINESTRING (-87.70585141292213 41.82895631653445, -87.70585141292213 41.82895631653445)"
892664cf0c3ffff,"H3:892664cf0c3ffff (suc=17, lamba_ariza=22)",61.12,"LINESTRING (-87.65701662036184 41.841670367370874, -87.65701662036184 41.841670367370874)"
892664ccc27ffff,"H3:892664ccc27ffff (suc=5, lamba_ariza=48)",39.35,"LINESTRING (-87.56971655926752 41.739899363935805, -87.56971655926752 41.739899363935805)"
8926645640bffff,"H3:8926645640bffff (suc=19, lamba_ariza=23)",65.8,"LINESTRING (-87.62831449325338 41.70396384993948, -87.62831449325338 41.70396384993948)"
892664cad77ffff,"H3:892664cad77ffff (suc=85, lamba_ariza=12)",83.48,"LINESTRING (-87.65841406547398 41.88519139703336, -87.65841406547398 41.88519139703336)"
892664d9a5bffff,"H3:892664d9a5bffff (suc=4, lamba_ariza=17)",27.41,"LINESTRING (-87.79622175434768 41.99052524427113, -87.79622175434768 41.99052524427113)"
892664d9843ffff,"H3:892664d9843ffff (suc=0, lamba_ariza=6)",4.55,"LINESTRING (-87.76362413728863 41.992655533595375, -87.76362413728863 41.992655533595375)"
89275936c23ffff,"H3:89275936c23ffff (suc=1, lamba_ariza=25)",21.28,"LINESTRING (-87.8190233876634 42.01175914145371, -87.8190233876634 42.01175914145371)"
892664cf237ffff,"H3:892664cf237ffff (suc=10, lamba_ariza=8)",35.36,"LINESTRING (-87.6728282486337 41.82293336433261, -87.6728282486337 41.82293336433261)"
892664560a3ffff,"H3:892664560a3ffff (suc=21, lamba_ariza=18)",65.17,"LINESTRING (-87.62132688785627 41.683179736502936, -87.62132688785627 41.683179736502936)"
892664cd34fffff,"H3:892664cd34fffff (suc=8, lamba_ariza=13)",35.55,"LINESTRING (-87.72018260618364 41.76673913179225, -87.72018260618364 41.76673913179225)"
892664528bbffff,"H3:892664528bbffff (suc=2, lamba_ariza=6)",12.41,"LINESTRING (-87.73716345782583 41.745101565410515, -87.73716345782583 41.745101565410515)"
892664cac67ffff,"H3:892664cac67ffff (suc=24, lamba_ariza=18)",68.52,"LINESTRING (-87.68057796027709 41.89830785090195, -87.68057796027709 41.89830785090195)"
892664cd11bffff,"H3:892664cd11bffff (suc=16, lamba_ariza=20)",59.04,"LINESTRING (-87.68106872107091 41.775283333258635, -87.68106872107091 41.775283333258635)"
892664cc923ffff,"H3:892664cc923ffff (suc=9, lamba_ariza=34)",50.21,"LINESTRING (-87.5605007671863 41.70579511098919, -87.5605007671863 41.70579511098919)"
89275934dd7ffff,"H3:89275934dd7ffff (suc=0, lamba_ariza=3)",1.9,"LINESTRING (-87.8500445348071 41.966039398702414, -87.8500445348071 41.966039398702414)"
892664cd307ffff,"H3:892664cd307ffff (suc=1, lamba_ariza=0)",4.58,"LINESTRING (-87.70457123376988 41.76633125655879, -87.70457123376988 41.76633125655879)"
892664cb193ffff,"H3:892664cb193ffff (suc=14, lamba_ariza=28)",58.67,"LINESTRING (-87.77002700993881 41.939697724486535, -87.77002700993881 41.939697724486535)"
892664d888fffff,"H3:892664d888fffff (suc=15, lamba_ariza=11)",50.11,"LINESTRING (-87.66650287394098 41.98793856249954, -87.66650287394098 41.98793856249954)"
892664cf6a7ffff,"H3:892664cf6a7ffff (suc=0, lamba_ariza=5)",3.78,"LINESTRING (-87.65877280481438 41.84687481255303, -87.65877280481438 41.84687481255303)"
892664ca573ffff,"H3:892664ca573ffff (suc=11, lamba_ariza=6)",36.09,"LINESTRING (-87.69467601559178 41.93997434530097, -87.69467601559178 41.93997434530097)"
8926641b253ffff,"H3:8926641b253ffff (suc=2, lamba_ariza=2)",9.08,"LINESTRING (-87.54591421784231 41.72158100065237, -87.54591421784231 41.72158100065237)"
892664cd56bffff,"H3:892664cd56bffff (suc=2, lamba_ariza=3)",9.12,"LINESTRING (-87.68037005881614 41.786308725431674, -87.68037005881614 41.786308725431674)"
892664ca523ffff,"H3:892664ca523ffff (suc=20, lamba_ariza=14)",59.8,"LINESTRING (-87.68446225705073 41.93601991710358, -87.68446225705073 41.93601991710358)"
892664cce6fffff,"H3:892664cce6fffff (suc=18, lamba_ariza=26)",65.49,"LINESTRING (-87.61478734744136 41.735973746383216, -87.61478734744136 41.735973746383216)"
892664d9b4fffff,"H3:892664d9b4fffff (suc=5, lamba_ariza=20)",33.0,"LINESTRING (-87.77343980180987 41.9692910079255, -87.77343980180987 41.9692910079255)"
892664cd00fffff,"H3:892664cd00fffff (suc=20, lamba_ariza=40)",71.84,"LINESTRING (-87.70020014376496 41.78609374075408, -87.70020014376496 41.78609374075408)"
892664cdb03ffff,"H3:892664cdb03ffff (suc=5, lamba_ariza=21)",33.41,"LINESTRING (-87.67439232611558 41.7162309066736, -87.67439232611558 41.7162309066736)"
8926645612fffff,"H3:8926645612fffff (suc=20, lamba_ariza=14)",60.77,"LINESTRING (-87.60839941385376 41.65782694973329, -87.60839941385376 41.65782694973329)"
892664ca233ffff,"H3:892664ca233ffff (suc=37, lamba_ariza=36)",88.32,"LINESTRING (-87.74237258416862 41.93014242100028, -87.74237258416862 41.93014242100028)"
8926641b223ffff,"H3:8926641b223ffff (suc=6, lamba_ariza=5)",23.52,"LINESTRING (-87.53104661695855 41.71013104895908, -87.53104661695855 41.71013104895908)"
892664cb563ffff,"H3:892664cb563ffff (suc=7, lamba_ariza=19)",37.78,"LINESTRING (-87.77602303706522 41.9442750152917, -87.77602303706522 41.9442750152917)"
892664c164fffff,"H3:892664c164fffff (suc=13, lamba_ariza=15)",47.38,"LINESTRING (-87.6723149826476 41.94602959745221, -87.6723149826476 41.94602959745221)"
892664d8c4bffff,"H3:892664d8c4bffff (suc=18, lamba_ariza=15)",58.97,"LINESTRING (-87.67902206500426 42.00524361962028, -87.67902206500426 42.00524361962028)"
892664c8cd3ffff,"H3:892664c8cd3ffff (suc=84, lamba_ariza=21)",90.54,"LINESTRING (-87.72715993532566 41.872245521435204, -87.72715993532566 41.872245521435204)"
892664c800bffff,"H3:892664c800bffff (suc=18, lamba_ariza=11)",54.79,"LINESTRING (-87.76974774448948 41.89323835582502, -87.76974774448948 41.89323835582502)"
892664d9803ffff,"H3:892664d9803ffff (suc=4, lamba_ariza=3)",15.61,"LINESTRING (-87.75216630923369 41.99162652981849, -87.75216630923369 41.99162652981849)"
892664c8323ffff,"H3:892664c8323ffff (suc=9, lamba_ariza=11)",36.16,"LINESTRING (-87.76933568726004 41.86595840605811, -87.76933568726004 41.86595840605811)"
892664ce227ffff,"H3:892664ce227ffff (suc=14, lamba_ariza=21)",54.87,"LINESTRING (-87.59415200807416 41.81272700267074, -87.59415200807416 41.81272700267074)"
892664c8d6bffff,"H3:892664c8d6bffff (suc=26, lamba_ariza=38)",79.11,"LINESTRING (-87.71358949270935 41.838734816566415, -87.71358949270935 41.838734816566415)"
892664562a7ffff,"H3:892664562a7ffff (suc=4, lamba_ariza=7)",19.63,"LINESTRING (-87.64777313695676 41.67653774173984, -87.64777313695676 41.67653774173984)"
892664cdc97ffff,"H3:892664cdc97ffff (suc=49, lamba_ariza=19)",85.59,"LINESTRING (-87.64633299148235 41.76405482921022, -87.64633299148235 41.76405482921022)"
892664c8d57ffff,"H3:892664c8d57ffff (suc=43, lamba_ariza=39)",91.14,"LINESTRING (-87.7099083244545 41.8474802342709, -87.7099083244545 41.8474802342709)"
892664cd38bffff,"H3:892664cd38bffff (suc=25, lamba_ariza=15)",67.83,"LINESTRING (-87.70510410342206 41.77444264293792, -87.70510410342206 41.77444264293792)"
892664cddcbffff,"H3:892664cddcbffff (suc=31, lamba_ariza=40)",84.86,"LINESTRING (-87.64528813142056 41.7478331391211, -87.64528813142056 41.7478331391211)"
892664cabc3ffff,"H3:892664cabc3ffff (suc=62, lamba_ariza=19)",87.31,"LINESTRING (-87.69885625230695 41.87372177602571, -87.69885625230695 41.87372177602571)"
892664576b7ffff,"H3:892664576b7ffff (suc=2, lamba_ariza=2)",8.88,"LINESTRING (-87.71766183583914 41.707072398049775, -87.71766183583914 41.707072398049775)"
892664d8163ffff,"H3:892664d8163ffff (suc=6, lamba_ariza=17)",33.03,"LINESTRING (-87.69101689611988 42.01441476925675, -87.69101689611988 42.01441476925675)"
8926645230bffff,"H3:8926645230bffff (suc=9, lamba_ariza=13)",38.57,"LINESTRING (-87.79158748788994 41.7752019634674, -87.79158748788994 41.7752019634674)"
892664cad47ffff,"H3:892664cad47ffff (suc=24, lamba_ariza=16)",67.37,"LINESTRING (-87.66439361561443 41.88977253751558, -87.66439361561443 41.88977253751558)"
892664cc1cbffff,"H3:892664cc1cbffff (suc=65, lamba_ariza=27)",92.45,"LINESTRING (-87.60720060454459 41.77257434645845, -87.60720060454459 41.77257434645845)"
892664c896fffff,"H3:892664c896fffff (suc=0, lamba_ariza=1)",0.03,"LINESTRING (-87.71918561342635 41.81604508013415, -87.71918561342635 41.81604508013415)"
892664cdb87ffff,"H3:892664cdb87ffff (suc=17, lamba_ariza=22)",61.78,"LINESTRING (-87.6647543387849 41.72038911719952, -87.6647543387849 41.72038911719952)"
892664cb33bffff,"H3:892664cb33bffff (suc=7, lamba_ariza=9)",29.29,"LINESTRING (-87.80570404650268 41.92068707080809, -87.80570404650268 41.92068707080809)"
892664cc677ffff,"H3:892664cc677ffff (suc=13, lamba_ariza=15)",47.94,"LINESTRING (-87.64245875309845 41.791929973125626, -87.64245875309845 41.791929973125626)"
892664cb54bffff,"H3:892664cb54bffff (suc=11, lamba_ariza=28)",52.35,"LINESTRING (-87.78501913933545 41.95114070771343, -87.78501913933545 41.95114070771343)"
892664cb4b7ffff,"H3:892664cb4b7ffff (suc=9, lamba_ariza=22)",43.98,"LINESTRING (-87.77466604435621 41.96637088164336, -87.77466604435621 41.96637088164336)"
89275936bdbffff,"H3:89275936bdbffff (suc=0, lamba_ariza=7)",5.69,"LINESTRING (-87.84872261008134 41.988139860475755, -87.84872261008134 41.988139860475755)"
892664192b3ffff,"H3:892664192b3ffff (suc=0, lamba_ariza=4)",3.19,"LINESTRING (-87.56985438439622 41.67442156694383, -87.56985438439622 41.67442156694383)"
892664576b3ffff,"H3:892664576b3ffff (suc=1, lamba_ariza=7)",6.64,"LINESTRING (-87.72064246542699 41.70935703123133, -87.72064246542699 41.70935703123133)"
892664cf627ffff,"H3:892664cf627ffff (suc=3, lamba_ariza=4)",12.57,"LINESTRING (-87.66545083231051 41.840419891500545, -87.66545083231051 41.840419891500545)"
892664cb1afffff,"H3:892664cb1afffff (suc=21, lamba_ariza=19)",66.23,"LINESTRING (-87.76770948198856 41.92636414951259, -87.76770948198856 41.92636414951259)"
89266456163ffff,"H3:89266456163ffff (suc=6, lamba_ariza=14)",31.7,"LINESTRING (-87.61854732355454 41.66177871927657, -87.61854732355454 41.66177871927657)"
892664c8637ffff,"H3:892664c8637ffff (suc=0, lamba_ariza=1)",0.1,"LINESTRING (-87.77750890169358 41.903018709936006, -87.77750890169358 41.903018709936006)"
892664cc8cbffff,"H3:892664cc8cbffff (suc=9, lamba_ariza=10)",35.06,"LINESTRING (-87.5949741758226 41.736172720156915, -87.5949741758226 41.736172720156915)"
892664cb02bffff,"H3:892664cb02bffff (suc=15, lamba_ariza=24)",58.05,"LINESTRING (-87.7983638344364 41.93820061032217, -87.7983638344364 41.93820061032217)"
892664cb38bffff,"H3:892664cb38bffff (suc=6, lamba_ariza=33)",41.99,"LINESTRING (-87.80503321029036 41.93173089516438, -87.80503321029036 41.93173089516438)"
892664caec7ffff,"H3:892664caec7ffff (suc=35, lamba_ariza=19)",79.93,"LINESTRING (-87.70820477873531 41.907876160253764, -87.70820477873531 41.907876160253764)"
892664ca983ffff,"H3:892664ca983ffff (suc=32, lamba_ariza=9)",69.51,"LINESTRING (-87.65788806491693 41.87706858374992, -87.65788806491693 41.87706858374992)"
892664cca03ffff,"H3:892664cca03ffff (suc=14, lamba_ariza=35)",61.65,"LINESTRING (-87.61550098230293 41.72495460610123, -87.61550098230293 41.72495460610123)"
892664c816bffff,"H3:892664c816bffff (suc=6, lamba_ariza=16)",32.27,"LINESTRING (-87.75545981377758 41.870762448904266, -87.75545981377758 41.870762448904266)"
892664cf59bffff,"H3:892664cf59bffff (suc=18, lamba_ariza=14)",58.34,"LINESTRING (-87.61905484794276 41.84729042559982, -87.61905484794276 41.84729042559982)"
892664ca267ffff,"H3:892664ca267ffff (suc=23, lamba_ariza=11)",61.97,"LINESTRING (-87.7520455237363 41.92596507454238, -87.7520455237363 41.92596507454238)"
892759369a3ffff,"H3:892759369a3ffff (suc=2, lamba_ariza=29)",27.15,"LINESTRING (-87.79989716303385 41.98176236286848, -87.79989716303385 41.98176236286848)"
892664cc5c7ffff,"H3:892664cc5c7ffff (suc=15, lamba_ariza=34)",62.71,"LINESTRING (-87.59137706166376 41.7912915207373, -87.59137706166376 41.7912915207373)"
892664c13a7ffff,"H3:892664c13a7ffff (suc=41, lamba_ariza=24)",86.37,"LINESTRING (-87.63289385699288 41.908109337904655, -87.63289385699288 41.908109337904655)"
892664ccdcbffff,"H3:892664ccdcbffff (suc=14, lamba_ariza=37)",61.29,"LINESTRING (-87.56550640855629 41.74051997222734, -87.56550640855629 41.74051997222734)"
892664cd9d3ffff,"H3:892664cd9d3ffff (suc=15, lamba_ariza=21)",57.94,"LINESTRING (-87.64845146618266 41.730991268748966, -87.64845146618266 41.730991268748966)"
8926645254bffff,"H3:8926645254bffff (suc=0, lamba_ariza=19)",16.22,"LINESTRING (-87.76498001047004 41.80102566872564, -87.76498001047004 41.80102566872564)"
892664d8833ffff,"H3:892664d8833ffff (suc=14, lamba_ariza=11)",46.59,"LINESTRING (-87.66597428706436 41.9798059484053, -87.66597428706436 41.9798059484053)"
892664d9aabffff,"H3:892664d9aabffff (suc=6, lamba_ariza=9)",25.21,"LINESTRING (-87.77453450800904 41.985551815156676, -87.77453450800904 41.985551815156676)"
892664cab0bffff,"H3:892664cab0bffff (suc=19, lamba_ariza=4)",49.84,"LINESTRING (-87.69832332692833 41.86560066495617, -87.69832332692833 41.86560066495617)"
892664ca557ffff,"H3:892664ca557ffff (suc=1, lamba_ariza=11)",13.01,"LINESTRING (-87.69644002767205 41.9451838940486, -87.69644002767205 41.9451838940486)"
892664ccb8fffff,"H3:892664ccb8fffff (suc=0, lamba_ariza=1)",0.24,"LINESTRING (-87.58922786365333 41.712468370286, -87.58922786365333 41.712468370286)"
892664d987bffff,"H3:892664d987bffff (suc=2, lamba_ariza=3)",9.33,"LINESTRING (-87.76185101761475 41.987444601533454, -87.76185101761475 41.987444601533454)"
892664cf60fffff,"H3:892664cf60fffff (suc=10, lamba_ariza=6)",34.16,"LINESTRING (-87.6744127707102 41.84728775233349, -87.6744127707102 41.84728775233349)"
892664d8e97ffff,"H3:892664d8e97ffff (suc=11, lamba_ariza=10)",40.17,"LINESTRING (-87.68202035904973 42.007536455657934, -87.68202035904973 42.007536455657934)"
89266456017ffff,"H3:89266456017ffff (suc=19, lamba_ariza=20)",64.64,"LINESTRING (-87.62850568109977 41.68484454822725, -87.62850568109977 41.68484454822725)"
892664cc39bffff,"H3:892664cc39bffff (suc=39, lamba_ariza=33)",88.35,"LINESTRING (-87.62404796809886 41.770083468641445, -87.62404796809886 41.770083468641445)"
89275936827ffff,"H3:89275936827ffff (suc=0, lamba_ariza=5)",3.58,"LINESTRING (-87.82458708989981 41.98901902002341, -87.82458708989981 41.98901902002341)"
892664cc1d7ffff,"H3:892664cc1d7ffff (suc=35, lamba_ariza=72)",88.71,"LINESTRING (-87.59877598012515 41.77381892914074, -87.59877598012515 41.77381892914074)"
892664cb597ffff,"H3:892664cb597ffff (suc=15, lamba_ariza=13)",52.13,"LINESTRING (-87.75844421587584 41.95784420996314, -87.75844421587584 41.95784420996314)"
892664cdd2bffff,"H3:892664cdd2bffff (suc=15, lamba_ariza=24)",58.79,"LINESTRING (-87.63582859965364 41.732860765483814, -87.63582859965364 41.732860765483814)"
892664cd803ffff,"H3:892664cd803ffff (suc=19, lamba_ariza=40)",71.26,"LINESTRING (-87.66580535253517 41.736604894216256, -87.66580535253517 41.736604894216256)"
892664c808bffff,"H3:892664c808bffff (suc=15, lamba_ariza=9)",47.08,"LINESTRING (-87.76307839895928 41.8997030120657, -87.76307839895928 41.8997030120657)"
892664ca38bffff,"H3:892664ca38bffff (suc=24, lamba_ariza=27)",74.34,"LINESTRING (-87.72493987343657 41.92453198346698, -87.72493987343657 41.92453198346698)"
89266419493ffff,"H3:89266419493ffff (suc=22, lamba_ariza=23)",70.7,"LINESTRING (-87.53648989058553 41.706603112248565, -87.53648989058553 41.706603112248565)"
892664d9b17ffff,"H3:892664d9b17ffff (suc=12, lamba_ariza=21)",51.59,"LINESTRING (-87.75653401361937 41.97181344699466, -87.75653401361937 41.97181344699466)"
892664ccdd7ffff,"H3:892664ccdd7ffff (suc=25, lamba_ariza=46)",79.29,"LINESTRING (-87.55708563779122 41.74176076092877, -87.55708563779122 41.74176076092877)"
892664c8307ffff,"H3:892664c8307ffff (suc=7, lamba_ariza=2)",22.23,"LINESTRING (-87.77110495718333 41.87116187284005, -87.77110495718333 41.87116187284005)"
892664565d3ffff,"H3:892664565d3ffff (suc=11, lamba_ariza=17)",44.64,"LINESTRING (-87.60677039409134 41.69896740019943, -87.60677039409134 41.69896740019943)"
892664ce20bffff,"H3:892664ce20bffff (suc=15, lamba_ariza=16)",54.29,"LINESTRING (-87.6060826230245 41.82188963583716, -87.6060826230245 41.82188963583716)"
892664cdb97ffff,"H3:892664cdb97ffff (suc=28, lamba_ariza=19)",74.9,"LINESTRING (-87.66352735660888 41.72329947699334, -87.66352735660888 41.72329947699334)"
892664cca97ffff,"H3:892664cca97ffff (suc=39, lamba_ariza=8)",71.96,"LINESTRING (-87.60462338441528 41.73201900299726, -87.60462338441528 41.73201900299726)"
892664cd693ffff,"H3:892664cd693ffff (suc=13, lamba_ariza=22)",54.66,"LINESTRING (-87.71198478377279 41.8143846411964, -87.71198478377279 41.8143846411964)"
892664cf007ffff,"H3:892664cf007ffff (suc=17, lamba_ariza=30)",65.38,"LINESTRING (-87.64928893746092 41.83188707099727, -87.64928893746092 41.83188707099727)"
892664cf193ffff,"H3:892664cf193ffff (suc=40, lamba_ariza=29)",87.89,"LINESTRING (-87.62346732330187 41.82751414535126, -87.62346732330187 41.82751414535126)"
892664d8933ffff,"H3:892664d8933ffff (suc=1, lamba_ariza=5)",5.83,"LINESTRING (-87.64500936964885 41.96375677016617, -87.64500936964885 41.96375677016617)"
892664c8b2fffff,"H3:892664c8b2fffff (suc=1, lamba_ariza=0)",3.3,"LINESTRING (-87.7372626723231 41.81062179018427, -87.7372626723231 41.81062179018427)"
892664cb093ffff,"H3:892664cb093ffff (suc=1, lamba_ariza=9)",9.19,"LINESTRING (-87.79101791548543 41.955717673127474, -87.79101791548543 41.955717673127474)"
892664cf46fffff,"H3:892664cf46fffff (suc=2, lamba_ariza=18)",21.86,"LINESTRING (-87.65156826558595 41.84521013365088, -87.65156826558595 41.84521013365088)"
892664c1393ffff,"H3:892664c1393ffff (suc=18, lamba_ariza=15)",59.48,"LINESTRING (-87.63939730401 41.92081957078189, -87.63939730401 41.92081957078189)"
892664cae27ffff,"H3:892664cae27ffff (suc=0, lamba_ariza=1)",0.71,"LINESTRING (-87.69869349970384 41.892883149634564, -87.69869349970384 41.892883149634564)"
89266452237ffff,"H3:89266452237ffff (suc=3, lamba_ariza=5)",13.92,"LINESTRING (-87.79933303272892 41.78496785081345, -87.79933303272892 41.78496785081345)"
892664ca80bffff,"H3:892664ca80bffff (suc=3, lamba_ariza=4)",13.26,"LINESTRING (-87.68971964182452 41.886014130567645, -87.68971964182452 41.886014130567645)"
892664ccdc7ffff,"H3:892664ccdc7ffff (suc=21, lamba_ariza=28)",70.67,"LINESTRING (-87.5583201293829 41.73885047711132, -87.5583201293829 41.73885047711132)"
892664ca1abffff,"H3:892664ca1abffff (suc=21, lamba_ariza=7)",55.21,"LINESTRING (-87.6906169384899 41.921429449153244, -87.6906169384899 41.921429449153244)"
892664195d3ffff,"H3:892664195d3ffff (suc=4, lamba_ariza=22)",32.32,"LINESTRING (-87.52707144346385 41.69162682405185, -87.52707144346385 41.69162682405185)"
892664cc317ffff,"H3:892664cc317ffff (suc=15, lamba_ariza=14)",51.67,"LINESTRING (-87.62352925833606 41.761971322452915, -87.62352925833606 41.761971322452915)"
892664c819bffff,"H3:892664c819bffff (suc=11, lamba_ariza=3)",32.72,"LINESTRING (-87.74089495966857 41.886603586103845, -87.74089495966857 41.886603586103845)"
892664529dbffff,"H3:892664529dbffff (suc=2, lamba_ariza=51)",32.41,"LINESTRING (-87.7324194515585 41.737620038879875, -87.7324194515585 41.737620038879875)"
892664c813bffff,"H3:892664c813bffff (suc=89, lamba_ariza=15)",86.78,"LINESTRING (-87.74280643903717 41.8726487785628, -87.74280643903717 41.8726487785628)"
89266457533ffff,"H3:89266457533ffff (suc=8, lamba_ariza=14)",36.58,"LINESTRING (-87.67701547111862 41.691290928888655, -87.67701547111862 41.691290928888655)"
892664cac8fffff,"H3:892664cac8fffff (suc=25, lamba_ariza=20)",71.34,"LINESTRING (-87.67143120390746 41.91060293512094, -87.67143120390746 41.91060293512094)"
892664cde7bffff,"H3:892664cde7bffff (suc=16, lamba_ariza=13)",53.3,"LINESTRING (-87.69631576620638 41.748450108851635, -87.69631576620638 41.748450108851635)"
892664cb4afffff,"H3:892664cb4afffff (suc=6, lamba_ariza=16)",33.56,"LINESTRING (-87.78011758092731 41.96281987104936, -87.78011758092731 41.96281987104936)"
892664cc2dbffff,"H3:892664cc2dbffff (suc=28, lamba_ariza=3)",60.14,"LINESTRING (-87.6563265852937 41.78714475822975, -87.6563265852937 41.78714475822975)"
892664c1c63ffff,"H3:892664c1c63ffff (suc=1, lamba_ariza=0)",3.98,"LINESTRING (-87.60352503813775 41.89331335717496, -87.60352503813775 41.89331335717496)"
892664d9ab7ffff,"H3:892664d9ab7ffff (suc=2, lamba_ariza=8)",14.25,"LINESTRING (-87.76607900786118 41.98681381647716, -87.76607900786118 41.98681381647716)"
892664ccb73ffff,"H3:892664ccb73ffff (suc=10, lamba_ariza=4)",31.72,"LINESTRING (-87.60010362926128 41.70540722398322, -87.60010362926128 41.70540722398322)"
892664d9a8bffff,"H3:892664d9a8bffff (suc=4, lamba_ariza=3)",14.53,"LINESTRING (-87.77931039100515 41.99305204134112, -87.77931039100515 41.99305204134112)"
892664c136bffff,"H3:892664c136bffff (suc=7, lamba_ariza=9)",27.81,"LINESTRING (-87.65823447237725 41.90435630732428, -87.65823447237725 41.90435630732428)"
892664cd5d7ffff,"H3:892664cd5d7ffff (suc=46, lamba_ariza=15)",80.96,"LINESTRING (-87.67001675923397 41.80149926843365, -87.67001675923397 41.80149926843365)"
892664c10dbffff,"H3:892664c10dbffff (suc=28, lamba_ariza=11)",66.86,"LINESTRING (-87.64642877754991 41.94165961097914, -87.64642877754991 41.94165961097914)"
892664cd597ffff,"H3:892664cd597ffff (suc=33, lamba_ariza=5)",66.52,"LINESTRING (-87.65860569529917 41.80046051806799, -87.65860569529917 41.80046051806799)"
892664ce217ffff,"H3:892664ce217ffff (suc=0, lamba_ariza=4)",2.98,"LINESTRING (-87.59764895486028 41.82313538941135, -87.59764895486028 41.82313538941135)"
892664d8e03ffff,"H3:892664d8e03ffff (suc=8, lamba_ariza=9)",32.39,"LINESTRING (-87.69294901845691 42.00043829014408, -87.69294901845691 42.00043829014408)"
892664cdb57ffff,"H3:892664cdb57ffff (suc=4, lamba_ariza=15)",25.89,"LINESTRING (-87.6815772113022 41.71789267706506, -87.6815772113022 41.71789267706506)"
892664cf0dbffff,"H3:892664cf0dbffff (suc=10, lamba_ariza=14)",41.26,"LINESTRING (-87.66000338457513 41.843959957831714, -87.66000338457513 41.843959957831714)"
892664cc233ffff,"H3:892664cc233ffff (suc=47, lamba_ariza=25)",88.62,"LINESTRING (-87.64264444516894 41.77279062190044, -87.64264444516894 41.77279062190044)"
892664c14dbffff,"H3:892664c14dbffff (suc=1, lamba_ariza=8)",7.66,"LINESTRING (-87.63778682792538 41.96208990887016, -87.63778682792538 41.96208990887016)"
892664d998bffff,"H3:892664d998bffff (suc=0, lamba_ariza=8)",6.67,"LINESTRING (-87.72871162979551 41.981433205355806, -87.72871162979551 41.981433205355806)"
892664529d3ffff,"H3:892664529d3ffff (suc=0, lamba_ariza=18)",15.19,"LINESTRING (-87.72821339543599 41.73824642890572, -87.72821339543599 41.73824642890572)"
892664cb557ffff,"H3:892664cb557ffff (suc=16, lamba_ariza=49)",67.11,"LINESTRING (-87.7765704488803 41.95240258083459, -87.7765704488803 41.95240258083459)"
89266456503ffff,"H3:89266456503ffff (suc=3, lamba_ariza=3)",14.11,"LINESTRING (-87.60328085046334 41.68857446599975, -87.60328085046334 41.68857446599975)"
892664cce4fffff,"H3:892664cce4fffff (suc=15, lamba_ariza=17)",54.24,"LINESTRING (-87.61951353420692 41.74346105594144, -87.61951353420692 41.74346105594144)"
89266457183ffff,"H3:89266457183ffff (suc=1, lamba_ariza=30)",22.44,"LINESTRING (-87.68489286933094 41.68193940981748, -87.68489286933094 41.68193940981748)"
892664d8ba7ffff,"H3:892664d8ba7ffff (suc=12, lamba_ariza=36)",56.02,"LINESTRING (-87.66615095453285 41.96062389556399, -87.66615095453285 41.96062389556399)"
892664d8b07ffff,"H3:892664d8b07ffff (suc=17, lamba_ariza=21)",61.49,"LINESTRING (-87.67760160470347 41.96166161756928, -87.67760160470347 41.96166161756928)"
892664c10c3ffff,"H3:892664c10c3ffff (suc=61, lamba_ariza=35)",94.19,"LINESTRING (-87.64343626352158 41.93936730776785, -87.64343626352158 41.93936730776785)"
892664cd84bffff,"H3:892664cd84bffff (suc=2, lamba_ariza=7)",14.03,"LINESTRING (-87.6814078547986 41.73701846453183, -87.6814078547986 41.73701846453183)"
892664cca2fffff,"H3:892664cca2fffff (suc=8, lamba_ariza=1)",24.33,"LINESTRING (-87.61200759283196 41.71455888920361, -87.61200759283196 41.71455888920361)"
892664cf327ffff,"H3:892664cf327ffff (suc=8, lamba_ariza=9)",31.37,"LINESTRING (-87.65316233903192 41.80399832039367, -87.65316233903192 41.80399832039367)"
892664cc377ffff,"H3:892664cc377ffff (suc=13, lamba_ariza=11)",45.3,"LINESTRING (-87.63020052804632 41.75552545794677, -87.63020052804632 41.75552545794677)"
89275936bb7ffff,"H3:89275936bb7ffff (suc=0, lamba_ariza=7)",5.18,"LINESTRING (-87.82525404373303 41.9779677412101, -87.82525404373303 41.9779677412101)"
892664c1e9bffff,"H3:892664c1e9bffff (suc=0, lamba_ariza=12)",10.35,"LINESTRING (-87.62269088000981 41.90415024381407, -87.62269088000981 41.90415024381407)"
89266457437ffff,"H3:89266457437ffff (suc=1, lamba_ariza=2)",4.58,"LINESTRING (-87.69488700009686 41.70500299168182, -87.69488700009686 41.70500299168182)"
89266452073ffff,"H3:89266452073ffff (suc=6, lamba_ariza=36)",41.83,"LINESTRING (-87.78426476310324 41.792682985934256, -87.78426476310324 41.792682985934256)"
892664cc903ffff,"H3:892664cc903ffff (suc=14, lamba_ariza=19)",53.08,"LINESTRING (-87.5652157207447 41.71328258503569, -87.5652157207447 41.71328258503569)"
892664ca273ffff,"H3:892664ca273ffff (suc=19, lamba_ariza=23)",64.86,"LINESTRING (-87.75381522031955 41.93117253086014, -87.75381522031955 41.93117253086014)"
892664cada7ffff,"H3:892664cada7ffff (suc=52, lamba_ariza=22)",88.02,"LINESTRING (-87.64152798051921 41.88769304407187, -87.64152798051921 41.88769304407187)"
89266456667ffff,"H3:89266456667ffff (suc=18, lamba_ariza=20)",62.61,"LINESTRING (-87.65722474109582 41.6914993672696, -87.65722474109582 41.6914993672696)"
892664c8813ffff,"H3:892664c8813ffff (suc=49, lamba_ariza=34)",91.92,"LINESTRING (-87.73098896639665 41.84434313550696, -87.73098896639665 41.84434313550696)"
892664d8c63ffff,"H3:892664d8c63ffff (suc=30, lamba_ariza=11)",69.93,"LINESTRING (-87.67002883749873 41.998364917405894, -87.67002883749873 41.998364917405894)"
892664cd873ffff,"H3:892664cd873ffff (suc=6, lamba_ariza=8)",24.8,"LINESTRING (-87.67123964667923 41.73306988163573, -87.67123964667923 41.73306988163573)"
892664d9a47ffff,"H3:892664d9a47ffff (suc=1, lamba_ariza=25)",24.35,"LINESTRING (-87.79021801397909 41.98594693787981, -87.79021801397909 41.98594693787981)"
892664ca04bffff,"H3:892664ca04bffff (suc=9, lamba_ariza=14)",38.85,"LINESTRING (-87.73446558071758 41.93952764538701, -87.73446558071758 41.93952764538701)"
892664c8b37ffff,"H3:892664c8b37ffff (suc=4, lamba_ariza=2)",15.7,"LINESTRING (-87.73182520532615 41.814163460209635, -87.73182520532615 41.814163460209635)"
892664d899bffff,"H3:892664d899bffff (suc=18, lamba_ariza=1)",45.82,"LINESTRING (-87.64729400290528 41.97710067643482, -87.64729400290528 41.97710067643482)"
892664cc177ffff,"H3:892664cc177ffff (suc=3, lamba_ariza=2)",12.75,"LINESTRING (-87.60072629861872 41.75988324200454, -87.60072629861872 41.75988324200454)"
892664cab0fffff,"H3:892664cab0fffff (suc=28, lamba_ariza=16)",72.15,"LINESTRING (-87.69533354832473 41.86331166122582, -87.69533354832473 41.86331166122582)"
892664cac4fffff,"H3:892664cac4fffff (suc=25, lamba_ariza=14)",67.77,"LINESTRING (-87.68955305052624 41.90517853506253, -87.68955305052624 41.90517853506253)"
892664cd49bffff,"H3:892664cd49bffff (suc=15, lamba_ariza=22)",57.59,"LINESTRING (-87.68670119331067 41.818142355900946, -87.68670119331067 41.818142355900946)"
892664cf16fffff,"H3:892664cf16fffff (suc=9, lamba_ariza=5)",30.09,"LINESTRING (-87.63928901427097 41.80878443381654, -87.63928901427097 41.80878443381654)"
892664cc2c3ffff,"H3:892664cc2c3ffff (suc=13, lamba_ariza=5)",39.85,"LINESTRING (-87.65334364435637 41.7848564181004, -87.65334364435637 41.7848564181004)"
892664cd653ffff,"H3:892664cd653ffff (suc=13, lamba_ariza=14)",48.23,"LINESTRING (-87.73006236225542 41.80896257728947, -87.73006236225542 41.80896257728947)"
892664cd623ffff,"H3:892664cd623ffff (suc=3, lamba_ariza=39)",34.76,"LINESTRING (-87.7151278374161 41.797528550117654, -87.7151278374161 41.797528550117654)"
892664cccc3ffff,"H3:892664cccc3ffff (suc=21, lamba_ariza=6)",54.79,"LINESTRING (-87.58213554705034 41.757169317375144, -87.58213554705034 41.757169317375144)"
892664cdadbffff,"H3:892664cdadbffff (suc=14, lamba_ariza=27)",57.63,"LINESTRING (-87.70297374149662 41.74200178485985, -87.70297374149662 41.74200178485985)"
892664d98cfffff,"H3:892664d98cfffff (suc=1, lamba_ariza=10)",12.69,"LINESTRING (-87.75816758090959 41.99620730331033, -87.75816758090959 41.99620730331033)"
89275936c2bffff,"H3:89275936c2bffff (suc=0, lamba_ariza=2)",1.66,"LINESTRING (-87.82325221988798 42.01112599196368, -87.82325221988798 42.01112599196368)"
89266457003ffff,"H3:89266457003ffff (suc=4, lamba_ariza=30)",33.77,"LINESTRING (-87.71239128099499 41.69148912644551, -87.71239128099499 41.69148912644551)"
8926645254fffff,"H3:8926645254fffff (suc=9, lamba_ariza=15)",39.12,"LINESTRING (-87.76199160529619 41.79874011945736, -87.76199160529619 41.79874011945736)"
892664cd6cbffff,"H3:892664cd6cbffff (suc=9, lamba_ariza=4)",28.28,"LINESTRING (-87.72883734350718 41.81187664431128, -87.72883734350718 41.81187664431128)"
892664cced3ffff,"H3:892664cced3ffff (suc=33, lamba_ariza=23)",80.95,"LINESTRING (-87.61037980008693 41.75572760073305, -87.61037980008693 41.75572760073305)"
89275936bd7ffff,"H3:89275936bd7ffff (suc=9, lamba_ariza=0)",25.4,"LINESTRING (-87.84149257813928 41.98648592973402, -87.84149257813928 41.98648592973402)"
89266456477ffff,"H3:89266456477ffff (suc=23, lamba_ariza=39)",75.81,"LINESTRING (-87.62656701479825 41.698767404156285, -87.62656701479825 41.698767404156285)"
892664c16b7ffff,"H3:892664c16b7ffff (suc=32, lamba_ariza=23)",80.14,"LINESTRING (-87.64396044824609 41.947496351974095, -87.64396044824609 41.947496351974095)"
892664cf6bbffff,"H3:892664cf6bbffff (suc=14, lamba_ariza=8)",44.67,"LINESTRING (-87.66474742807627 41.85145410917412, -87.66474742807627 41.85145410917412)"
892664cce8bffff,"H3:892664cce8bffff (suc=143, lamba_ariza=15)",87.58,"LINESTRING (-87.60442211196863 41.7511497591794, -87.60442211196863 41.7511497591794)"
892664c810bffff,"H3:892664c810bffff (suc=64, lamba_ariza=13)",82.96,"LINESTRING (-87.74879147667117 41.87722446413745, -87.74879147667117 41.87722446413745)"
8926645758fffff,"H3:8926645758fffff (suc=4, lamba_ariza=10)",20.84,"LINESTRING (-87.67754268727556 41.699395409346785, -87.67754268727556 41.699395409346785)"
892664cc0a3ffff,"H3:892664cc0a3ffff (suc=72, lamba_ariza=42)",96.4,"LINESTRING (-87.6077165892174 41.780687760388176, -87.6077165892174 41.780687760388176)"
892664575a3ffff,"H3:892664575a3ffff (suc=4, lamba_ariza=13)",23.59,"LINESTRING (-87.67158660059157 41.69482411889678, -87.67158660059157 41.69482411889678)"
892664c106fffff,"H3:892664c106fffff (suc=55, lamba_ariza=60)",95.39,"LINESTRING (-87.64661342212985 41.9224858729974, -87.64661342212985 41.9224858729974)"
892664cad73ffff,"H3:892664cad73ffff (suc=90, lamba_ariza=18)",89.22,"LINESTRING (-87.66140370333588 41.88748198305425, -87.66140370333588 41.88748198305425)"
892664ca27bffff,"H3:892664ca27bffff (suc=24, lamba_ariza=20)",71.44,"LINESTRING (-87.75803825344545 41.930542753876765, -87.75803825344545 41.930542753876765)"
892664c806fffff,"H3:892664c806fffff (suc=28, lamba_ariza=6)",63.77,"LINESTRING (-87.77342067588202 41.88448666531533, -87.77342067588202 41.88448666531533)"
89275936bbbffff,"H3:89275936bbbffff (suc=0, lamba_ariza=2)",1.73,"LINESTRING (-87.83248245316659 41.979622633443576, -87.83248245316659 41.979622633443576)"
892664c1287ffff,"H3:892664c1287ffff (suc=15, lamba_ariza=26)",59.95,"LINESTRING (-87.65858128916707 41.93165292779841, -87.65858128916707 41.93165292779841)"
89266457467ffff,"H3:89266457467ffff (suc=1, lamba_ariza=11)",12.87,"LINESTRING (-87.70749803123977 41.7031282403685, -87.70749803123977 41.7031282403685)"
892664cc16bffff,"H3:892664cc16bffff (suc=66, lamba_ariza=12)",82.59,"LINESTRING (-87.60914829224441 41.75863887380332, -87.60914829224441 41.75863887380332)"
892664cac13ffff,"H3:892664cac13ffff (suc=74, lamba_ariza=46)",97.02,"LINESTRING (-87.67565433985561 41.9099763749346, -87.67565433985561 41.9099763749346)"
89275936993ffff,"H3:89275936993ffff (suc=1, lamba_ariza=6)",5.07,"LINESTRING (-87.80345161436432 41.99218215255031, -87.80345161436432 41.99218215255031)"
892664cb64fffff,"H3:892664cb64fffff (suc=0, lamba_ariza=1)",0.81,"LINESTRING (-87.83258987831539 41.960444386511725, -87.83258987831539 41.960444386511725)"
892664ccd43ffff,"H3:892664ccd43ffff (suc=13, lamba_ariza=17)",50.16,"LINESTRING (-87.56797405621658 41.734699473541596, -87.56797405621658 41.734699473541596)"
89266452c27ffff,"H3:89266452c27ffff (suc=21, lamba_ariza=2)",51.69,"LINESTRING (-87.72928690165068 41.75446382021012, -87.72928690165068 41.75446382021012)"
892664cd3cbffff,"H3:892664cd3cbffff (suc=10, lamba_ariza=7)",33.57,"LINESTRING (-87.71650847363568 41.77547677706053, -87.71650847363568 41.77547677706053)"
89266456283ffff,"H3:89266456283ffff (suc=14, lamba_ariza=12)",47.65,"LINESTRING (-87.65547461330192 41.686304303492356, -87.65547461330192 41.686304303492356)"
892664570a3ffff,"H3:892664570a3ffff (suc=6, lamba_ariza=10)",26.38,"LINESTRING (-87.70100757243293 41.69045444105293, -87.70100757243293 41.69045444105293)"
892664cd36bffff,"H3:892664cd36bffff (suc=7, lamba_ariza=24)",39.48,"LINESTRING (-87.71842282773778 41.76154086545254, -87.71842282773778 41.76154086545254)"
892664d880fffff,"H3:892664d880fffff (suc=10, lamba_ariza=5)",32.68,"LINESTRING (-87.67320011710312 41.98147117909194, -87.67320011710312 41.98147117909194)"
892664d9acbffff,"H3:892664d9acbffff (suc=1, lamba_ariza=10)",8.16,"LINESTRING (-87.79076840268645 41.99407830832838, -87.79076840268645 41.99407830832838)"
892664ca91bffff,"H3:892664ca91bffff (suc=24, lamba_ariza=14)",66.28,"LINESTRING (-87.66755954939148 41.87290117901977, -87.66755954939148 41.87290117901977)"
892664c13b3ffff,"H3:892664c13b3ffff (suc=32, lamba_ariza=32)",83.73,"LINESTRING (-87.63464995287109 41.913318311043014, -87.63464995287109 41.913318311043014)"
892664cd02fffff,"H3:892664cd02fffff (suc=95, lamba_ariza=31)",95.6,"LINESTRING (-87.69545747854556 41.77860688663042, -87.69545747854556 41.77860688663042)"
892664d8ac3ffff,"H3:892664d8ac3ffff (suc=2, lamba_ariza=21)",22.82,"LINESTRING (-87.70633685570498 41.987498955320014, -87.70633685570498 41.987498955320014)"
892664ceacbffff,"H3:892664ceacbffff (suc=1, lamba_ariza=7)",8.88,"LINESTRING (-87.57771167206157 41.776927887352734, -87.57771167206157 41.776927887352734)"
892664cd21bffff,"H3:892664cd21bffff (suc=4, lamba_ariza=17)",26.91,"LINESTRING (-87.73143616577518 41.78690797635093, -87.73143616577518 41.78690797635093)"
892664cc40bffff,"H3:892664cc40bffff (suc=33, lamba_ariza=21)",80.18,"LINESTRING (-87.61471305228628 41.80149671671813, -87.61471305228628 41.80149671671813)"
892664ca26bffff,"H3:892664ca26bffff (suc=28, lamba_ariza=6)",62.87,"LINESTRING (-87.75926448778831 41.92762414673742, -87.75926448778831 41.92762414673742)"
8926645664bffff,"H3:8926645664bffff (suc=18, lamba_ariza=29)",66.08,"LINESTRING (-87.66913473446496 41.7006431531536, -87.66913473446496 41.7006431531536)"
892664cb3b3ffff,"H3:892664cb3b3ffff (suc=12, lamba_ariza=22)",51.23,"LINESTRING (-87.79481463956209 41.92778707559084, -87.79481463956209 41.92778707559084)"
892664ca54fffff,"H3:892664ca54fffff (suc=10, lamba_ariza=11)",38.12,"LINESTRING (-87.70189613510082 41.941637282270555, -87.70189613510082 41.941637282270555)"
892664ce253ffff,"H3:892664ce253ffff (suc=40, lamba_ariza=8)",72.6,"LINESTRING (-87.6120495728752 41.826470767279254, -87.6120495728752 41.826470767279254)"
892664cd2a7ffff,"H3:892664cd2a7ffff (suc=5, lamba_ariza=37)",39.11,"LINESTRING (-87.71405826173027 41.781302365191955, -87.71405826173027 41.781302365191955)"
892664cd427ffff,"H3:892664cd427ffff (suc=21, lamba_ariza=8)",56.84,"LINESTRING (-87.68265591666446 41.79962348084099, -87.68265591666446 41.79962348084099)"
892664cf56bffff,"H3:892664cf56bffff (suc=25, lamba_ariza=20)",71.65,"LINESTRING (-87.63365343788067 41.83147049019478, -87.63365343788067 41.83147049019478)"
89275936903ffff,"H3:89275936903ffff (suc=3, lamba_ariza=4)",12.86,"LINESTRING (-87.8113522400339 41.98278658019989, -87.8113522400339 41.98278658019989)"
89275936d3bffff,"H3:89275936d3bffff (suc=4, lamba_ariza=20)",31.14,"LINESTRING (-87.80100141923893 41.99802478338326, -87.80100141923893 41.99802478338326)"
89266452c8bffff,"H3:89266452c8bffff (suc=9, lamba_ariza=6)",30.83,"LINESTRING (-87.73457011357657 41.77005745404816, -87.73457011357657 41.77005745404816)"
89266457583ffff,"H3:89266457583ffff (suc=1, lamba_ariza=22)",21.41,"LINESTRING (-87.67631710468153 41.70230508717878, -87.67631710468153 41.70230508717878)"
892664cccc7ffff,"H3:892664cccc7ffff (suc=16, lamba_ariza=3)",44.11,"LINESTRING (-87.57915766448562 41.75487956829945, -87.57915766448562 41.75487956829945)"
892664d9d43ffff,"H3:892664d9d43ffff (suc=0, lamba_ariza=8)",6.01,"LINESTRING (-87.73402068225396 41.99706791385461, -87.73402068225396 41.99706791385461)"
8926645615bffff,"H3:8926645615bffff (suc=9, lamba_ariza=36)",48.57,"LINESTRING (-87.62624073553197 41.67154597634107, -87.62624073553197 41.67154597634107)"
89275936c37ffff,"H3:89275936c37ffff (suc=0, lamba_ariza=20)",16.54,"LINESTRING (-87.81479439464526 42.012392147196465, -87.81479439464526 42.012392147196465)"
892664cdc43ffff,"H3:892664cdc43ffff (suc=16, lamba_ariza=7)",48.48,"LINESTRING (-87.66861097667915 41.75802265622189, -87.66861097667915 41.75802265622189)"
89266456157ffff,"H3:89266456157ffff (suc=6, lamba_ariza=11)",26.74,"LINESTRING (-87.61906404561736 41.669881169661195, -87.61906404561736 41.669881169661195)"
892664c8493ffff,"H3:892664c8493ffff (suc=25, lamba_ariza=12)",65.32,"LINESTRING (-87.74904957094122 41.92367618647065, -87.74904957094122 41.92367618647065)"
892664cf203ffff,"H3:892664cf203ffff (suc=9, lamba_ariza=17)",40.38,"LINESTRING (-87.68178772884146 41.82979933912786, -87.68178772884146 41.82979933912786)"
892664cf0bbffff,"H3:892664cf0bbffff (suc=16, lamba_ariza=19)",57.42,"LINESTRING (-87.64384104022946 41.83542602378518, -87.64384104022946 41.83542602378518)"
892664cad3bffff,"H3:892664cad3bffff (suc=77, lamba_ariza=32)",95.04,"LINESTRING (-87.65419278166814 41.88581702388129, -87.65419278166814 41.88581702388129)"
892664cf4cbffff,"H3:892664cf4cbffff (suc=13, lamba_ariza=8)",42.68,"LINESTRING (-87.65261752054107 41.86145055329211, -87.65261752054107 41.86145055329211)"
892664d8b1bffff,"H3:892664d8b1bffff (suc=12, lamba_ariza=10)",41.38,"LINESTRING (-87.68359268766204 41.96624527954893, -87.68359268766204 41.96624527954893)"
892664cc267ffff,"H3:892664cc267ffff (suc=19, lamba_ariza=13)",57.91,"LINESTRING (-87.6522958731486 41.768630885967866, -87.6522958731486 41.768630885967866)"
892664cd893ffff,"H3:892664cd893ffff (suc=46, lamba_ariza=10)",76.48,"LINESTRING (-87.65791440557176 41.74596205631829, -87.65791440557176 41.74596205631829)"
892664cd0abffff,"H3:892664cd0abffff (suc=23, lamba_ariza=11)",61.69,"LINESTRING (-87.69177750340403 41.78734531766925, -87.69177750340403 41.78734531766925)"
892664cc657ffff,"H3:892664cc657ffff (suc=13, lamba_ariza=4)",38.48,"LINESTRING (-87.64719482224947 41.79942062215598, -87.64719482224947 41.79942062215598)"
8926645756fffff,"H3:8926645756fffff (suc=2, lamba_ariza=0)",5.3,"LINESTRING (-87.69084841492753 41.68650931906516, -87.69084841492753 41.68650931906516)"
892664cf483ffff,"H3:892664cf483ffff (suc=2, lamba_ariza=1)",9.47,"LINESTRING (-87.6369721138785 41.86103484783733, -87.6369721138785 41.86103484783733)"
892664cf53bffff,"H3:892664cf53bffff (suc=23, lamba_ariza=36)",75.86,"LINESTRING (-87.6210020511044 41.8333422323583, -87.6210020511044 41.8333422323583)"
89266457007ffff,"H3:89266457007ffff (suc=2, lamba_ariza=5)",9.31,"LINESTRING (-87.70941214802858 41.68920468501344, -87.70941214802858 41.68920468501344)"
892664cd037ffff,"H3:892664cd037ffff (suc=11, lamba_ariza=11)",41.75,"LINESTRING (-87.69002001067098 41.7821451867564, -87.69002001067098 41.7821451867564)"
892664ca183ffff,"H3:892664ca183ffff (suc=19, lamba_ariza=5)",50.71,"LINESTRING (-87.69114916229852 41.929556071961464, -87.69114916229852 41.929556071961464)"
892664ccd47ffff,"H3:892664ccd47ffff (suc=12, lamba_ariza=14)",44.72,"LINESTRING (-87.5649982167715 41.732409858548806, -87.5649982167715 41.732409858548806)"
892664cf14bffff,"H3:892664cf14bffff (suc=1, lamba_ariza=21)",20.5,"LINESTRING (-87.64701091007508 41.81856602266114, -87.64701091007508 41.81856602266114)"
892664ca05bffff,"H3:892664ca05bffff (suc=13, lamba_ariza=7)",40.53,"LINESTRING (-87.7332373864322 41.94244651221758, -87.7332373864322 41.94244651221758)"
89266419437ffff,"H3:89266419437ffff (suc=14, lamba_ariza=13)",49.3,"LINESTRING (-87.5354845194071 41.69038944904454, -87.5354845194071 41.69038944904454)"
892664c166bffff,"H3:892664c166bffff (suc=28, lamba_ariza=15)",71.8,"LINESTRING (-87.6705535553633 41.940819473566364, -87.6705535553633 41.940819473566364)"
892664ca41bffff,"H3:892664ca41bffff (suc=32, lamba_ariza=21)",79.47,"LINESTRING (-87.71318489511619 41.96184832805537, -87.71318489511619 41.96184832805537)"
892664d9d6bffff,"H3:892664d9d6bffff (suc=2, lamba_ariza=5)",11.88,"LINESTRING (-87.73348018128661 41.98893541293091, -87.73348018128661 41.98893541293091)"
89266452563ffff,"H3:89266452563ffff (suc=11, lamba_ariza=18)",46.92,"LINESTRING (-87.75601561444076 41.79416892634445, -87.75601561444076 41.79416892634445)"
892664cc4c7ffff,"H3:892664cc4c7ffff (suc=45, lamba_ariza=48)",92.39,"LINESTRING (-87.61224801091598 41.807322775873345, -87.61224801091598 41.807322775873345)"
892664cc3d3ffff,"H3:892664cc3d3ffff (suc=3, lamba_ariza=5)",13.1,"LINESTRING (-87.63124030765307 41.77174908398395, -87.63124030765307 41.77174908398395)"
892664cd983ffff,"H3:892664cd983ffff (suc=8, lamba_ariza=18)",40.12,"LINESTRING (-87.63828656631723 41.72703983190286, -87.63828656631723 41.72703983190286)"
892664523cfffff,"H3:892664523cfffff (suc=1, lamba_ariza=3)",6.32,"LINESTRING (-87.79335568973426 41.780399462630136, -87.79335568973426 41.780399462630136)"
892664cdeabffff,"H3:892664cdeabffff (suc=3, lamba_ariza=6)",14.51,"LINESTRING (-87.67948318894923 41.75095021459944, -87.67948318894923 41.75095021459944)"
892664ca89bffff,"H3:892664ca89bffff (suc=17, lamba_ariza=16)",57.21,"LINESTRING (-87.68180846736989 41.89539096409636, -87.68180846736989 41.89539096409636)"
892664c8027ffff,"H3:892664c8027ffff (suc=33, lamba_ariza=13)",73.92,"LINESTRING (-87.75777108912301 41.88408775283457, -87.75777108912301 41.88408775283457)"
892664cc457ffff,"H3:892664cc457ffff (suc=39, lamba_ariza=26)",86.22,"LINESTRING (-87.61769543866471 41.80378656301147, -87.61769543866471 41.80378656301147)"
892664cdecbffff,"H3:892664cdecbffff (suc=4, lamba_ariza=13)",25.35,"LINESTRING (-87.69562116938806 41.75947179011713, -87.69562116938806 41.75947179011713)"
892664cd153ffff,"H3:892664cd153ffff (suc=33, lamba_ariza=17)",77.41,"LINESTRING (-87.68826290551154 41.77694533253766, -87.68826290551154 41.77694533253766)"
89266452823ffff,"H3:89266452823ffff (suc=3, lamba_ariza=2)",12.31,"LINESTRING (-87.74083108958926 41.73636683267827, -87.74083108958926 41.73636683267827)"
892664c8997ffff,"H3:892664c8997ffff (suc=0, lamba_ariza=1)",0.97,"LINESTRING (-87.70040895610626 41.832497548368394, -87.70040895610626 41.832497548368394)"
892664cc58fffff,"H3:892664cc58fffff (suc=0, lamba_ariza=3)",2.06,"LINESTRING (-87.58418241317055 41.789623117148565, -87.58418241317055 41.789623117148565)"
892664c811bffff,"H3:892664c811bffff (suc=76, lamba_ariza=28)",93.66,"LINESTRING (-87.74756588660577 41.88014115894601, -87.74756588660577 41.88014115894601)"
89266452c73ffff,"H3:89266452c73ffff (suc=2, lamba_ariza=7)",13.86,"LINESTRING (-87.74244815195223 41.76069298299398, -87.74244815195223 41.76069298299398)"
892664c9597ffff,"H3:892664c9597ffff (suc=1, lamba_ariza=10)",10.63,"LINESTRING (-87.80515192501608 41.912563001540065, -87.80515192501608 41.912563001540065)"
892664d89d3ffff,"H3:892664d89d3ffff (suc=14, lamba_ariza=15)",50.43,"LINESTRING (-87.65451906798411 41.97876708717214, -87.65451906798411 41.97876708717214)"
892664ca47bffff,"H3:892664ca47bffff (suc=11, lamba_ariza=16)",46.21,"LINESTRING (-87.71987104274133 41.95538083687689, -87.71987104274133 41.95538083687689)"
892664cc563ffff,"H3:892664cc563ffff (suc=26, lamba_ariza=6)",61.65,"LINESTRING (-87.5963103101158 41.77964273475254, -87.5963103101158 41.77964273475254)"
892664cd91bffff,"H3:892664cd91bffff (suc=8, lamba_ariza=4)",27.43,"LINESTRING (-87.64792894968166 41.72288328287735, -87.64792894968166 41.72288328287735)"
892664ca093ffff,"H3:892664ca093ffff (suc=13, lamba_ariza=15)",48.61,"LINESTRING (-87.71088235120688 41.94850920441228, -87.71088235120688 41.94850920441228)"
892664c1013ffff,"H3:892664c1013ffff (suc=30, lamba_ariza=14)",72.09,"LINESTRING (-87.63745206064813 41.93478260602316, -87.63745206064813 41.93478260602316)"
89266419e8bffff,"H3:89266419e8bffff (suc=2, lamba_ariza=0)",6.6,"LINESTRING (-87.5384101797291 41.64634397356768, -87.5384101797291 41.64634397356768)"
892664d8cd7ffff,"H3:892664d8cd7ffff (suc=33, lamba_ariza=26)",82.51,"LINESTRING (-87.66385705546537 42.012968645516914, -87.66385705546537 42.012968645516914)"
892664cde8bffff,"H3:892664cde8bffff (suc=3, lamba_ariza=22)",27.93,"LINESTRING (-87.68422062116953 41.758435537343495, -87.68422062116953 41.758435537343495)"
892664d8a5bffff,"H3:892664d8a5bffff (suc=11, lamba_ariza=25)",51.58,"LINESTRING (-87.71602595093665 41.98332089712794, -87.71602595093665 41.98332089712794)"
89266452d33ffff,"H3:89266452d33ffff (suc=8, lamba_ariza=5)",28.8,"LINESTRING (-87.71016314575733 41.743662002779864, -87.71016314575733 41.743662002779864)"
892664520bbffff,"H3:892664520bbffff (suc=4, lamba_ariza=18)",27.84,"LINESTRING (-87.77041294268902 41.7974832323688, -87.77041294268902 41.7974832323688)"
892664d8b4fffff,"H3:892664d8b4fffff (suc=17, lamba_ariza=6)",49.27,"LINESTRING (-87.69327992533424 41.96207032986639, -87.69327992533424 41.96207032986639)"
892664d8a87ffff,"H3:892664d8a87ffff (suc=12, lamba_ariza=15)",45.06,"LINESTRING (-87.69188249285146 41.98417220475193, -87.69188249285146 41.98417220475193)"
892664564c7ffff,"H3:892664564c7ffff (suc=22, lamba_ariza=51)",76.68,"LINESTRING (-87.62585643758302 41.70978294718696, -87.62585643758302 41.70978294718696)"
892664cd5abffff,"H3:892664cd5abffff (suc=31, lamba_ariza=10)",69.1,"LINESTRING (-87.66229328690181 41.79172134568986, -87.66229328690181 41.79172134568986)"
8926645612bffff,"H3:8926645612bffff (suc=0, lamba_ariza=10)",8.59,"LINESTRING (-87.61137228783129 41.66011352907496, -87.61137228783129 41.66011352907496)"
892664cd583ffff,"H3:892664cd583ffff (suc=17, lamba_ariza=4)",46.57,"LINESTRING (-87.6628190843435 41.799835819585866, -87.6628190843435 41.799835819585866)"
89266452d43ffff,"H3:89266452d43ffff (suc=5, lamba_ariza=27)",37.85,"LINESTRING (-87.72752660707877 41.74926649560078, -87.72752660707877 41.74926649560078)"
892664cd52bffff,"H3:892664cd52bffff (suc=9, lamba_ariza=14)",39.73,"LINESTRING (-87.66896280326384 41.785270988384255, -87.66896280326384 41.785270988384255)"
892664ca85bffff,"H3:892664ca85bffff (suc=1, lamba_ariza=5)",6.0,"LINESTRING (-87.69992266325927 41.889966332894815, -87.69992266325927 41.889966332894815)"
892664cdb9bffff,"H3:892664cdb9bffff (suc=1, lamba_ariza=6)",8.91,"LINESTRING (-87.67071314301626 41.72496202576496, -87.67071314301626 41.72496202576496)"
892664cf0d3ffff,"H3:892664cf0d3ffff (suc=4, lamba_ariza=7)",19.86,"LINESTRING (-87.65578590410375 41.84458511727982, -87.65578590410375 41.84458511727982)"
892664cb133ffff,"H3:892664cb133ffff (suc=11, lamba_ariza=16)",45.58,"LINESTRING (-87.7719317395574 41.92573393594154, -87.7719317395574 41.92573393594154)"
892664193a7ffff,"H3:892664193a7ffff (suc=12, lamba_ariza=27)",53.84,"LINESTRING (-87.54731856987233 41.65320879034734, -87.54731856987233 41.65320879034734)"
892664cad57ffff,"H3:892664cad57ffff (suc=45, lamba_ariza=44)",92.14,"LINESTRING (-87.66316210557247 41.892689096169185, -87.66316210557247 41.892689096169185)"
89275936977ffff,"H3:89275936977ffff (suc=6, lamba_ariza=14)",30.46,"LINESTRING (-87.81380025261078 41.97694491347093, -87.81380025261078 41.97694491347093)"
8926645256bffff,"H3:8926645256bffff (suc=12, lamba_ariza=5)",36.23,"LINESTRING (-87.76022609028958 41.79354082618538, -87.76022609028958 41.79354082618538)"
892664c16afffff,"H3:892664c16afffff (suc=83, lamba_ariza=33)",95.64,"LINESTRING (-87.64942156666808 41.9439518823772, -87.64942156666808 41.9439518823772)"
892664ce3cfffff,"H3:892664ce3cfffff (suc=0, lamba_ariza=8)",6.04,"LINESTRING (-87.5869539723591 41.811058536662415, -87.5869539723591 41.811058536662415)"
892664cd147ffff,"H3:892664cd147ffff (suc=33, lamba_ariza=19)",78.42,"LINESTRING (-87.6865061878008 41.77174575509142, -87.6865061878008 41.77174575509142)"
892664cad8fffff,"H3:892664cad8fffff (suc=84, lamba_ariza=26)",93.3,"LINESTRING (-87.65049606475704 41.89456634303766, -87.65049606475704 41.89456634303766)"
892664d88c3ffff,"H3:892664d88c3ffff (suc=20, lamba_ariza=16)",63.0,"LINESTRING (-87.6767270412917 41.99189646724214, -87.6767270412917 41.99189646724214)"
892664560b3ffff,"H3:892664560b3ffff (suc=31, lamba_ariza=26)",80.88,"LINESTRING (-87.62009803060901 41.68608842241007, -87.62009803060901 41.68608842241007)"
892664cd457ffff,"H3:892664cd457ffff (suc=15, lamba_ariza=7)",45.87,"LINESTRING (-87.6975842901187 41.81106242482341, -87.6975842901187 41.81106242482341)"
892664ceadbffff,"H3:892664ceadbffff (suc=28, lamba_ariza=1)",58.56,"LINESTRING (-87.57647744347332 41.77983970517363, -87.57647744347332 41.77983970517363)"
89266456c9bffff,"H3:89266456c9bffff (suc=8, lamba_ariza=0)",23.23,"LINESTRING (-87.58738898773154 41.660930266057925, -87.58738898773154 41.660930266057925)"
89266457523ffff,"H3:89266457523ffff (suc=3, lamba_ariza=10)",17.97,"LINESTRING (-87.67824071605592 41.68838165133063, -87.67824071605592 41.68838165133063)"
892664cdd63ffff,"H3:892664cdd63ffff (suc=32, lamba_ariza=49)",85.81,"LINESTRING (-87.64301536839498 41.73452520433888, -87.64301536839498 41.73452520433888)"
892664575cfffff,"H3:892664575cfffff (suc=1, lamba_ariza=16)",17.8,"LINESTRING (-87.6889287352158 41.70043242626556, -87.6889287352158 41.70043242626556)"
892664d896bffff,"H3:892664d896bffff (suc=14, lamba_ariza=4)",41.06,"LINESTRING (-87.66192295529576 41.96125075832185, -87.66192295529576 41.96125075832185)"
892664cf027ffff,"H3:892664cf027ffff (suc=10, lamba_ariza=16)",42.04,"LINESTRING (-87.6445492264775 41.824393788976, -87.6445492264775 41.824393788976)"
89266452147ffff,"H3:89266452147ffff (suc=11, lamba_ariza=10)",38.75,"LINESTRING (-87.76633680836181 41.778973738702284, -87.76633680836181 41.778973738702284)"
89266456377ffff,"H3:89266456377ffff (suc=9, lamba_ariza=17)",40.63,"LINESTRING (-87.6437553765174 41.65804758506913, -87.6437553765174 41.65804758506913)"
892664cdd43ffff,"H3:892664cdd43ffff (suc=20, lamba_ariza=27)",68.86,"LINESTRING (-87.64774564563578 41.74201097281883, -87.64774564563578 41.74201097281883)"
892664ca443ffff,"H3:892664ca443ffff (suc=22, lamba_ariza=20)",68.34,"LINESTRING (-87.72163837737239 41.960590762298885, -87.72163837737239 41.960590762298885)"
8926645654bffff,"H3:8926645654bffff (suc=32, lamba_ariza=12)",72.19,"LINESTRING (-87.61886901517158 41.68899720663564, -87.61886901517158 41.68899720663564)"
8926641955bffff,"H3:8926641955bffff (suc=11, lamba_ariza=14)",44.54,"LINESTRING (-87.5379534497067 41.68457306010785, -87.5379534497067 41.68457306010785)"
892664ceb47ffff,"H3:892664ceb47ffff (suc=20, lamba_ariza=44)",72.6,"LINESTRING (-87.55635772106635 41.75278258163234, -87.55635772106635 41.75278258163234)"
892664c842bffff,"H3:892664c842bffff (suc=33, lamba_ariza=16)",76.21,"LINESTRING (-87.75640707506116 41.90616789075308, -87.75640707506116 41.90616789075308)"
89266452d1bffff,"H3:89266452d1bffff (suc=9, lamba_ariza=3)",29.01,"LINESTRING (-87.719111983213 41.75051908272862, -87.719111983213 41.75051908272862)"
892664523d3ffff,"H3:892664523d3ffff (suc=5, lamba_ariza=49)",40.05,"LINESTRING (-87.7909153709531 41.786226482343956, -87.7909153709531 41.786226482343956)"
8926645200bffff,"H3:8926645200bffff (suc=10, lamba_ariza=40)",52.29,"LINESTRING (-87.78304375740613 41.79559683407002, -87.78304375740613 41.79559683407002)"
892664d9b93ffff,"H3:892664d9b93ffff (suc=1, lamba_ariza=28)",22.67,"LINESTRING (-87.75285076641012 41.98057433139782, -87.75285076641012 41.98057433139782)"
89266419307ffff,"H3:89266419307ffff (suc=1, lamba_ariza=18)",17.98,"LINESTRING (-87.55869399072063 41.65425888685154, -87.55869399072063 41.65425888685154)"
892664cc957ffff,"H3:892664cc957ffff (suc=5, lamba_ariza=20)",31.77,"LINESTRING (-87.57239815709636 41.71495134610415, -87.57239815709636 41.71495134610415)"
892664c86cbffff,"H3:892664c86cbffff (suc=9, lamba_ariza=26)",45.41,"LINESTRING (-87.79548787945889 41.91674369439033, -87.79548787945889 41.91674369439033)"
892664d9813ffff,"H3:892664d9813ffff (suc=2, lamba_ariza=14)",17.12,"LINESTRING (-87.7509379022494 41.99454741683271, -87.7509379022494 41.99454741683271)"
892664c818bffff,"H3:892664c818bffff (suc=23, lamba_ariza=4)",55.98,"LINESTRING (-87.74212116281046 41.8836867020115, -87.74212116281046 41.8836867020115)"
892664ca307ffff,"H3:892664ca307ffff (suc=17, lamba_ariza=9)",52.09,"LINESTRING (-87.72440180668187 41.91640634307188, -87.72440180668187 41.91640634307188)"
892664ccc47ffff,"H3:892664ccc47ffff (suc=24, lamba_ariza=17)",67.99,"LINESTRING (-87.5858348221159 41.74843652928111, -87.5858348221159 41.74843652928111)"
8927593484bffff,"H3:8927593484bffff (suc=1, lamba_ariza=0)",1.7,"LINESTRING (-87.89471224487703 41.95385509645391, -87.89471224487703 41.95385509645391)"
892664ca673ffff,"H3:892664ca673ffff (suc=11, lamba_ariza=5)",35.45,"LINESTRING (-87.74522505512904 41.95160547125521, -87.74522505512904 41.95160547125521)"
892664cd1afffff,"H3:892664cd1afffff (suc=13, lamba_ariza=14)",48.8,"LINESTRING (-87.66790958400479 41.76904583152105, -87.66790958400479 41.76904583152105)"
892664cb56fffff,"H3:892664cb56fffff (suc=11, lamba_ariza=18)",45.71,"LINESTRING (-87.77724844400146 41.941355781867905, -87.77724844400146 41.941355781867905)"
892664cd1b3ffff,"H3:892664cd1b3ffff (suc=35, lamba_ariza=21)",81.47,"LINESTRING (-87.66545329508217 41.77487026556639, -87.66545329508217 41.77487026556639)"
892664cae53ffff,"H3:892664cae53ffff (suc=23, lamba_ariza=13)",63.17,"LINESTRING (-87.71664862509111 41.906620328809595, -87.71664862509111 41.906620328809595)"
892664d8333ffff,"H3:892664d8333ffff (suc=5, lamba_ariza=10)",23.92,"LINESTRING (-87.70794462890115 42.01189956917316, -87.70794462890115 42.01189956917316)"
892664cf107ffff,"H3:892664cf107ffff (suc=28, lamba_ariza=26)",78.06,"LINESTRING (-87.62839595832422 41.81585914508515, -87.62839595832422 41.81585914508515)"
892759349b3ffff,"H3:892759349b3ffff (suc=0, lamba_ariza=1)",0.21,"LINESTRING (-87.84536286949995 41.93937190574679, -87.84536286949995 41.93937190574679)"
892664cf357ffff,"H3:892664cf357ffff (suc=23, lamba_ariza=79)",77.14,"LINESTRING (-87.66808591660899 41.815442022814935, -87.66808591660899 41.815442022814935)"
892664cd00bffff,"H3:892664cd00bffff (suc=31, lamba_ariza=17)",74.85,"LINESTRING (-87.70318513612781 41.78838076502693, -87.70318513612781 41.78838076502693)"
892664cf6afffff,"H3:892664cf6afffff (suc=0, lamba_ariza=5)",4.33,"LINESTRING (-87.66299042269124 41.8462495170053, -87.66299042269124 41.8462495170053)"
892664cae73ffff,"H3:892664cae73ffff (suc=36, lamba_ariza=30)",85.66,"LINESTRING (-87.71189110022856 41.89912416142956, -87.71189110022856 41.89912416142956)"
892664c802fffff,"H3:892664c802fffff (suc=50, lamba_ariza=20)",86.74,"LINESTRING (-87.76198972330108 41.883458436903254, -87.76198972330108 41.883458436903254)"
892664cf52fffff,"H3:892664cf52fffff (suc=18, lamba_ariza=18)",61.95,"LINESTRING (-87.6192504696748 41.828137787520866, -87.6192504696748 41.828137787520866)"
8926641948fffff,"H3:8926641948fffff (suc=25, lamba_ariza=24)",74.27,"LINESTRING (-87.53895955333404 41.70078551750202, -87.53895955333404 41.70078551750202)"
8926645655bffff,"H3:8926645655bffff (suc=27, lamba_ariza=9)",64.7,"LINESTRING (-87.61763984151457 41.69190608916557, -87.61763984151457 41.69190608916557)"
89275934c03ffff,"H3:89275934c03ffff (suc=0, lamba_ariza=1)",0.54,"LINESTRING (-87.87050670955196 41.97391849223233, -87.87050670955196 41.97391849223233)"
89275936d0fffff,"H3:89275936d0fffff (suc=1, lamba_ariza=13)",12.16,"LINESTRING (-87.80400439186283 42.000313925615316, -87.80400439186283 42.000313925615316)"
892664c8927ffff,"H3:892664c8927ffff (suc=24, lamba_ariza=31)",75.75,"LINESTRING (-87.70355755344029 41.81563778366099, -87.70355755344029 41.81563778366099)"
892664c8b63ffff,"H3:892664c8b63ffff (suc=0, lamba_ariza=7)",5.9,"LINESTRING (-87.74745191457932 41.814566932825606, -87.74745191457932 41.814566932825606)"
892664cd467ffff,"H3:892664cd467ffff (suc=12, lamba_ariza=12)",42.8,"LINESTRING (-87.69406663332317 41.80065982170486, -87.69406663332317 41.80065982170486)"
8926641b2cfffff,"H3:8926641b2cfffff (suc=1, lamba_ariza=16)",17.37,"LINESTRING (-87.54170516897788 41.722200526437284, -87.54170516897788 41.722200526437284)"
892664cf16bffff,"H3:892664cf16bffff (suc=17, lamba_ariza=22)",61.77,"LINESTRING (-87.64227290713501 41.81107374899989, -87.64227290713501 41.81107374899989)"
892664c1363ffff,"H3:892664c1363ffff (suc=22, lamba_ariza=2)",53.61,"LINESTRING (-87.65401143246369 41.904982171279904, -87.65401143246369 41.904982171279904)"
892664cce03ffff,"H3:892664cce03ffff (suc=56, lamba_ariza=19)",86.9,"LINESTRING (-87.60688519369842 41.745327927444954, -87.60688519369842 41.745327927444954)"
892664c854bffff,"H3:892664c854bffff (suc=25, lamba_ariza=17)",69.5,"LINESTRING (-87.751643615426 41.8986737736158, -87.751643615426 41.8986737736158)"
892664cf39bffff,"H3:892664cf39bffff (suc=1, lamba_ariza=9)",12.16,"LINESTRING (-87.65719647508969 41.8225198593869, -87.65719647508969 41.8225198593869)"
892664cb0abffff,"H3:892664cb0abffff (suc=6, lamba_ariza=12)",30.28,"LINESTRING (-87.79169247768533 41.94467054798896, -87.79169247768533 41.94467054798896)"
892664cad7bffff,"H3:892664cad7bffff (suc=83, lamba_ariza=15)",86.56,"LINESTRING (-87.66562496641316 41.88685607654476, -87.66562496641316 41.88685607654476)"
892664d9d4bffff,"H3:892664d9d4bffff (suc=1, lamba_ariza=4)",5.82,"LINESTRING (-87.73825022713571 41.9964380054363, -87.73825022713571 41.9964380054363)"
892664cc9a7ffff,"H3:892664cc9a7ffff (suc=4, lamba_ariza=12)",23.72,"LINESTRING (-87.55085202222833 41.70994373417484, -87.55085202222833 41.70994373417484)"
892664cadd3ffff,"H3:892664cadd3ffff (suc=5, lamba_ariza=1)",16.43,"LINESTRING (-87.6594666196897 41.9014393580831, -87.6594666196897 41.9014393580831)"
892664cad13ffff,"H3:892664cad13ffff (suc=26, lamba_ariza=15)",68.95,"LINESTRING (-87.65471823674851 41.89394073751233, -87.65471823674851 41.89394073751233)"
892664c8cafffff,"H3:892664c8cafffff (suc=41, lamba_ariza=21)",84.39,"LINESTRING (-87.7134329771311 41.857887805380024, -87.7134329771311 41.857887805380024)"
892664d8a4bffff,"H3:892664d8a4bffff (suc=1, lamba_ariza=5)",4.46,"LINESTRING (-87.71725637485983 41.98040066416285, -87.71725637485983 41.98040066416285)"
892664c1a37ffff,"H3:892664c1a37ffff (suc=181, lamba_ariza=90)",99.85,"LINESTRING (-87.62606631720801 41.86811450720571, -87.62606631720801 41.86811450720571)"
892664c80a7ffff,"H3:892664c80a7ffff (suc=37, lamba_ariza=22)",83.05,"LINESTRING (-87.75110118972262 41.89055102718284, -87.75110118972262 41.89055102718284)"
892664c1267ffff,"H3:892664c1267ffff (suc=12, lamba_ariza=3)",36.79,"LINESTRING (-87.67195995205326 41.91872879320809, -87.67195995205326 41.91872879320809)"
892664cd36fffff,"H3:892664cd36fffff (suc=0, lamba_ariza=2)",1.43,"LINESTRING (-87.71543892722369 41.75925491987855, -87.71543892722369 41.75925491987855)"
892664563c3ffff,"H3:892664563c3ffff (suc=11, lamba_ariza=16)",45.72,"LINESTRING (-87.6460245942812 41.67134338401175, -87.6460245942812 41.67134338401175)"
892664d8b03ffff,"H3:892664d8b03ffff (suc=10, lamba_ariza=26)",49.66,"LINESTRING (-87.68059700853767 41.96395346462169, -87.68059700853767 41.96395346462169)"
892664d8a1bffff,"H3:892664d8a1bffff (suc=5, lamba_ariza=2)",17.62,"LINESTRING (-87.70457015146899 41.982287082063124, -87.70457015146899 41.982287082063124)"
892664cc6afffff,"H3:892664cc6afffff (suc=50, lamba_ariza=16)",83.93,"LINESTRING (-87.62981881384214 41.793801153676384, -87.62981881384214 41.793801153676384)"
89266456247ffff,"H3:89266456247ffff (suc=3, lamba_ariza=32)",31.38,"LINESTRING (-87.67053452605617 41.678616659237335, -87.67053452605617 41.678616659237335)"
892664c841bffff,"H3:892664c841bffff (suc=11, lamba_ariza=12)",40.7,"LINESTRING (-87.75994628720167 41.916580506351586, -87.75994628720167 41.916580506351586)"
892664cdcabffff,"H3:892664cdcabffff (suc=29, lamba_ariza=20)",75.83,"LINESTRING (-87.65002011111596 41.755319919439025, -87.65002011111596 41.755319919439025)"
8926645668fffff,"H3:8926645668fffff (suc=11, lamba_ariza=13)",42.89,"LINESTRING (-87.6481121021667 41.703760027397315, -87.6481121021667 41.703760027397315)"
892664d8b2fffff,"H3:892664d8b2fffff (suc=20, lamba_ariza=24)",68.68,"LINESTRING (-87.67707137863125 41.9535316981087, -87.67707137863125 41.9535316981087)"
892664cb21bffff,"H3:892664cb21bffff (suc=4, lamba_ariza=22)",29.89,"LINESTRING (-87.83147548607344 41.94419015489228, -87.83147548607344 41.94419015489228)"
892664cf6a3ffff,"H3:892664cf6a3ffff (suc=1, lamba_ariza=1)",4.19,"LINESTRING (-87.66175997946475 41.84916447652756, -87.66175997946475 41.84916447652756)"
892664cb273ffff,"H3:892664cb273ffff (suc=3, lamba_ariza=19)",27.05,"LINESTRING (-87.83391878405796 41.93835101962459, -87.83391878405796 41.93835101962459)"
892664ccacbffff,"H3:892664ccacbffff (suc=3, lamba_ariza=22)",26.94,"LINESTRING (-87.62443426396882 41.73181848587014, -87.62443426396882 41.73181848587014)"
89266456633ffff,"H3:89266456633ffff (suc=6, lamba_ariza=16)",31.27,"LINESTRING (-87.64758995202422 41.69565469147305, -87.64758995202422 41.69565469147305)"
892664d9e13ffff,"H3:892664d9e13ffff (suc=1, lamba_ariza=6)",5.39,"LINESTRING (-87.77194814290131 42.01058028108326, -87.77194814290131 42.01058028108326)"
892664564d7ffff,"H3:892664564d7ffff (suc=15, lamba_ariza=60)",64.53,"LINESTRING (-87.6246271723013 41.71269264318797, -87.6246271723013 41.71269264318797)"
892664d81bbffff,"H3:892664d81bbffff (suc=7, lamba_ariza=7)",27.27,"LINESTRING (-87.67585132903072 42.02214227478992, -87.67585132903072 42.02214227478992)"
892664cc2afffff,"H3:892664cc2afffff (suc=17, lamba_ariza=25)",63.96,"LINESTRING (-87.63843303748226 41.77341425462779, -87.63843303748226 41.77341425462779)"
892664ca3cfffff,"H3:892664ca3cfffff (suc=23, lamba_ariza=17)",67.78,"LINESTRING (-87.73338595925946 41.92327452670052, -87.73338595925946 41.92327452670052)"
8926645610bffff,"H3:8926645610bffff (suc=1, lamba_ariza=0)",4.06,"LINESTRING (-87.61609022095026 41.667594575026946, -87.61609022095026 41.667594575026946)"
892664cc073ffff,"H3:892664cc073ffff (suc=3, lamba_ariza=8)",17.62,"LINESTRING (-87.62456685920272 41.77819639626504, -87.62456685920272 41.77819639626504)"
892664cd8cbffff,"H3:892664cd8cbffff (suc=10, lamba_ariza=20)",45.19,"LINESTRING (-87.67474723408301 41.743465286297386, -87.67474723408301 41.743465286297386)"
892664cb233ffff,"H3:892664cb233ffff (suc=2, lamba_ariza=9)",12.73,"LINESTRING (-87.82247487659679 41.937328980300606, -87.82247487659679 41.937328980300606)"
892664c1a17ffff,"H3:892664c1a17ffff (suc=102, lamba_ariza=55)",98.81,"LINESTRING (-87.63080773170734 41.875612401455015, -87.63080773170734 41.875612401455015)"
89266456583ffff,"H3:89266456583ffff (suc=15, lamba_ariza=0)",40.9,"LINESTRING (-87.59661503985951 41.69501321958188, -87.59661503985951 41.69501321958188)"
89275934133ffff,"H3:89275934133ffff (suc=1, lamba_ariza=0)",2.15,"LINESTRING (-87.88553109267067 41.98535097939128, -87.88553109267067 41.98535097939128)"
89266456393ffff,"H3:89266456393ffff (suc=3, lamba_ariza=29)",32.34,"LINESTRING (-87.63341781418917 41.67321034063707, -87.63341781418917 41.67321034063707)"
892664cd567ffff,"H3:892664cd567ffff (suc=14, lamba_ariza=18)",53.97,"LINESTRING (-87.67317456043065 41.78464611319849, -87.67317456043065 41.78464611319849)"
892664cf3c7ffff,"H3:892664cf3c7ffff (suc=1, lamba_ariza=3)",2.21,"LINESTRING (-87.66264164935816 41.81898097045376, -87.66264164935816 41.81898097045376)"
892664ca87bffff,"H3:892664ca87bffff (suc=35, lamba_ariza=18)",79.07,"LINESTRING (-87.69516936979515 41.88247071820617, -87.69516936979515 41.88247071820617)"
892664ca6bbffff,"H3:892664ca6bbffff (suc=17, lamba_ariza=20)",61.02,"LINESTRING (-87.73132007387183 41.9564131622242, -87.73132007387183 41.9564131622242)"
892664cc827ffff,"H3:892664cc827ffff (suc=3, lamba_ariza=9)",17.64,"LINESTRING (-87.57834848722787 41.71952928344448, -87.57834848722787 41.71952928344448)"
892664cb04fffff,"H3:892664cb04fffff (suc=4, lamba_ariza=20)",29.08,"LINESTRING (-87.81158458047331 41.944432061750945, -87.81158458047331 41.944432061750945)"
892664d8a7bffff,"H3:892664d8a7bffff (suc=6, lamba_ariza=19)",35.76,"LINESTRING (-87.71126061041562 41.975818274485746, -87.71126061041562 41.975818274485746)"
892664ca64fffff,"H3:892664ca64fffff (suc=14, lamba_ariza=18)",53.04,"LINESTRING (-87.75244790711673 41.95326526315769, -87.75244790711673 41.95326526315769)"
892664d9b03ffff,"H3:892664d9b03ffff (suc=3, lamba_ariza=1)",10.59,"LINESTRING (-87.76076070061738 41.97118305267872, -87.76076070061738 41.97118305267872)"
8926645668bffff,"H3:8926645668bffff (suc=15, lamba_ariza=16)",53.95,"LINESTRING (-87.65108959815463 41.70604657489379, -87.65108959815463 41.70604657489379)"
89266419027ffff,"H3:89266419027ffff (suc=0, lamba_ariza=11)",9.14,"LINESTRING (-87.5453564299615 41.66712624809022, -87.5453564299615 41.66712624809022)"
892664ca213ffff,"H3:892664ca213ffff (suc=35, lamba_ariza=21)",80.75,"LINESTRING (-87.7471378959989 41.93763964542223, -87.7471378959989 41.93763964542223)"
892664c8573ffff,"H3:892664c8573ffff (suc=7, lamba_ariza=6)",26.65,"LINESTRING (-87.74143555780925 41.89472610191786, -87.74143555780925 41.89472610191786)"
892664cd1dbffff,"H3:892664cd1dbffff (suc=25, lamba_ariza=37)",78.64,"LINESTRING (-87.68580888494819 41.78277063218524, -87.68580888494819 41.78277063218524)"
892664cf36fffff,"H3:892664cf36fffff (suc=13, lamba_ariza=22)",54.23,"LINESTRING (-87.66878797090764 41.804412640449776, -87.66878797090764 41.804412640449776)"
892664cd927ffff,"H3:892664cd927ffff (suc=7, lamba_ariza=19)",37.85,"LINESTRING (-87.63724534016166 41.71082511711165, -87.63724534016166 41.71082511711165)"
892664ca12bffff,"H3:892664ca12bffff (suc=21, lamba_ariza=24)",69.61,"LINESTRING (-87.6973007683233 41.91496654527307, -87.6973007683233 41.91496654527307)"
892664cdd03ffff,"H3:892664cdd03ffff (suc=5, lamba_ariza=9)",24.0,"LINESTRING (-87.63634912331706 41.74096989948573, -87.63634912331706 41.74096989948573)"
892664cc54bffff,"H3:892664cc54bffff (suc=31, lamba_ariza=30)",82.44,"LINESTRING (-87.60525173330527 41.786512196317716, -87.60525173330527 41.786512196317716)"
892664d8d6fffff,"H3:892664d8d6fffff (suc=4, lamba_ariza=4)",15.32,"LINESTRING (-87.65028912726862 41.979393762258994, -87.65028912726862 41.979393762258994)"
892664cf2d3ffff,"H3:892664cf2d3ffff (suc=2, lamba_ariza=3)",10.73,"LINESTRING (-87.68530494636757 41.84020599755059, -87.68530494636757 41.84020599755059)"
892664194a7ffff,"H3:892664194a7ffff (suc=2, lamba_ariza=41)",31.04,"LINESTRING (-87.53004306234797 41.693916542010555, -87.53004306234797 41.693916542010555)"
892664cdac3ffff,"H3:892664cdac3ffff (suc=9, lamba_ariza=34)",47.81,"LINESTRING (-87.69999174990397 41.73971586302774, -87.69999174990397 41.73971586302774)"
892664cd277ffff,"H3:892664cd277ffff (suc=25, lamba_ariza=17)",69.79,"LINESTRING (-87.73089856803645 41.778795766160115, -87.73089856803645 41.778795766160115)"
892664c8093ffff,"H3:892664c8093ffff (suc=34, lamba_ariza=23)",81.44,"LINESTRING (-87.7576327703541 41.90325018394381, -87.7576327703541 41.90325018394381)"
892664c855bffff,"H3:892664c855bffff (suc=36, lamba_ariza=4)",68.07,"LINESTRING (-87.75041764494412 41.9015912714975, -87.75041764494412 41.9015912714975)"
892664564bbffff,"H3:892664564bbffff (suc=17, lamba_ariza=66)",68.05,"LINESTRING (-87.61569755759803 41.70583015769428, -87.61569755759803 41.70583015769428)"
892664cf09bffff,"H3:892664cf09bffff (suc=4, lamba_ariza=0)",12.64,"LINESTRING (-87.64858177625928 41.84292027103318, -87.64858177625928 41.84292027103318)"
892664cf69bffff,"H3:892664cf69bffff (suc=32, lamba_ariza=24)",80.39,"LINESTRING (-87.66949295490505 41.85894865204937, -87.66949295490505 41.85894865204937)"
892664ca37bffff,"H3:892664ca37bffff (suc=14, lamba_ariza=51)",62.44,"LINESTRING (-87.73706850632517 41.9145203121721, -87.73706850632517 41.9145203121721)"
892664cd007ffff,"H3:892664cd007ffff (suc=38, lamba_ariza=13)",76.07,"LINESTRING (-87.69598890260536 41.78671960047588, -87.69598890260536 41.78671960047588)"
892664cae57ffff,"H3:892664cae57ffff (suc=16, lamba_ariza=12)",51.22,"LINESTRING (-87.71365541797357 41.90433087867588, -87.71365541797357 41.90433087867588)"
892664cde8fffff,"H3:892664cde8fffff (suc=3, lamba_ariza=3)",12.16,"LINESTRING (-87.6812383581129 41.75614868417181, -87.6812383581129 41.75614868417181)"
892664cf303ffff,"H3:892664cf303ffff (suc=4, lamba_ariza=18)",29.63,"LINESTRING (-87.66088610573287 41.81377829425602, -87.66088610573287 41.81377829425602)"
892664cc2b7ffff,"H3:892664cc2b7ffff (suc=44, lamba_ariza=4)",70.66,"LINESTRING (-87.63299105060423 41.776949857928074, -87.63299105060423 41.776949857928074)"
892664cb64bffff,"H3:892664cb64bffff (suc=4, lamba_ariza=8)",20.04,"LINESTRING (-87.835591734785 41.96273173017526, -87.835591734785 41.96273173017526)"
892664d992bffff,"H3:892664d992bffff (suc=18, lamba_ariza=21)",62.87,"LINESTRING (-87.73063078359903 41.967462320677484, -87.73063078359903 41.967462320677484)"
892664c8cd7ffff,"H3:892664c8cd7ffff (suc=36, lamba_ariza=14)",77.0,"LINESTRING (-87.7241685122418 41.869957189790156, -87.7241685122418 41.869957189790156)"
892664566b3ffff,"H3:892664566b3ffff (suc=10, lamba_ariza=7)",35.43,"LINESTRING (-87.64093001751056 41.70209626279643, -87.64093001751056 41.70209626279643)"
892664d8ea7ffff,"H3:892664d8ea7ffff (suc=7, lamba_ariza=25)",40.09,"LINESTRING (-87.67849108955446 41.997109522635064, -87.67849108955446 41.997109522635064)"
892664c1637ffff,"H3:892664c1637ffff (suc=73, lamba_ariza=19)",89.14,"LINESTRING (-87.65065535469272 41.941033553318086, -87.65065535469272 41.941033553318086)"
892664c89bbffff,"H3:892664c89bbffff (suc=4, lamba_ariza=10)",20.6,"LINESTRING (-87.70286368728556 41.826668401367606, -87.70286368728556 41.826668401367606)"
892664d8b8fffff,"H3:892664d8b8fffff (suc=17, lamba_ariza=4)",46.95,"LINESTRING (-87.67513633830914 41.967500256893814, -87.67513633830914 41.967500256893814)"
892664c12a7ffff,"H3:892664c12a7ffff (suc=17, lamba_ariza=46)",67.9,"LINESTRING (-87.65382993259907 41.92415172696818, -87.65382993259907 41.92415172696818)"
892664c889bffff,"H3:892664c889bffff (suc=24, lamba_ariza=16)",67.31,"LINESTRING (-87.72853701665763 41.85017397029221, -87.72853701665763 41.85017397029221)"
892664c8d77ffff,"H3:892664c8d77ffff (suc=12, lamba_ariza=15)",47.4,"LINESTRING (-87.70515789834965 41.83998869595001, -87.70515789834965 41.83998869595001)"
892664d9953ffff,"H3:892664d9953ffff (suc=0, lamba_ariza=1)",0.55,"LINESTRING (-87.74139587135448 41.979544219144124, -87.74139587135448 41.979544219144124)"
892664d9b37ffff,"H3:892664d9b37ffff (suc=6, lamba_ariza=1)",18.71,"LINESTRING (-87.75176375777889 41.96431383930712, -87.75176375777889 41.96431383930712)"
892664d9b63ffff,"H3:892664d9b63ffff (suc=11, lamba_ariza=16)",45.38,"LINESTRING (-87.76744074206579 41.96471238643931, -87.76744074206579 41.96471238643931)"
892664caa27ffff,"H3:892664caa27ffff (suc=36, lamba_ariza=12)",74.15,"LINESTRING (-87.707294307341 41.872467486335715, -87.707294307341 41.872467486335715)"
892664cc90bffff,"H3:892664cc90bffff (suc=12, lamba_ariza=21)",51.48,"LINESTRING (-87.56942340085683 41.71266233233608, -87.56942340085683 41.71266233233608)"
892664ca8b3ffff,"H3:892664ca8b3ffff (suc=6, lamba_ariza=4)",22.23,"LINESTRING (-87.67283625850426 41.888520308504205, -87.67283625850426 41.888520308504205)"
892664ccad7ffff,"H3:892664ccad7ffff (suc=9, lamba_ariza=32)",49.14,"LINESTRING (-87.61601788024409 41.73306326491719, -87.61601788024409 41.73306326491719)"
8926645602bffff,"H3:8926645602bffff (suc=13, lamba_ariza=16)",50.63,"LINESTRING (-87.63219001798859 41.67611874496601, -87.63219001798859 41.67611874496601)"
892664d8c8bffff,"H3:892664d8c8bffff (suc=23, lamba_ariza=5)",56.87,"LINESTRING (-87.66085917689766 42.0106751572769, -87.66085917689766 42.0106751572769)"
892664cd9dbffff,"H3:892664cd9dbffff (suc=22, lamba_ariza=32)",73.69,"LINESTRING (-87.65265877400643 41.73036781858061, -87.65265877400643 41.73036781858061)"
892664d8c13ffff,"H3:892664d8c13ffff (suc=20, lamba_ariza=48)",72.57,"LINESTRING (-87.66209399090646 42.00775432174242, -87.66209399090646 42.00775432174242)"
89266419487ffff,"H3:89266419487ffff (suc=26, lamba_ariza=13)",67.24,"LINESTRING (-87.53475223065014 41.701404531787894, -87.53475223065014 41.701404531787894)"
892664cdd8bffff,"H3:892664cdd8bffff (suc=17, lamba_ariza=7)",50.17,"LINESTRING (-87.63389016073374 41.74679182848861, -87.63389016073374 41.74679182848861)"
892664ca237ffff,"H3:892664ca237ffff (suc=26, lamba_ariza=26)",75.81,"LINESTRING (-87.73937676779302 41.92785315509697, -87.73937676779302 41.92785315509697)"
892664d9e1bffff,"H3:892664d9e1bffff (suc=1, lamba_ariza=7)",6.1,"LINESTRING (-87.77617800921497 42.00994883752811, -87.77617800921497 42.00994883752811)"
892664cd4cfffff,"H3:892664cd4cfffff (suc=23, lamba_ariza=23)",71.13,"LINESTRING (-87.69635706922294 41.813976341023704, -87.69635706922294 41.813976341023704)"
892664cca5bffff,"H3:892664cca5bffff (suc=28, lamba_ariza=32)",80.92,"LINESTRING (-87.62987171256138 41.72828547876573, -87.62987171256138 41.72828547876573)"
892664cb08fffff,"H3:892664cb08fffff (suc=3, lamba_ariza=7)",16.3,"LINESTRING (-87.79346718962992 41.949878260906516, -87.79346718962992 41.949878260906516)"
89266457063ffff,"H3:89266457063ffff (suc=2, lamba_ariza=4)",11.38,"LINESTRING (-87.71903856123392 41.68504492199678, -87.71903856123392 41.68504492199678)"
892664cc64fffff,"H3:892664cc64fffff (suc=16, lamba_ariza=15)",54.17,"LINESTRING (-87.65263817651348 41.79588330133307, -87.65263817651348 41.79588330133307)"
892664cd33bffff,"H3:892664cd33bffff (suc=9, lamba_ariza=56)",51.35,"LINESTRING (-87.7057966485162 41.76341902890051, -87.7057966485162 41.76341902890051)"
892664cc60fffff,"H3:892664cc60fffff (suc=17, lamba_ariza=21)",60.55,"LINESTRING (-87.64122839906646 41.79484280011496, -87.64122839906646 41.79484280011496)"
892664191cbffff,"H3:892664191cbffff (suc=6, lamba_ariza=0)",19.99,"LINESTRING (-87.54115231685151 41.66774506471847, -87.54115231685151 41.66774506471847)"
892664ca537ffff,"H3:892664ca537ffff (suc=17, lamba_ariza=8)",51.07,"LINESTRING (-87.68023695020561 41.93664712457642, -87.68023695020561 41.93664712457642)"
892664cd53bffff,"H3:892664cd53bffff (suc=15, lamba_ariza=4)",43.6,"LINESTRING (-87.66773437657616 41.78818375851029, -87.66773437657616 41.78818375851029)"
892664cd98fffff,"H3:892664cd98fffff (suc=5, lamba_ariza=32)",37.55,"LINESTRING (-87.63951531214076 41.724129512431055, -87.63951531214076 41.724129512431055)"
892664d88d7ffff,"H3:892664d88d7ffff (suc=9, lamba_ariza=9)",35.11,"LINESTRING (-87.67249643045412 41.99252410708409, -87.67249643045412 41.99252410708409)"
8926645742fffff,"H3:8926645742fffff (suc=3, lamba_ariza=5)",14.33,"LINESTRING (-87.70031497081224 41.701468302993156, -87.70031497081224 41.701468302993156)"
892664cdd53ffff,"H3:892664cdd53ffff (suc=25, lamba_ariza=46)",79.15,"LINESTRING (-87.64651696772188 41.74492200688317, -87.64651696772188 41.74492200688317)"
892664ca953ffff,"H3:892664ca953ffff (suc=47, lamba_ariza=16)",83.0,"LINESTRING (-87.674768698638 41.87456513192717, -87.674768698638 41.87456513192717)"
892664cd94bffff,"H3:892664cd94bffff (suc=27, lamba_ariza=9)",64.64,"LINESTRING (-87.66054822734775 41.721012871894786, -87.66054822734775 41.721012871894786)"
89275936b73ffff,"H3:89275936b73ffff (suc=14, lamba_ariza=5)",41.26,"LINESTRING (-87.84638036096436 41.97480161056701, -87.84638036096436 41.97480161056701)"
892664cd203ffff,"H3:892664cd203ffff (suc=20, lamba_ariza=24)",68.78,"LINESTRING (-87.7284500812511 41.78462179898951, -87.7284500812511 41.78462179898951)"
892759368b7ffff,"H3:892759368b7ffff (suc=3, lamba_ariza=2)",10.11,"LINESTRING (-87.81668835394626 41.9984161043991, -87.81668835394626 41.9984161043991)"
892664cf307ffff,"H3:892664cf307ffff (suc=2, lamba_ariza=6)",12.95,"LINESTRING (-87.65790125392031 41.811489448893106, -87.65790125392031 41.811489448893106)"
892664cf617ffff,"H3:892664cf617ffff (suc=6, lamba_ariza=17)",31.73,"LINESTRING (-87.66896532071769 41.85082854137355, -87.66896532071769 41.85082854137355)"
892664574a7ffff,"H3:892664574a7ffff (suc=2, lamba_ariza=22)",23.86,"LINESTRING (-87.68945812676186 41.708537624011974, -87.68945812676186 41.708537624011974)"
892664cb033ffff,"H3:892664cb033ffff (suc=10, lamba_ariza=36)",52.91,"LINESTRING (-87.79291685632026 41.941751190710505, -87.79291685632026 41.941751190710505)"
892664cd833ffff,"H3:892664cd833ffff (suc=37, lamba_ariza=33)",87.43,"LINESTRING (-87.65984546131963 41.73203114612053, -87.65984546131963 41.73203114612053)"
892664cd68fffff,"H3:892664cd68fffff (suc=5, lamba_ariza=16)",29.24,"LINESTRING (-87.71443702343673 41.808556657629715, -87.71443702343673 41.808556657629715)"
892664c1a0bffff,"H3:892664c1a0bffff (suc=46, lamba_ariza=8)",75.49,"LINESTRING (-87.63924939641991 41.874362940211846, -87.63924939641991 41.874362940211846)"
892664cd98bffff,"H3:892664cd98bffff (suc=11, lamba_ariza=27)",52.97,"LINESTRING (-87.64249375760059 41.72641679503089, -87.64249375760059 41.72641679503089)"
892664caa63ffff,"H3:892664caa63ffff (suc=41, lamba_ariza=12)",76.74,"LINESTRING (-87.7217142998973 41.87578980120311, -87.7217142998973 41.87578980120311)"
892664cd5afffff,"H3:892664cd5afffff (suc=24, lamba_ariza=17)",68.62,"LINESTRING (-87.65930979946839 41.78943306743598, -87.65930979946839 41.78943306743598)"
892664c8803ffff,"H3:892664c8803ffff (suc=14, lamba_ariza=43)",61.09,"LINESTRING (-87.7322147036372 41.841427865161094, -87.7322147036372 41.841427865161094)"
892664cce37ffff,"H3:892664cce37ffff (suc=0, lamba_ariza=4)",3.38,"LINESTRING (-87.59795152111072 41.738461567501204, -87.59795152111072 41.738461567501204)"
8926645252bffff,"H3:8926645252bffff (suc=2, lamba_ariza=5)",9.54,"LINESTRING (-87.74881753038488 41.792511104267824, -87.74881753038488 41.792511104267824)"
89275936973ffff,"H3:89275936973ffff (suc=2, lamba_ariza=14)",16.95,"LINESTRING (-87.81680239224985 41.97923318922293, -87.81680239224985 41.97923318922293)"
892664cf397ffff,"H3:892664cf397ffff (suc=2, lamba_ariza=7)",10.98,"LINESTRING (-87.64999575991973 41.82085534963875, -87.64999575991973 41.82085534963875)"
892664cd9b7ffff,"H3:892664cd9b7ffff (suc=32, lamba_ariza=39)",85.56,"LINESTRING (-87.62935245822003 41.72017748638046, -87.62935245822003 41.72017748638046)"
892664d8a67ffff,"H3:892664d8a67ffff (suc=32, lamba_ariza=14)",74.21,"LINESTRING (-87.7052659474615 41.971235755387, -87.7052659474615 41.971235755387)"
892664ca203ffff,"H3:892664ca203ffff (suc=25, lamba_ariza=13)",66.27,"LINESTRING (-87.74836504124451 41.934720856070214, -87.74836504124451 41.934720856070214)"
892664cc5c3ffff,"H3:892664cc5c3ffff (suc=20, lamba_ariza=16)",62.64,"LINESTRING (-87.59435780544334 41.79358179212139, -87.59435780544334 41.79358179212139)"
892664cca8fffff,"H3:892664cca8fffff (suc=9, lamba_ariza=29)",47.89,"LINESTRING (-87.61006263504488 41.728486833639785, -87.61006263504488 41.728486833639785)"
892664cf01bffff,"H3:892664cf01bffff (suc=8, lamba_ariza=26)",45.23,"LINESTRING (-87.65526082377127 41.83646619840963, -87.65526082377127 41.83646619840963)"
8926641b34fffff,"H3:8926641b34fffff (suc=7, lamba_ariza=49)",46.48,"LINESTRING (-87.52757259152582 41.69973350466845, -87.52757259152582 41.69973350466845)"
892664cc34fffff,"H3:892664cc34fffff (suc=15, lamba_ariza=11)",48.48,"LINESTRING (-87.64037120175063 41.75947864952523, -87.64037120175063 41.75947864952523)"
892664ccb43ffff,"H3:892664ccb43ffff (suc=7, lamba_ariza=19)",37.4,"LINESTRING (-87.60605506620223 41.709983116989505, -87.60605506620223 41.709983116989505)"
892664c1a5bffff,"H3:892664c1a5bffff (suc=50, lamba_ariza=37)",92.71,"LINESTRING (-87.64944679817305 41.87831944990668, -87.64944679817305 41.87831944990668)"
8926645709bffff,"H3:8926645709bffff (suc=0, lamba_ariza=19)",15.96,"LINESTRING (-87.70872158004669 41.70021831410944, -87.70872158004669 41.70021831410944)"
892664cc88bffff,"H3:892664cc88bffff (suc=11, lamba_ariza=36)",54.69,"LINESTRING (-87.58357879911037 41.7351263564499, -87.58357879911037 41.7351263564499)"
892664cc833ffff,"H3:892664cc833ffff (suc=7, lamba_ariza=46)",45.69,"LINESTRING (-87.58009154022729 41.724728029522915, -87.58009154022729 41.724728029522915)"
892664ca82fffff,"H3:892664ca82fffff (suc=24, lamba_ariza=13)",64.57,"LINESTRING (-87.68197823854345 41.876228637504774, -87.68197823854345 41.876228637504774)"
892664ccbcbffff,"H3:892664ccbcbffff (suc=9, lamba_ariza=17)",40.79,"LINESTRING (-87.60359375611287 41.71580234182715, -87.60359375611287 41.71580234182715)"
892664cc653ffff,"H3:892664cc653ffff (suc=17, lamba_ariza=23)",61.95,"LINESTRING (-87.65017844393006 41.80170948676485, -87.65017844393006 41.80170948676485)"
892664c13b7ffff,"H3:892664c13b7ffff (suc=42, lamba_ariza=37)",90.62,"LINESTRING (-87.63165977254747 41.911026341531894, -87.63165977254747 41.911026341531894)"
892664cdbd7ffff,"H3:892664cdbd7ffff (suc=0, lamba_ariza=12)",9.86,"LINESTRING (-87.67491937031663 41.724337857844134, -87.67491937031663 41.724337857844134)"
892664d8e33ffff,"H3:892664d8e33ffff (suc=50, lamba_ariza=1)",70.63,"LINESTRING (-87.686952704344 41.995853551441584, -87.686952704344 41.995853551441584)"
892664caac3ffff,"H3:892664caac3ffff (suc=54, lamba_ariza=14)",82.06,"LINESTRING (-87.7197962169369 41.8897451577819, -87.7197962169369 41.8897451577819)"
892664cae0fffff,"H3:892664cae0fffff (suc=35, lamba_ariza=17)",78.7,"LINESTRING (-87.70766982726641 41.8997518826459, -87.70766982726641 41.8997518826459)"
892664cdb0bffff,"H3:892664cdb0bffff (suc=3, lamba_ariza=40)",34.48,"LINESTRING (-87.67859767172247 41.71560671900286, -87.67859767172247 41.71560671900286)"
892664cc383ffff,"H3:892664cc383ffff (suc=35, lamba_ariza=39)",86.95,"LINESTRING (-87.6210674868196 41.76779461086545, -87.6210674868196 41.76779461086545)"
892664525c7ffff,"H3:892664525c7ffff (suc=11, lamba_ariza=21)",47.96,"LINESTRING (-87.75112301953322 41.80582434061231, -87.75112301953322 41.80582434061231)"
892664c1a83ffff,"H3:892664c1a83ffff (suc=155, lamba_ariza=48)",99.17,"LINESTRING (-87.62834086318857 41.88144410650429, -87.62834086318857 41.88144410650429)"
892664d8eb7ffff,"H3:892664d8eb7ffff (suc=4, lamba_ariza=6)",16.91,"LINESTRING (-87.67725764810193 42.0000300882725, -87.67725764810193 42.0000300882725)"
892664cf56fffff,"H3:892664cf56fffff (suc=3, lamba_ariza=6)",14.02,"LINESTRING (-87.63066859170564 41.82918044068188, -87.63066859170564 41.82918044068188)"
892664ca287ffff,"H3:892664ca287ffff (suc=7, lamba_ariza=36)",45.07,"LINESTRING (-87.738689845327 41.93889845554521, -87.738689845327 41.93889845554521)"
892664cf663ffff,"H3:892664cf663ffff (suc=0, lamba_ariza=2)",1.79,"LINESTRING (-87.67985931255062 41.84374690434265, -87.67985931255062 41.84374690434265)"
892664d99d7ffff,"H3:892664d99d7ffff (suc=4, lamba_ariza=7)",17.38,"LINESTRING (-87.73171047571836 41.983724045318176, -87.73171047571836 41.983724045318176)"
892664c861bffff,"H3:892664c861bffff (suc=6, lamba_ariza=4)",21.84,"LINESTRING (-87.7894937890798 41.912168828965, -87.7894937890798 41.912168828965)"
892664ca903ffff,"H3:892664ca903ffff (suc=44, lamba_ariza=16)",81.46,"LINESTRING (-87.66457059524387 41.87061111676163, -87.66457059524387 41.87061111676163)"
892664ca6cbffff,"H3:892664ca6cbffff (suc=26, lamba_ariza=12)",66.28,"LINESTRING (-87.7487653271744 41.962024036491144, -87.7487653271744 41.962024036491144)"
89275936d33ffff,"H3:89275936d33ffff (suc=1, lamba_ariza=15)",12.82,"LINESTRING (-87.79677324763678 41.998656965890255, -87.79677324763678 41.998656965890255)"
892664cc303ffff,"H3:892664cc303ffff (suc=27, lamba_ariza=16)",70.86,"LINESTRING (-87.6277399800353 41.76134836805595, -87.6277399800353 41.76134836805595)"
8926645759bffff,"H3:8926645759bffff (suc=4, lamba_ariza=10)",22.4,"LINESTRING (-87.67929569207608 41.704590791606236, -87.67929569207608 41.704590791606236)"
89275936b1bffff,"H3:89275936b1bffff (suc=8, lamba_ariza=2)",25.78,"LINESTRING (-87.84393678646532 41.980643574481995, -87.84393678646532 41.980643574481995)"
892664525d3ffff,"H3:892664525d3ffff (suc=5, lamba_ariza=12)",26.41,"LINESTRING (-87.75288801978493 41.811024575076885, -87.75288801978493 41.811024575076885)"
892664c8d63ffff,"H3:892664c8d63ffff (suc=22, lamba_ariza=36)",74.38,"LINESTRING (-87.70937377479568 41.839361827690105, -87.70937377479568 41.839361827690105)"
892664d9a4bffff,"H3:892664d9a4bffff (suc=0, lamba_ariza=4)",2.85,"LINESTRING (-87.797447049438 41.987604186118055, -87.797447049438 41.987604186118055)"
892664190cbffff,"H3:892664190cbffff (suc=0, lamba_ariza=5)",3.86,"LINESTRING (-87.56195278988577 41.68376562128186, -87.56195278988577 41.68376562128186)"
8926645650fffff,"H3:8926645650fffff (suc=2, lamba_ariza=3)",9.87,"LINESTRING (-87.60451088155142 41.685665807480994, -87.60451088155142 41.685665807480994)"
892664c1e03ffff,"H3:892664c1e03ffff (suc=99, lamba_ariza=61)",98.79,"LINESTRING (-87.6263938841017 41.89540046887853, -87.6263938841017 41.89540046887853)"
89266452d8bffff,"H3:89266452d8bffff (suc=8, lamba_ariza=9)",31.24,"LINESTRING (-87.71367994583272 41.75405700396839, -87.71367994583272 41.75405700396839)"
892664d8bcbffff,"H3:892664d8bcbffff (suc=13, lamba_ariza=8)",42.87,"LINESTRING (-87.68958487186755 41.97082881291023, -87.68958487186755 41.97082881291023)"
892664cb4d3ffff,"H3:892664cb4d3ffff (suc=6, lamba_ariza=15)",32.2,"LINESTRING (-87.79389425308146 41.977184681910835, -87.79389425308146 41.977184681910835)"
892664cd107ffff,"H3:892664cd107ffff (suc=24, lamba_ariza=28)",75.02,"LINESTRING (-87.67510255995667 41.77070860932148, -87.67510255995667 41.77070860932148)"
892664cac97ffff,"H3:892664cac97ffff (suc=9, lamba_ariza=5)",30.23,"LINESTRING (-87.66597601334786 41.914146712803124, -87.66597601334786 41.914146712803124)"
89266419073ffff,"H3:89266419073ffff (suc=2, lamba_ariza=13)",16.11,"LINESTRING (-87.55847406760893 41.673372610291324, -87.55847406760893 41.673372610291324)"
892664cd8a7ffff,"H3:892664cd8a7ffff (suc=9, lamba_ariza=25)",45.02,"LINESTRING (-87.65143072934754 41.733278459808986, -87.65143072934754 41.733278459808986)"
89275936da7ffff,"H3:89275936da7ffff (suc=0, lamba_ariza=6)",4.71,"LINESTRING (-87.78831642301456 41.9999208997069, -87.78831642301456 41.9999208997069)"
892664cd963ffff,"H3:892664cd963ffff (suc=11, lamba_ariza=29)",53.6,"LINESTRING (-87.65161247417417 41.71415287345186, -87.65161247417417 41.71415287345186)"
892664cca43ffff,"H3:892664cca43ffff (suc=13, lamba_ariza=19)",50.39,"LINESTRING (-87.62689367791528 41.72599778974594, -87.62689367791528 41.72599778974594)"
892664d9db3ffff,"H3:892664d9db3ffff (suc=4, lamba_ariza=8)",20.05,"LINESTRING (-87.70987143846884 41.997923523760306, -87.70987143846884 41.997923523760306)"
892664cf42bffff,"H3:892664cf42bffff (suc=9, lamba_ariza=38)",49.52,"LINESTRING (-87.6431325145584 41.84645973708862, -87.6431325145584 41.84645973708862)"
892664575b3ffff,"H3:892664575b3ffff (suc=4, lamba_ariza=13)",23.94,"LINESTRING (-87.67036074646805 41.69773358681842, -87.67036074646805 41.69773358681842)"
892664d9e47ffff,"H3:892664d9e47ffff (suc=2, lamba_ariza=12)",17.21,"LINESTRING (-87.78163455924965 42.006395619486426, -87.78163455924965 42.006395619486426)"
892664c86dbffff,"H3:892664c86dbffff (suc=0, lamba_ariza=8)",6.56,"LINESTRING (-87.79426433425294 41.91966215785132, -87.79426433425294 41.91966215785132)"
892664cf317ffff,"H3:892664cf317ffff (suc=3, lamba_ariza=3)",11.18,"LINESTRING (-87.65667139950033 41.814403101149374, -87.65667139950033 41.814403101149374)"
892664cc023ffff,"H3:892664cc023ffff (suc=30, lamba_ariza=9)",67.61,"LINESTRING (-87.61439302344412 41.77424107512584, -87.61439302344412 41.77424107512584)"
8926645203bffff,"H3:8926645203bffff (suc=11, lamba_ariza=48)",55.69,"LINESTRING (-87.77706640620353 41.79102700206543, -87.77706640620353 41.79102700206543)"
892664d9bcbffff,"H3:892664d9bcbffff (suc=8, lamba_ariza=12)",32.66,"LINESTRING (-87.76976012044368 41.978051972817845, -87.76976012044368 41.978051972817845)"
892664cd013ffff,"H3:892664cd013ffff (suc=10, lamba_ariza=42)",52.61,"LINESTRING (-87.69774721454804 41.79191987872879, -87.69774721454804 41.79191987872879)"
89275936d07ffff,"H3:89275936d07ffff (suc=2, lamba_ariza=3)",10.58,"LINESTRING (-87.79977608331826 42.00094624528366, -87.79977608331826 42.00094624528366)"
892664cd3bbffff,"H3:892664cd3bbffff (suc=1, lamba_ariza=0)",2.81,"LINESTRING (-87.69913602955572 41.76986933923954, -87.69913602955572 41.76986933923954)"
892664ca9a3ffff,"H3:892664ca9a3ffff (suc=20, lamba_ariza=7)",55.48,"LINESTRING (-87.65314242366102 41.86957193155456, -87.65314242366102 41.86957193155456)"
892664ccc9bffff,"H3:892664ccc9bffff (suc=18, lamba_ariza=50)",70.0,"LINESTRING (-87.57371253528075 41.758411716800595, -87.57371253528075 41.758411716800595)"
892664ca42bffff,"H3:892664ca42bffff (suc=20, lamba_ariza=6)",54.12,"LINESTRING (-87.70965235469392 41.95142823218062, -87.70965235469392 41.95142823218062)"
892664d8e87ffff,"H3:892664d8e87ffff (suc=4, lamba_ariza=4)",17.71,"LINESTRING (-87.68325368517684 42.00461558363633, -87.68325368517684 42.00461558363633)"
892664cb5abffff,"H3:892664cb5abffff (suc=3, lamba_ariza=16)",25.25,"LINESTRING (-87.76212453744643 41.949085689468866, -87.76212453744643 41.949085689468866)"
89266419313ffff,"H3:89266419313ffff (suc=3, lamba_ariza=7)",16.67,"LINESTRING (-87.56043246615837 41.65945408389078, -87.56043246615837 41.65945408389078)"
892664d886fffff,"H3:892664d886fffff (suc=11, lamba_ariza=38)",54.11,"LINESTRING (-87.67989537292162 41.97500401221466, -87.67989537292162 41.97500401221466)"
892664ccd0bffff,"H3:892664ccd0bffff (suc=23, lamba_ariza=15)",65.73,"LINESTRING (-87.56078863550252 41.733030203349145, -87.56078863550252 41.733030203349145)"
892664cd12fffff,"H3:892664cd12fffff (suc=23, lamba_ariza=25)",72.56,"LINESTRING (-87.67457495534548 41.762597146060536, -87.67457495534548 41.762597146060536)"
892664cae9bffff,"H3:892664cae9bffff (suc=37, lamba_ariza=38)",88.53,"LINESTRING (-87.70275322889503 41.91142138250285, -87.70275322889503 41.91142138250285)"
892664cadafffff,"H3:892664cadafffff (suc=59, lamba_ariza=14)",82.84,"LINESTRING (-87.64574973915383 41.887067847418884, -87.64574973915383 41.887067847418884)"
892664ce21bffff,"H3:892664ce21bffff (suc=26, lamba_ariza=16)",70.55,"LINESTRING (-87.60484906787187 41.82480330121443, -87.60484906787187 41.82480330121443)"
892664cf04fffff,"H3:892664cf04fffff (suc=13, lamba_ariza=12)",45.72,"LINESTRING (-87.6649241142942 41.832301517510864, -87.6649241142942 41.832301517510864)"
892664d9db7ffff,"H3:892664d9db7ffff (suc=18, lamba_ariza=6)",50.78,"LINESTRING (-87.70687259189391 41.99563171829626, -87.70687259189391 41.99563171829626)"
89266457067ffff,"H3:89266457067ffff (suc=0, lamba_ariza=1)",1.04,"LINESTRING (-87.71605956435036 41.68276082574682, -87.71605956435036 41.68276082574682)"
892664cd103ffff,"H3:892664cd103ffff (suc=8, lamba_ariza=10)",30.74,"LINESTRING (-87.67808550399943 41.77299598676448, -87.67808550399943 41.77299598676448)"
892664194c7ffff,"H3:892664194c7ffff (suc=1, lamba_ariza=6)",6.0,"LINESTRING (-87.54613956627875 41.70245582459116, -87.54613956627875 41.70245582459116)"
892664d8903ffff,"H3:892664d8903ffff (suc=39, lamba_ariza=22)",83.91,"LINESTRING (-87.65099796894859 41.96834240980934, -87.65099796894859 41.96834240980934)"
892664ca49bffff,"H3:892664ca49bffff (suc=27, lamba_ariza=8)",63.96,"LINESTRING (-87.70649676270278 41.96831603786274, -87.70649676270278 41.96831603786274)"
892664d8edbffff,"H3:892664d8edbffff (suc=2, lamba_ariza=14)",17.76,"LINESTRING (-87.70071339950616 42.01023625761265, -87.70071339950616 42.01023625761265)"
892664c1237ffff,"H3:892664c1237ffff (suc=10, lamba_ariza=31)",50.55,"LINESTRING (-87.65928740079904 41.92060797936923, -87.65928740079904 41.92060797936923)"
892664cb45bffff,"H3:892664cb45bffff (suc=4, lamba_ariza=10)",20.57,"LINESTRING (-87.80479548471979 41.97007988899804, -87.80479548471979 41.97007988899804)"
892664cdc17ffff,"H3:892664cdc17ffff (suc=19, lamba_ariza=14)",59.41,"LINESTRING (-87.65300100762246 41.757607648367184, -87.65300100762246 41.757607648367184)"
89266456623ffff,"H3:89266456623ffff (suc=12, lamba_ariza=19)",48.98,"LINESTRING (-87.64881725173417 41.69274545997812, -87.64881725173417 41.69274545997812)"
892664d8e93ffff,"H3:892664d8e93ffff (suc=7, lamba_ariza=12)",30.52,"LINESTRING (-87.68501892890306 42.00982925929621, -87.68501892890306 42.00982925929621)"
892664cc013ffff,"H3:892664cc013ffff (suc=25, lamba_ariza=29)",75.78,"LINESTRING (-87.61789143978076 41.784643929794505, -87.61789143978076 41.784643929794505)"
89266457047ffff,"H3:89266457047ffff (suc=1, lamba_ariza=7)",6.4,"LINESTRING (-87.72079549845323 41.690238532302196, -87.72079549845323 41.690238532302196)"
892664ca807ffff,"H3:892664ca807ffff (suc=33, lamba_ariza=21)",79.98,"LINESTRING (-87.6825084340343 41.88435101719021, -87.6825084340343 41.88435101719021)"
892664cc533ffff,"H3:892664cc533ffff (suc=6, lamba_ariza=2)",19.89,"LINESTRING (-87.58367042825363 41.781508494962246, -87.58367042825363 41.781508494962246)"
892664cb5bbffff,"H3:892664cb5bbffff (suc=13, lamba_ariza=9)",43.15,"LINESTRING (-87.76089792251388 41.95200509859052, -87.76089792251388 41.95200509859052)"
892664cd6cfffff,"H3:892664cd6cfffff (suc=12, lamba_ariza=13)",43.6,"LINESTRING (-87.72584975507894 41.8095897969678, -87.72584975507894 41.8095897969678)"
892664cdca3ffff,"H3:892664cdca3ffff (suc=66, lamba_ariza=34)",94.71,"LINESTRING (-87.64581047017876 41.75594359332235, -87.64581047017876 41.75594359332235)"
892664ca423ffff,"H3:892664ca423ffff (suc=12, lamba_ariza=19)",50.37,"LINESTRING (-87.7054262434395 41.95205653989631, -87.7054262434395 41.95205653989631)"
892664cad8bffff,"H3:892664cad8bffff (suc=57, lamba_ariza=16)",84.89,"LINESTRING (-87.65348597518424 41.89685737963862, -87.65348597518424 41.89685737963862)"
892664ca3c3ffff,"H3:892664ca3c3ffff (suc=10, lamba_ariza=3)",31.67,"LINESTRING (-87.73215812574472 41.926192793723104, -87.73215812574472 41.926192793723104)"
892664cd663ffff,"H3:892664cd663ffff (suc=4, lamba_ariza=3)",14.03,"LINESTRING (-87.72653784264058 41.798561639647225, -87.72653784264058 41.798561639647225)"
892664ce357ffff,"H3:892664ce357ffff (suc=2, lamba_ariza=8)",13.13,"LINESTRING (-87.58818834263035 41.80814550141396, -87.58818834263035 41.80814550141396)"
8926645299bffff,"H3:8926645299bffff (suc=8, lamba_ariza=39)",47.59,"LINESTRING (-87.72102450836702 41.73658743359343, -87.72102450836702 41.73658743359343)"
892664cf697ffff,"H3:892664cf697ffff (suc=63, lamba_ariza=42)",95.5,"LINESTRING (-87.66228633780632 41.85728453126511, -87.66228633780632 41.85728453126511)"
892664cd95bffff,"H3:892664cd95bffff (suc=14, lamba_ariza=29)",59.97,"LINESTRING (-87.65932095125017 41.72392322503056, -87.65932095125017 41.72392322503056)"
892664cf1b7ffff,"H3:892664cf1b7ffff (suc=16, lamba_ariza=36)",64.41,"LINESTRING (-87.61574846715308 41.81772972799955, -87.61574846715308 41.81772972799955)"
892664c8b87ffff,"H3:892664c8b87ffff (suc=0, lamba_ariza=1)",0.45,"LINESTRING (-87.73113815642098 41.82519366239971, -87.73113815642098 41.82519366239971)"
892664ca2abffff,"H3:892664ca2abffff (suc=12, lamba_ariza=14)",45.87,"LINESTRING (-87.74114516350399 41.93306100145516, -87.74114516350399 41.93306100145516)"
89266457553ffff,"H3:89266457553ffff (suc=0, lamba_ariza=1)",0.95,"LINESTRING (-87.69313229733922 41.69980792207422, -87.69313229733922 41.69980792207422)"
892664cd99bffff,"H3:892664cd99bffff (suc=18, lamba_ariza=28)",65.8,"LINESTRING (-87.6412651474459 41.72932721951637, -87.6412651474459 41.72932721951637)"
892664cd533ffff,"H3:892664cd533ffff (suc=23, lamba_ariza=10)",61.2,"LINESTRING (-87.6635221668926 41.78880848429799, -87.6635221668926 41.78880848429799)"
892664d9ebbffff,"H3:892664d9ebbffff (suc=0, lamba_ariza=4)",3.12,"LINESTRING (-87.7647159637944 42.008921132833045, -87.7647159637944 42.008921132833045)"
892664cf33bffff,"H3:892664cf33bffff (suc=13, lamba_ariza=67)",60.47,"LINESTRING (-87.65913094958502 41.80857589459439, -87.65913094958502 41.80857589459439)"
892664cf2cfffff,"H3:892664cf2cfffff (suc=2, lamba_ariza=11)",17.84,"LINESTRING (-87.68776208407797 41.83437649914221, -87.68776208407797 41.83437649914221)"
892664cd397ffff,"H3:892664cd397ffff (suc=29, lamba_ariza=20)",75.42,"LINESTRING (-87.6966838204131 41.775694272631455, -87.6966838204131 41.775694272631455)"
892664cf077ffff,"H3:892664cf077ffff (suc=1, lamba_ariza=6)",8.0,"LINESTRING (-87.65473592719417 41.828348059070294, -87.65473592719417 41.828348059070294)"
892664cf447ffff,"H3:892664cf447ffff (suc=10, lamba_ariza=14)",41.45,"LINESTRING (-87.65209280121486 41.85332995391881, -87.65209280121486 41.85332995391881)"
892664cc373ffff,"H3:892664cc373ffff (suc=50, lamba_ariza=14)",82.2,"LINESTRING (-87.63318060344535 41.757813760073624, -87.63318060344535 41.757813760073624)"
892664c8b93ffff,"H3:892664c8b93ffff (suc=1, lamba_ariza=0)",2.26,"LINESTRING (-87.7329017350617 41.83039550264146, -87.7329017350617 41.83039550264146)"
892664cc933ffff,"H3:892664cc933ffff (suc=28, lamba_ariza=16)",72.25,"LINESTRING (-87.55926730086355 41.70870419697648, -87.55926730086355 41.70870419697648)"
892664cf157ffff,"H3:892664cf157ffff (suc=10, lamba_ariza=26)",49.37,"LINESTRING (-87.63857980272206 41.81981462230102, -87.63857980272206 41.81981462230102)"
892664c8993ffff,"H3:892664c8993ffff (suc=2, lamba_ariza=4)",10.28,"LINESTRING (-87.70339695528465 41.83478567293947, -87.70339695528465 41.83478567293947)"
892664c1a87ffff,"H3:892664c1a87ffff (suc=167, lamba_ariza=89)",99.8,"LINESTRING (-87.62535301186851 41.87915271349752, -87.62535301186851 41.87915271349752)"
8926641b2abffff,"H3:8926641b2abffff (suc=2, lamba_ariza=16)",22.77,"LINESTRING (-87.52857541265435 41.71594921701598, -87.52857541265435 41.71594921701598)"
892664c1ad3ffff,"H3:892664c1ad3ffff (suc=24, lamba_ariza=27)",74.4,"LINESTRING (-87.63853916804942 41.885401881460034, -87.63853916804942 41.885401881460034)"
892664c1b0bffff,"H3:892664c1b0bffff (suc=14, lamba_ariza=22)",55.25,"LINESTRING (-87.61834017719781 41.85832590653032, -87.61834017719781 41.85832590653032)"
892664c8cc7ffff,"H3:892664c8cc7ffff (suc=100, lamba_ariza=27)",94.44,"LINESTRING (-87.72539538044128 41.86704103095879, -87.72539538044128 41.86704103095879)"
892664cb023ffff,"H3:892664cb023ffff (suc=13, lamba_ariza=28)",55.78,"LINESTRING (-87.79414107636336 41.938831931272986, -87.79414107636336 41.938831931272986)"
892664d9d03ffff,"H3:892664d9d03ffff (suc=1, lamba_ariza=8)",8.86,"LINESTRING (-87.7225615774961 41.996035936821556, -87.7225615774961 41.996035936821556)"
892664cc08bffff,"H3:892664cc08bffff (suc=24, lamba_ariza=8)",60.22,"LINESTRING (-87.6166596575873 41.78755631592372, -87.6166596575873 41.78755631592372)"
8926645644bffff,"H3:8926645644bffff (suc=3, lamba_ariza=46)",33.91,"LINESTRING (-87.6397019499047 41.70500578260368, -87.6397019499047 41.70500578260368)"
892664c1037ffff,"H3:892664c1037ffff (suc=4, lamba_ariza=11)",22.37,"LINESTRING (-87.62971256520822 41.92498771970385, -87.62971256520822 41.92498771970385)"
892664c8313ffff,"H3:892664c8313ffff (suc=2, lamba_ariza=16)",20.67,"LINESTRING (-87.77287461792213 41.876365614557365, -87.77287461792213 41.876365614557365)"
892664cce83ffff,"H3:892664cce83ffff (suc=43, lamba_ariza=25)",87.24,"LINESTRING (-87.60021176278259 41.75177175056693, -87.60021176278259 41.75177175056693)"
892664d8ed7ffff,"H3:892664d8ed7ffff (suc=7, lamba_ariza=16)",35.06,"LINESTRING (-87.6934825622594 42.00857249544371, -87.6934825622594 42.00857249544371)"
892664d9a17ffff,"H3:892664d9a17ffff (suc=3, lamba_ariza=9)",16.27,"LINESTRING (-87.77753555406083 41.98784142876476, -87.77753555406083 41.98784142876476)"
892664c89cfffff,"H3:892664c89cfffff (suc=0, lamba_ariza=1)",0.28,"LINESTRING (-87.71726923439972 41.82999028094375, -87.71726923439972 41.82999028094375)"
892664cb1cfffff,"H3:892664cb1cfffff (suc=14, lamba_ariza=3)",39.83,"LINESTRING (-87.78392158643497 41.934886847762236, -87.78392158643497 41.934886847762236)"
89266452da3ffff,"H3:89266452da3ffff (suc=9, lamba_ariza=18)",43.19,"LINESTRING (-87.70473110827955 41.74719920239208, -87.70473110827955 41.74719920239208)"
892664525b3ffff,"H3:892664525b3ffff (suc=2, lamba_ariza=2)",8.63,"LINESTRING (-87.73672378393941 41.802507362575305, -87.73672378393941 41.802507362575305)"
892664ca097ffff,"H3:892664ca097ffff (suc=30, lamba_ariza=23)",78.51,"LINESTRING (-87.70788667081925 41.94621859584553, -87.70788667081925 41.94621859584553)"
892664cc3cbffff,"H3:892664cc3cbffff (suc=28, lamba_ariza=20)",74.72,"LINESTRING (-87.6366818399838 41.76821381245622, -87.6366818399838 41.76821381245622)"
892664ccad3ffff,"H3:892664ccad3ffff (suc=15, lamba_ariza=7)",45.72,"LINESTRING (-87.61899591184604 41.73535143498738, -87.61899591184604 41.73535143498738)"
8926641949bffff,"H3:8926641949bffff (suc=14, lamba_ariza=23)",56.14,"LINESTRING (-87.54069764469416 41.70598397012674, -87.54069764469416 41.70598397012674)"
89266419083ffff,"H3:89266419083ffff (suc=1, lamba_ariza=0)",1.42,"LINESTRING (-87.5463647284526 41.68333508668351, -87.5463647284526 41.68333508668351)"
892664cebcfffff,"H3:892664cebcfffff (suc=15, lamba_ariza=3)",43.36,"LINESTRING (-87.55388757617237 41.75860424093057, -87.55388757617237 41.75860424093057)"
892664c8053ffff,"H3:892664c8053ffff (suc=3, lamba_ariza=19)",25.48,"LINESTRING (-87.77573771774105 41.89781346453281, -87.77573771774105 41.89781346453281)"
892664cf437ffff,"H3:892664cf437ffff (suc=13, lamba_ariza=64)",60.78,"LINESTRING (-87.63469613178724 41.847708767998505, -87.63469613178724 41.847708767998505)"
892664cda9bffff,"H3:892664cda9bffff (suc=6, lamba_ariza=21)",35.58,"LINESTRING (-87.6915775419461 41.74096623968817, -87.6915775419461 41.74096623968817)"
892664cb54fffff,"H3:892664cb54fffff (suc=15, lamba_ariza=19)",55.41,"LINESTRING (-87.78202016367278 41.948852176116866, -87.78202016367278 41.948852176116866)"
892664cdc53ffff,"H3:892664cdc53ffff (suc=25, lamba_ariza=6)",59.45,"LINESTRING (-87.66738325040079 41.760934424820746, -87.66738325040079 41.760934424820746)"
8926645663bffff,"H3:8926645663bffff (suc=12, lamba_ariza=8)",40.14,"LINESTRING (-87.65179406875815 41.69503172276827, -87.65179406875815 41.69503172276827)"
892664ca007ffff,"H3:892664ca007ffff (suc=11, lamba_ariza=35)",53.78,"LINESTRING (-87.71580074472018 41.9368340693842, -87.71580074472018 41.9368340693842)"
89266457503ffff,"H3:89266457503ffff (suc=6, lamba_ariza=17)",33.55,"LINESTRING (-87.68297155894624 41.69586173859031, -87.68297155894624 41.69586173859031)"
892664cd683ffff,"H3:892664cd683ffff (suc=8, lamba_ariza=4)",26.05,"LINESTRING (-87.71321098276637 41.811470600358234, -87.71321098276637 41.811470600358234)"
892664c8d7bffff,"H3:892664c8d7bffff (suc=21, lamba_ariza=20)",66.4,"LINESTRING (-87.71236259517102 41.84164985781114, -87.71236259517102 41.84164985781114)"
892664ca8cbffff,"H3:892664ca8cbffff (suc=13, lamba_ariza=0)",35.8,"LINESTRING (-87.69447247972207 41.89351031822356, -87.69447247972207 41.89351031822356)"
892664c1ed3ffff,"H3:892664c1ed3ffff (suc=46, lamba_ariza=34)",91.19,"LINESTRING (-87.62990408808659 41.90581744164824, -87.62990408808659 41.90581744164824)"
892664cf5a7ffff,"H3:892664cf5a7ffff (suc=2, lamba_ariza=5)",10.9,"LINESTRING (-87.6083492456528 41.83521268653549, -87.6083492456528 41.83521268653549)"
892664cc017ffff,"H3:892664cc017ffff (suc=95, lamba_ariza=22)",91.98,"LINESTRING (-87.61491027952061 41.782354546973984, -87.61491027952061 41.782354546973984)"
892664cf197ffff,"H3:892664cf197ffff (suc=33, lamba_ariza=8)",68.75,"LINESTRING (-87.62048316230597 41.82522389784842, -87.62048316230597 41.82522389784842)"
892664d9b23ffff,"H3:892664d9b23ffff (suc=11, lamba_ariza=8)",36.86,"LINESTRING (-87.7559898733421 41.963683712079124, -87.7559898733421 41.963683712079124)"
892664c125bffff,"H3:892664c125bffff (suc=18, lamba_ariza=7)",51.2,"LINESTRING (-87.68269989402913 41.93081065870479, -87.68269989402913 41.93081065870479)"
892664c8173ffff,"H3:892664c8173ffff (suc=39, lamba_ariza=6)",71.06,"LINESTRING (-87.75001690824105 41.874307867290796, -87.75001690824105 41.874307867290796)"
89266456457ffff,"H3:89266456457ffff (suc=7, lamba_ariza=19)",37.58,"LINESTRING (-87.63129116988497 41.70625096931133, -87.63129116988497 41.70625096931133)"
892664cc83bffff,"H3:892664cc83bffff (suc=4, lamba_ariza=14)",23.84,"LINESTRING (-87.58429990770541 41.7241071003298, -87.58429990770541 41.7241071003298)"
89275936cabffff,"H3:89275936cabffff (suc=0, lamba_ariza=16)",13.68,"LINESTRING (-87.81657422072816 42.01760341290415, -87.81657422072816 42.01760341290415)"
892664cdc4fffff,"H3:892664cdc4fffff (suc=11, lamba_ariza=13)",40.72,"LINESTRING (-87.66983854465234 41.755110985808805, -87.66983854465234 41.755110985808805)"
892664cf127ffff,"H3:892664cf127ffff (suc=68, lamba_ariza=38)",95.55,"LINESTRING (-87.62366103196521 41.80836616309094, -87.62366103196521 41.80836616309094)"
892664cf40fffff,"H3:892664cf40fffff (suc=72, lamba_ariza=25)",92.27,"LINESTRING (-87.64488737740594 41.85166477209993, -87.64488737740594 41.85166477209993)"
892759368afffff,"H3:892759368afffff (suc=0, lamba_ariza=5)",3.9,"LINESTRING (-87.82213986868393 41.99486171560551, -87.82213986868393 41.99486171560551)"
892664528a7ffff,"H3:892664528a7ffff (suc=8, lamba_ariza=28)",45.16,"LINESTRING (-87.73119647701502 41.740531505441034, -87.73119647701502 41.740531505441034)"
892664ce233ffff,"H3:892664ce233ffff (suc=3, lamba_ariza=9)",18.97,"LINESTRING (-87.595900288394 41.81793105753853, -87.595900288394 41.81793105753853)"
892664cd4b7ffff,"H3:892664cd4b7ffff (suc=36, lamba_ariza=106)",89.28,"LINESTRING (-87.67475795114292 41.80898933694607, -87.67475795114292 41.80898933694607)"
892664d8ecbffff,"H3:892664d8ecbffff (suc=4, lamba_ariza=18)",30.25,"LINESTRING (-87.70194555744483 42.00731515503356, -87.70194555744483 42.00731515503356)"
892664523c3ffff,"H3:892664523c3ffff (suc=0, lamba_ariza=26)",20.24,"LINESTRING (-87.79213560910063 41.78331292327196, -87.79213560910063 41.78331292327196)"
892664d9e5bffff,"H3:892664d9e5bffff (suc=1, lamba_ariza=12)",13.07,"LINESTRING (-87.7876402378099 42.010975385194875, -87.7876402378099 42.010975385194875)"
89266456507ffff,"H3:89266456507ffff (suc=0, lamba_ariza=1)",0.67,"LINESTRING (-87.60030648871513 41.68628697002036, -87.60030648871513 41.68628697002036)"
89275936d4bffff,"H3:89275936d4bffff (suc=4, lamba_ariza=16)",27.12,"LINESTRING (-87.81846784633625 42.003626491850476, -87.81846784633625 42.003626491850476)"
892664c8943ffff,"H3:892664c8943ffff (suc=0, lamba_ariza=1)",0.42,"LINESTRING (-87.72270987611724 41.82644845140127, -87.72270987611724 41.82644845140127)"
892664ca3bbffff,"H3:892664ca3bbffff (suc=17, lamba_ariza=27)",65.25,"LINESTRING (-87.71895071254524 41.91995268000773, -87.71895071254524 41.91995268000773)"
892664cf537ffff,"H3:892664cf537ffff (suc=36, lamba_ariza=8)",71.31,"LINESTRING (-87.61380031137354 41.831675266900966, -87.61380031137354 41.831675266900966)"
892664cd6abffff,"H3:892664cd6abffff (suc=3, lamba_ariza=4)",13.16,"LINESTRING (-87.71267627403729 41.80335573548795, -87.71267627403729 41.80335573548795)"
892664d8c47ffff,"H3:892664d8c47ffff (suc=28, lamba_ariza=13)",69.7,"LINESTRING (-87.67179240539247 42.003578506135774, -87.67179240539247 42.003578506135774)"
892664c84bbffff,"H3:892664c84bbffff (suc=14, lamba_ariza=60)",62.82,"LINESTRING (-87.74850730444265 41.91555098520103, -87.74850730444265 41.91555098520103)"
892664cb427ffff,"H3:892664cb427ffff (suc=6, lamba_ariza=20)",35.14,"LINESTRING (-87.78256867768742 41.95698009387076, -87.78256867768742 41.95698009387076)"
892664cf0b7ffff,"H3:892664cf0b7ffff (suc=8, lamba_ariza=9)",31.04,"LINESTRING (-87.63663855786065 41.8337605086316, -87.63663855786065 41.8337605086316)"
89266456697ffff,"H3:89266456697ffff (suc=23, lamba_ariza=59)",77.76,"LINESTRING (-87.64267917246858 41.70729260089892, -87.64267917246858 41.70729260089892)"
892664c8877ffff,"H3:892664c8877ffff (suc=3, lamba_ariza=13)",22.32,"LINESTRING (-87.73466570300826 41.83559761863407, -87.73466570300826 41.83559761863407)"
89266457567ffff,"H3:89266457567ffff (suc=1, lamba_ariza=7)",7.28,"LINESTRING (-87.6866460058973 41.68713357166971, -87.6866460058973 41.68713357166971)"
892664c1bd7ffff,"H3:892664c1bd7ffff (suc=15, lamba_ariza=2)",41.31,"LINESTRING (-87.61463854616042 41.867071451568044, -87.61463854616042 41.867071451568044)"
892664cdd57ffff,"H3:892664cdd57ffff (suc=19, lamba_ariza=27)",67.19,"LINESTRING (-87.64353716139708 41.742634395905974, -87.64353716139708 41.742634395905974)"
892664c1377ffff,"H3:892664c1377ffff (suc=30, lamba_ariza=19)",76.51,"LINESTRING (-87.64978823410726 41.90560789171644, -87.64978823410726 41.90560789171644)"
892664cb0c7ffff,"H3:892664cb0c7ffff (suc=2, lamba_ariza=11)",15.45,"LINESTRING (-87.8006906354144 41.9515349106911, -87.8006906354144 41.9515349106911)"
892664cb667ffff,"H3:892664cb667ffff (suc=0, lamba_ariza=1)",0.92,"LINESTRING (-87.82358595852955 41.953582158332324, -87.82358595852955 41.953582158332324)"
892664d9b53ffff,"H3:892664d9b53ffff (suc=3, lamba_ariza=5)",14.6,"LINESTRING (-87.77098683988336 41.975131553527106, -87.77098683988336 41.975131553527106)"
892664cb407ffff,"H3:892664cb407ffff (suc=0, lamba_ariza=5)",3.63,"LINESTRING (-87.78734281392343 41.96447752479728, -87.78734281392343 41.96447752479728)"
892664cc48bffff,"H3:892664cc48bffff (suc=40, lamba_ariza=18)",81.95,"LINESTRING (-87.60803273102829 41.80794576015402, -87.60803273102829 41.80794576015402)"
892664d890bffff,"H3:892664d890bffff (suc=55, lamba_ariza=34)",93.2,"LINESTRING (-87.65522688001873 41.967715849454834, -87.65522688001873 41.967715849454834)"
892664cdbdbffff,"H3:892664cdbdbffff (suc=5, lamba_ariza=4)",19.55,"LINESTRING (-87.68210552408392 41.72599968500996, -87.68210552408392 41.72599968500996)"
892664c8693ffff,"H3:892664c8693ffff (suc=20, lamba_ariza=5)",53.05,"LINESTRING (-87.77860345789674 41.91926660583304, -87.77860345789674 41.91926660583304)"
892664c8cbbffff,"H3:892664c8cbbffff (suc=88, lamba_ariza=50)",98.09,"LINESTRING (-87.71519588743195 41.863092004322816, -87.71519588743195 41.863092004322816)"
892664cac87ffff,"H3:892664cac87ffff (suc=35, lamba_ariza=27)",83.99,"LINESTRING (-87.6672079093077 41.9112293518047, -87.6672079093077 41.9112293518047)"
892664ce207ffff,"H3:892664ce207ffff (suc=21, lamba_ariza=9)",57.03,"LINESTRING (-87.59888294114205 41.82022183626949, -87.59888294114205 41.82022183626949)"
892664c8613ffff,"H3:892664c8613ffff (suc=8, lamba_ariza=21)",40.94,"LINESTRING (-87.78527319653033 41.912799498114964, -87.78527319653033 41.912799498114964)"
892664cd63bffff,"H3:892664cd63bffff (suc=15, lamba_ariza=6)",45.76,"LINESTRING (-87.7181141958038 41.79981541824417, -87.7181141958038 41.79981541824417)"
892664575c3ffff,"H3:892664575c3ffff (suc=1, lamba_ariza=10)",8.22,"LINESTRING (-87.68770387578563 41.70334222201142, -87.68770387578563 41.70334222201142)"
892664cc673ffff,"H3:892664cc673ffff (suc=40, lamba_ariza=4)",69.72,"LINESTRING (-87.64544169191055 41.79421879468889, -87.64544169191055 41.79421879468889)"
892664190dbffff,"H3:892664190dbffff (suc=0, lamba_ariza=2)",1.83,"LINESTRING (-87.56072000614975 41.68667390801378, -87.56072000614975 41.68667390801378)"
892664d83b7ffff,"H3:892664d83b7ffff (suc=11, lamba_ariza=21)",49.12,"LINESTRING (-87.69824860422754 42.01607875474337, -87.69824860422754 42.01607875474337)"
89275936cafffff,"H3:89275936cafffff (suc=0, lamba_ariza=21)",17.43,"LINESTRING (-87.81356959297737 42.01531422760043, -87.81356959297737 42.01531422760043)"
892664ccc43ffff,"H3:892664ccc43ffff (suc=9, lamba_ariza=26)",47.23,"LINESTRING (-87.58881257150405 41.75072593259637, -87.58881257150405 41.75072593259637)"
892664cd877ffff,"H3:892664cd877ffff (suc=8, lamba_ariza=8)",30.78,"LINESTRING (-87.66825956401887 41.73078326341923, -87.66825956401887 41.73078326341923)"
892664525bbffff,"H3:892664525bbffff (suc=24, lamba_ariza=14)",65.7,"LINESTRING (-87.7409354840752 41.801879844886486, -87.7409354840752 41.801879844886486)"
892664cc047ffff,"H3:892664cc047ffff (suc=32, lamba_ariza=9)",69.13,"LINESTRING (-87.62754815841417 41.78048540267696, -87.62754815841417 41.78048540267696)"
892664d8827ffff,"H3:892664d8827ffff (suc=10, lamba_ariza=13)",40.61,"LINESTRING (-87.66421225904224 41.97459365875051, -87.66421225904224 41.97459365875051)"
892664cc41bffff,"H3:892664cc41bffff (suc=44, lamba_ariza=35)",90.59,"LINESTRING (-87.61348061112763 41.80440969736502, -87.61348061112763 41.80440969736502)"
892664ca18bffff,"H3:892664ca18bffff (suc=26, lamba_ariza=16)",69.92,"LINESTRING (-87.69537355798975 41.92892856321826, -87.69537355798975 41.92892856321826)"
892664ccc4fffff,"H3:892664ccc4fffff (suc=18, lamba_ariza=17)",60.02,"LINESTRING (-87.59004521000135 41.747815094065615, -87.59004521000135 41.747815094065615)"
892664cc547ffff,"H3:892664cc547ffff (suc=9, lamba_ariza=19)",42.75,"LINESTRING (-87.59805757336439 41.78484474061924, -87.59805757336439 41.78484474061924)"
892664d9b6bffff,"H3:892664d9b6bffff (suc=7, lamba_ariza=20)",39.05,"LINESTRING (-87.77166651503151 41.964081691529, -87.77166651503151 41.964081691529)"
892664c858fffff,"H3:892664c858fffff (suc=36, lamba_ariza=23)",83.19,"LINESTRING (-87.73054065308793 41.90181804214722, -87.73054065308793 41.90181804214722)"
892664cd3afffff,"H3:892664cd3afffff (suc=13, lamba_ariza=15)",48.5,"LINESTRING (-87.69737840575254 41.76467042625281, -87.69737840575254 41.76467042625281)"
892664ca933ffff,"H3:892664ca933ffff (suc=76, lamba_ariza=12)",82.62,"LINESTRING (-87.6585935095579 41.866030897855666, -87.6585935095579 41.866030897855666)"
892664cf49bffff,"H3:892664cf49bffff (suc=35, lamba_ariza=9)",70.76,"LINESTRING (-87.63995928426444 41.86332547559232, -87.63995928426444 41.86332547559232)"
892664562a3ffff,"H3:892664562a3ffff (suc=0, lamba_ariza=1)",0.34,"LINESTRING (-87.6507488678626 41.678823644923135, -87.6507488678626 41.678823644923135)"
892664cc203ffff,"H3:892664cc203ffff (suc=36, lamba_ariza=11)",73.4,"LINESTRING (-87.64860814272917 41.77736730828108, -87.64860814272917 41.77736730828108)"
892664cc1abffff,"H3:892664cc1abffff (suc=29, lamba_ariza=19)",74.69,"LINESTRING (-87.59107083297029 41.76403838232008, -87.59107083297029 41.76403838232008)"
892664563dbffff,"H3:892664563dbffff (suc=2, lamba_ariza=13)",19.88,"LINESTRING (-87.64899991782657 41.67362921234184, -87.64899991782657 41.67362921234184)"
892664cb52bffff,"H3:892664cb52bffff (suc=15, lamba_ariza=38)",62.62,"LINESTRING (-87.7688011682939 41.94261684698102, -87.7688011682939 41.94261684698102)"
892664c1a13ffff,"H3:892664c1a13ffff (suc=94, lamba_ariza=37)",97.03,"LINESTRING (-87.63379558444264 41.87790355342515, -87.63379558444264 41.87790355342515)"
892664cc52fffff,"H3:892664cc52fffff (suc=39, lamba_ariza=17)",80.83,"LINESTRING (-87.58613786601997 41.775684732472044, -87.58613786601997 41.775684732472044)"
892664d9e73ffff,"H3:892664d9e73ffff (suc=3, lamba_ariza=11)",20.27,"LINESTRING (-87.77863213338065 42.00410568726063, -87.77863213338065 42.00410568726063)"
892664cf097ffff,"H3:892664cf097ffff (suc=20, lamba_ariza=49)",73.92,"LINESTRING (-87.64137803935381 41.8412549783501, -87.64137803935381 41.8412549783501)"
892664cd523ffff,"H3:892664cd523ffff (suc=43, lamba_ariza=23)",86.12,"LINESTRING (-87.66475088832765 41.785895720963566, -87.66475088832765 41.785895720963566)"
892664ce25bffff,"H3:892664ce25bffff (suc=43, lamba_ariza=16)",81.62,"LINESTRING (-87.61626644635726 41.82584740409933, -87.61626644635726 41.82584740409933)"
892664d8abbffff,"H3:892664d8abbffff (suc=21, lamba_ariza=15)",62.41,"LINESTRING (-87.69311454070481 41.98125211155142, -87.69311454070481 41.98125211155142)"
892664cf19bffff,"H3:892664cf19bffff (suc=19, lamba_ariza=63)",71.76,"LINESTRING (-87.62768401931409 41.82689036012214, -87.62768401931409 41.82689036012214)"
892664cf137ffff,"H3:892664cf137ffff (suc=41, lamba_ariza=22)",84.86,"LINESTRING (-87.62242899870574 41.81127945865525, -87.62242899870574 41.81127945865525)"
892664d9e53ffff,"H3:892664d9e53ffff (suc=2, lamba_ariza=13)",16.88,"LINESTRING (-87.783410555091 42.01160725365908, -87.783410555091 42.01160725365908)"
892664cdb0fffff,"H3:892664cdb0fffff (suc=1, lamba_ariza=22)",21.18,"LINESTRING (-87.67561840449389 41.713320730336996, -87.67561840449389 41.713320730336996)"
892664d9a0bffff,"H3:892664d9a0bffff (suc=17, lamba_ariza=7)",49.3,"LINESTRING (-87.785990687623 41.986578578522185, -87.785990687623 41.986578578522185)"
8926645605bffff,"H3:8926645605bffff (suc=3, lamba_ariza=13)",22.41,"LINESTRING (-87.6470679840593 41.68755013879221, -87.6470679840593 41.68755013879221)"
892664c1603ffff,"H3:892664c1603ffff (suc=37, lamba_ariza=28)",85.73,"LINESTRING (-87.65963496158342 41.947909862273505, -87.65963496158342 41.947909862273505)"
89266452c07ffff,"H3:89266452c07ffff (suc=4, lamba_ariza=1)",15.18,"LINESTRING (-87.73403216628586 41.76194692846762, -87.73403216628586 41.76194692846762)"
892664ccbcfffff,"H3:892664ccbcfffff (suc=2, lamba_ariza=5)",12.65,"LINESTRING (-87.60061763085712 41.713514200134355, -87.60061763085712 41.713514200134355)"
89275936c2fffff,"H3:89275936c2fffff (suc=1, lamba_ariza=8)",8.66,"LINESTRING (-87.82024773281483 42.008837152194346, -87.82024773281483 42.008837152194346)"
892664cabcbffff,"H3:892664cabcbffff (suc=66, lamba_ariza=4)",74.99,"LINESTRING (-87.70307535917529 41.8730947027446, -87.70307535917529 41.8730947027446)"
892664cce33ffff,"H3:892664cce33ffff (suc=19, lamba_ariza=21)",65.17,"LINESTRING (-87.6009291391718 41.740750384516716, -87.6009291391718 41.740750384516716)"
892664cc0dbffff,"H3:892664cc0dbffff (suc=31, lamba_ariza=16)",75.11,"LINESTRING (-87.62683656033082 41.79151189387432, -87.62683656033082 41.79151189387432)"
892664c8c1bffff,"H3:892664c8c1bffff (suc=35, lamba_ariza=18)",78.66,"LINESTRING (-87.72662209003177 41.86412497006324, -87.72662209003177 41.86412497006324)"
892664cf053ffff,"H3:892664cf053ffff (suc=6, lamba_ariza=9)",26.52,"LINESTRING (-87.66246406724014 41.83813054192983, -87.66246406724014 41.83813054192983)"
892664cf10fffff,"H3:892664cf10fffff (suc=28, lamba_ariza=19)",74.8,"LINESTRING (-87.63261147359682 41.81523533150397, -87.63261147359682 41.81523533150397)"
892664d88afffff,"H3:892664d88afffff (suc=9, lamba_ariza=22)",46.05,"LINESTRING (-87.66174452612272 41.98043304832265, -87.66174452612272 41.98043304832265)"
892664cc353ffff,"H3:892664cc353ffff (suc=44, lamba_ariza=29)",89.05,"LINESTRING (-87.63791178582365 41.76530199340018, -87.63791178582365 41.76530199340018)"
892664d89a7ffff,"H3:892664d89a7ffff (suc=0, lamba_ariza=1)",0.35,"LINESTRING (-87.63655162412581 41.96500891231827, -87.63655162412581 41.96500891231827)"
892664c843bffff,"H3:892664c843bffff (suc=61, lamba_ariza=8)",78.34,"LINESTRING (-87.75518122113377 41.90908569543678, -87.75518122113377 41.90908569543678)"
892664cb03bffff,"H3:892664cb03bffff (suc=4, lamba_ariza=36)",37.23,"LINESTRING (-87.79713991109585 41.941119876200254, -87.79713991109585 41.941119876200254)"
892664cb00bffff,"H3:892664cb00bffff (suc=10, lamba_ariza=31)",51.05,"LINESTRING (-87.80313840495592 41.945695668273075, -87.80313840495592 41.945695668273075)"
892664cc433ffff,"H3:892664cc433ffff (suc=46, lamba_ariza=34)",91.19,"LINESTRING (-87.60453468525392 41.79753965880136, -87.60453468525392 41.79753965880136)"
892664cb2cfffff,"H3:892664cb2cfffff (suc=6, lamba_ariza=18)",33.74,"LINESTRING (-87.83447623872394 41.94647714757051, -87.83447623872394 41.94647714757051)"
892664cc6b7ffff,"H3:892664cc6b7ffff (suc=29, lamba_ariza=16)",73.0,"LINESTRING (-87.62437365240682 41.7973373939768, -87.62437365240682 41.7973373939768)"
892664cc8c7ffff,"H3:892664cc8c7ffff (suc=20, lamba_ariza=45)",73.02,"LINESTRING (-87.58778802951603 41.734505170734224, -87.58778802951603 41.734505170734224)"
8926645217bffff,"H3:8926645217bffff (suc=3, lamba_ariza=19)",25.61,"LINESTRING (-87.7675584788007 41.77606061627661, -87.7675584788007 41.77606061627661)"
892664cd0a7ffff,"H3:892664cd0a7ffff (suc=17, lamba_ariza=20)",61.55,"LINESTRING (-87.68458163717041 41.785683429227866, -87.68458163717041 41.785683429227866)"
892664cc25bffff,"H3:892664cc25bffff (suc=36, lamba_ariza=19)",80.27,"LINESTRING (-87.6629963723789 41.78069509206994, -87.6629963723789 41.78069509206994)"
892664cdc77ffff,"H3:892664cdc77ffff (suc=26, lamba_ariza=28)",77.06,"LINESTRING (-87.659667055152 41.751160690465895, -87.659667055152 41.751160690465895)"
892664cb2c3ffff,"H3:892664cb2c3ffff (suc=7, lamba_ariza=12)",31.98,"LINESTRING (-87.83325449076172 41.949396966299226, -87.83325449076172 41.949396966299226)"
892664c1017ffff,"H3:892664c1017ffff (suc=15, lamba_ariza=3)",42.46,"LINESTRING (-87.6344603717598 41.93249020754851, -87.6344603717598 41.93249020754851)"
892664cf54bffff,"H3:892664cf54bffff (suc=16, lamba_ariza=17)",56.43,"LINESTRING (-87.63839223537153 41.838964917284386, -87.63839223537153 41.838964917284386)"
892664d9927ffff,"H3:892664d9927ffff (suc=20, lamba_ariza=15)",61.84,"LINESTRING (-87.7234061032667 41.96580096193742, -87.7234061032667 41.96580096193742)"
892664cdc37ffff,"H3:892664cdc37ffff (suc=37, lamba_ariza=26)",84.84,"LINESTRING (-87.64826834634835 41.750120824448736, -87.64826834634835 41.750120824448736)"
892664caca7ffff,"H3:892664caca7ffff (suc=27, lamba_ariza=22)",75.62,"LINESTRING (-87.66245735381099 41.90373029986795, -87.66245735381099 41.90373029986795)"
892664cf13bffff,"H3:892664cf13bffff (suc=4, lamba_ariza=9)",21.19,"LINESTRING (-87.62962771946691 41.81294563963273, -87.62962771946691 41.81294563963273)"
892664ccc4bffff,"H3:892664ccc4bffff (suc=14, lamba_ariza=14)",50.7,"LINESTRING (-87.59302309690247 41.750104361902295, -87.59302309690247 41.750104361902295)"
892664cdccfffff,"H3:892664cdccfffff (suc=23, lamba_ariza=30)",73.82,"LINESTRING (-87.66317351364688 41.761558790644514, -87.66317351364688 41.761558790644514)"
892664cc077ffff,"H3:892664cc077ffff (suc=0, lamba_ariza=2)",1.53,"LINESTRING (-87.6215858331831 41.775907359147176, -87.6215858331831 41.775907359147176)"
892664ca32bffff,"H3:892664ca32bffff (suc=51, lamba_ariza=25)",89.61,"LINESTRING (-87.7268578219048 41.910570729357445, -87.7268578219048 41.910570729357445)"
892664c8c4fffff,"H3:892664c8c4fffff (suc=12, lamba_ariza=33)",55.72,"LINESTRING (-87.73628301586731 41.85995296081396, -87.73628301586731 41.85995296081396)"
892664cb6d3ffff,"H3:892664cb6d3ffff (suc=0, lamba_ariza=1)",0.73,"LINESTRING (-87.82347480481566 41.97275904014006, -87.82347480481566 41.97275904014006)"
892664cc027ffff,"H3:892664cc027ffff (suc=64, lamba_ariza=38)",95.16,"LINESTRING (-87.61141268114883 41.77195184103346, -87.61141268114883 41.77195184103346)"
892664ca6b3ffff,"H3:892664ca6b3ffff (suc=14, lamba_ariza=9)",44.37,"LINESTRING (-87.72709402841784 41.957042311200716, -87.72709402841784 41.957042311200716)"
892664c1ac7ffff,"H3:892664c1ac7ffff (suc=38, lamba_ariza=46)",89.74,"LINESTRING (-87.6367837115334 41.880194674035906, -87.6367837115334 41.880194674035906)"
892664ca46bffff,"H3:892664ca46bffff (suc=10, lamba_ariza=34)",52.66,"LINESTRING (-87.72110046722193 41.952461593173716, -87.72110046722193 41.952461593173716)"
892664cf5afffff,"H3:892664cf5afffff (suc=73, lamba_ariza=29)",93.93,"LINESTRING (-87.61256700503915 41.83458934494979, -87.61256700503915 41.83458934494979)"
892664566a7ffff,"H3:892664566a7ffff (suc=9, lamba_ariza=10)",35.06,"LINESTRING (-87.63918124773564 41.696900202768944, -87.63918124773564 41.696900202768944)"
892664c8113ffff,"H3:892664c8113ffff (suc=51, lamba_ariza=25)",89.58,"LINESTRING (-87.74334720736017 41.88076991583861, -87.74334720736017 41.88076991583861)"
89266456447ffff,"H3:89266456447ffff (suc=6, lamba_ariza=32)",41.03,"LINESTRING (-87.63251982487652 41.70334146302184, -87.63251982487652 41.70334146302184)"
892664525a7ffff,"H3:892664525a7ffff (suc=15, lamba_ariza=26)",60.28,"LINESTRING (-87.73496085580001 41.79730729099613, -87.73496085580001 41.79730729099613)"
892664cea33ffff,"H3:892664cea33ffff (suc=56, lamba_ariza=4)",73.94,"LINESTRING (-87.56281956334219 41.76547583582563, -87.56281956334219 41.76547583582563)"
892664cd26fffff,"H3:892664cd26fffff (suc=7, lamba_ariza=10)",29.73,"LINESTRING (-87.73633196070523 41.77525588506945, -87.73633196070523 41.77525588506945)"
892664575d3ffff,"H3:892664575d3ffff (suc=2, lamba_ariza=7)",13.34,"LINESTRING (-87.68647885857247 41.70625211619772, -87.68647885857247 41.70625211619772)"
892664c89c3ffff,"H3:892664c89c3ffff (suc=0, lamba_ariza=3)",2.7,"LINESTRING (-87.7160428122941 41.83290502811848, -87.7160428122941 41.83290502811848)"
892664cb50bffff,"H3:892664cb50bffff (suc=11, lamba_ariza=4)",33.91,"LINESTRING (-87.7735717469365 41.95011377548045, -87.7735717469365 41.95011377548045)"
892664ca317ffff,"H3:892664ca317ffff (suc=14, lamba_ariza=17)",53.55,"LINESTRING (-87.72317356065099 41.919324296558386, -87.72317356065099 41.919324296558386)"
892664ca1bbffff,"H3:892664ca1bbffff (suc=23, lamba_ariza=28)",73.76,"LINESTRING (-87.68938632083317 41.924347347528375, -87.68938632083317 41.924347347528375)"
89275934853ffff,"H3:89275934853ffff (suc=1, lamba_ariza=0)",1.74,"LINESTRING (-87.8892721535487 41.95741057049114, -87.8892721535487 41.95741057049114)"
892664d9d07ffff,"H3:892664d9d07ffff (suc=4, lamba_ariza=4)",16.8,"LINESTRING (-87.71956231763733 41.99374454220005, -87.71956231763733 41.99374454220005)"
892664cdd1bffff,"H3:892664cdd1bffff (suc=7, lamba_ariza=15)",34.13,"LINESTRING (-87.63932851992625 41.74325767661047, -87.63932851992625 41.74325767661047)"
892664cc213ffff,"H3:892664cc213ffff (suc=35, lamba_ariza=4)",67.32,"LINESTRING (-87.64737858210835 41.78027964518898, -87.64737858210835 41.78027964518898)"
892664c894fffff,"H3:892664c894fffff (suc=0, lamba_ariza=5)",3.7,"LINESTRING (-87.72393568618017 41.82353389376652, -87.72393568618017 41.82353389376652)"
892664ccb1bffff,"H3:892664ccb1bffff (suc=7, lamba_ariza=2)",22.52,"LINESTRING (-87.59764177807531 41.711226028250046, -87.59764177807531 41.711226028250046)"
892664c1e0bffff,"H3:892664c1e0bffff (suc=169, lamba_ariza=27)",95.17,"LINESTRING (-87.63061670941417 41.89477571708793, -87.63061670941417 41.89477571708793)"
892664d8cdbffff,"H3:892664d8cdbffff (suc=40, lamba_ariza=64)",91.41,"LINESTRING (-87.67108804167418 42.01463437571253, -87.67108804167418 42.01463437571253)"
892664ca387ffff,"H3:892664ca387ffff (suc=16, lamba_ariza=21)",59.74,"LINESTRING (-87.7177220110661 41.922870724413066, -87.7177220110661 41.922870724413066)"
892664cc3dbffff,"H3:892664cc3dbffff (suc=31, lamba_ariza=5)",64.56,"LINESTRING (-87.63545173552032 41.77112572957233, -87.63545173552032 41.77112572957233)"
892664c1b47ffff,"H3:892664c1b47ffff (suc=49, lamba_ariza=22)",87.47,"LINESTRING (-87.62255980780044 41.85770191380703, -87.62255980780044 41.85770191380703)"
892664d9a43ffff,"H3:892664d9a43ffff (suc=3, lamba_ariza=15)",22.22,"LINESTRING (-87.79321974648309 41.98823610750181, -87.79321974648309 41.98823610750181)"
892664574b3ffff,"H3:892664574b3ffff (suc=1, lamba_ariza=8)",8.52,"LINESTRING (-87.69121276406814 41.71373330361942, -87.69121276406814 41.71373330361942)"
892664570c3ffff,"H3:892664570c3ffff (suc=2, lamba_ariza=12)",16.45,"LINESTRING (-87.71712755898153 41.698967757765274, -87.71712755898153 41.698967757765274)"
892664cf6cbffff,"H3:892664cf6cbffff (suc=15, lamba_ariza=48)",63.53,"LINESTRING (-87.68214786888464 41.85707072312696, -87.68214786888464 41.85707072312696)"
89266457527ffff,"H3:89266457527ffff (suc=2, lamba_ariza=7)",11.89,"LINESTRING (-87.6752632159787 41.686096305754205, -87.6752632159787 41.686096305754205)"
892664d9e27ffff,"H3:892664d9e27ffff (suc=3, lamba_ariza=16)",23.9,"LINESTRING (-87.76539764967855 41.99786673913205, -87.76539764967855 41.99786673913205)"
892664d9d2fffff,"H3:892664d9d2fffff (suc=2, lamba_ariza=5)",11.25,"LINESTRING (-87.71902438406516 41.985612147818834, -87.71902438406516 41.985612147818834)"
892664cc893ffff,"H3:892664cc893ffff (suc=19, lamba_ariza=10)",55.89,"LINESTRING (-87.57813639116368 41.738657719561644, -87.57813639116368 41.738657719561644)"
892664cab8bffff,"H3:892664cab8bffff (suc=9, lamba_ariza=5)",31.81,"LINESTRING (-87.69164679737042 41.87205938840409, -87.69164679737042 41.87205938840409)"
892664cb077ffff,"H3:892664cb077ffff (suc=7, lamba_ariza=20)",37.4,"LINESTRING (-87.80136280578259 41.94048841838109, -87.80136280578259 41.94048841838109)"
892664cf5d3ffff,"H3:892664cf5d3ffff (suc=31, lamba_ariza=12)",71.01,"LINESTRING (-87.62625911756733 41.84895722623418, -87.62625911756733 41.84895722623418)"
892664cf117ffff,"H3:892664cf117ffff (suc=23, lamba_ariza=8)",58.93,"LINESTRING (-87.62716403816601 41.81877274839748, -87.62716403816601 41.81877274839748)"
892664c1617ffff,"H3:892664c1617ffff (suc=87, lamba_ariza=5)",77.31,"LINESTRING (-87.65540797026047 41.948536329616104, -87.65540797026047 41.948536329616104)"
89266452003ffff,"H3:89266452003ffff (suc=5, lamba_ariza=2)",17.35,"LINESTRING (-87.778833644732 41.796225775833896, -87.778833644732 41.796225775833896)"
892664c1253ffff,"H3:892664c1253ffff (suc=27, lamba_ariza=9)",64.72,"LINESTRING (-87.67847502152493 41.93143773666807, -87.67847502152493 41.93143773666807)"
892664c1e67ffff,"H3:892664c1e67ffff (suc=134, lamba_ariza=57)",99.26,"LINESTRING (-87.63009545197781 41.88665157195299, -87.63009545197781 41.88665157195299)"
892664c13d3ffff,"H3:892664c13d3ffff (suc=16, lamba_ariza=36)",64.93,"LINESTRING (-87.65083824022624 41.921860052100094, -87.65083824022624 41.921860052100094)"
892664d8a0fffff,"H3:892664d8a0fffff (suc=6, lamba_ariza=13)",28.73,"LINESTRING (-87.70280383849476 41.97707548288807, -87.70280383849476 41.97707548288807)"
892664d9997ffff,"H3:892664d9997ffff (suc=4, lamba_ariza=5)",16.25,"LINESTRING (-87.72025467019456 41.982691810394684, -87.72025467019456 41.982691810394684)"
892664c8897ffff,"H3:892664c8897ffff (suc=11, lamba_ariza=35)",54.47,"LINESTRING (-87.72133069903258 41.84851375880604, -87.72133069903258 41.84851375880604)"
89266419433ffff,"H3:89266419433ffff (suc=7, lamba_ariza=17)",37.17,"LINESTRING (-87.53845641373324 41.69267889685416, -87.53845641373324 41.69267889685416)"
892664cf267ffff,"H3:892664cf267ffff (suc=20, lamba_ariza=8)",54.24,"LINESTRING (-87.68547306513148 41.82105645472527, -87.68547306513148 41.82105645472527)"
892664c1a1bffff,"H3:892664c1a1bffff (suc=41, lamba_ariza=20)",83.8,"LINESTRING (-87.6380166336584 41.877278758295475, -87.6380166336584 41.877278758295475)"
892664ccd8fffff,"H3:892664ccd8fffff (suc=60, lamba_ariza=40)",94.92,"LINESTRING (-87.5511342421866 41.73718053852175, -87.5511342421866 41.73718053852175)"
892664cd18bffff,"H3:892664cd18bffff (suc=31, lamba_ariza=18)",76.46,"LINESTRING (-87.67563034900084 41.778820853725776, -87.67563034900084 41.778820853725776)"
892664ca0d7ffff,"H3:892664ca0d7ffff (suc=13, lamba_ariza=7)",41.62,"LINESTRING (-87.7193335021094 41.94725214414839, -87.7193335021094 41.94725214414839)"
892664d8b13ffff,"H3:892664d8b13ffff (suc=13, lamba_ariza=15)",48.93,"LINESTRING (-87.67936459254383 41.96687284016322, -87.67936459254383 41.96687284016322)"
892664cd94fffff,"H3:892664cd94fffff (suc=10, lamba_ariza=14)",40.11,"LINESTRING (-87.65756937053578 41.7187262362523, -87.65756937053578 41.7187262362523)"
892664d8d7bffff,"H3:892664d8d7bffff (suc=0, lamba_ariza=20)",16.75,"LINESTRING (-87.65204982637923 41.9846066421725, -87.65204982637923 41.9846066421725)"
892664cca1bffff,"H3:892664cca1bffff (suc=7, lamba_ariza=18)",37.7,"LINESTRING (-87.61847847024899 41.72724259639999, -87.61847847024899 41.72724259639999)"
892664c1aafffff,"H3:892664c1aafffff (suc=146, lamba_ariza=33)",96.91,"LINESTRING (-87.62483284921699 41.87103000355385, -87.62483284921699 41.87103000355385)"
892664cb55bffff,"H3:892664cb55bffff (suc=10, lamba_ariza=9)",36.17,"LINESTRING (-87.78379398788559 41.95406035190726, -87.78379398788559 41.95406035190726)"
892664ce2cbffff,"H3:892664ce2cbffff (suc=24, lamba_ariza=15)",66.88,"LINESTRING (-87.61081628972337 41.82938464260855, -87.61081628972337 41.82938464260855)"
892664cc133ffff,"H3:892664cc133ffff (suc=33, lamba_ariza=30)",84.2,"LINESTRING (-87.59230367725928 41.76112703962103, -87.59230367725928 41.76112703962103)"
892664c858bffff,"H3:892664c858bffff (suc=36, lamba_ariza=24)",83.8,"LINESTRING (-87.7335344087209 41.904106946165655, -87.7335344087209 41.904106946165655)"
892664cd34bffff,"H3:892664cd34bffff (suc=18, lamba_ariza=24)",64.26,"LINESTRING (-87.72316718889147 41.7690251198964, -87.72316718889147 41.7690251198964)"
892664cf293ffff,"H3:892664cf293ffff (suc=4, lamba_ariza=5)",16.46,"LINESTRING (-87.67388441181089 41.83916884356875, -87.67388441181089 41.83916884356875)"
892664cdc83ffff,"H3:892664cdc83ffff (suc=47, lamba_ariza=15)",81.28,"LINESTRING (-87.65054335822255 41.76343103331468, -87.65054335822255 41.76343103331468)"
892664cf2afffff,"H3:892664cf2afffff (suc=11, lamba_ariza=21)",48.68,"LINESTRING (-87.67159907621264 41.82584754072048, -87.67159907621264 41.82584754072048)"
892664cd48bffff,"H3:892664cd48bffff (suc=15, lamba_ariza=21)",56.9,"LINESTRING (-87.68792916291378 41.81522835508861, -87.68792916291378 41.81522835508861)"
892759369bbffff,"H3:892759369bbffff (suc=2, lamba_ariza=14)",20.43,"LINESTRING (-87.80289903090464 41.98405115409114, -87.80289903090464 41.98405115409114)"
892664cc9afffff,"H3:892664cc9afffff (suc=0, lamba_ariza=21)",17.77,"LINESTRING (-87.5550597396197 41.70932403679094, -87.5550597396197 41.70932403679094)"
892664cb04bffff,"H3:892664cb04bffff (suc=6, lamba_ariza=35)",40.17,"LINESTRING (-87.81458451273076 41.946719634987566, -87.81458451273076 41.946719634987566)"
892664cb507ffff,"H3:892664cb507ffff (suc=18, lamba_ariza=17)",59.27,"LINESTRING (-87.76634900861158 41.94845538527037, -87.76634900861158 41.94845538527037)"
892664ccca7ffff,"H3:892664ccca7ffff (suc=30, lamba_ariza=12)",70.09,"LINESTRING (-87.56303812494879 41.74634086277911, -87.56303812494879 41.74634086277911)"
89266456257ffff,"H3:89266456257ffff (suc=18, lamba_ariza=29)",67.08,"LINESTRING (-87.66930903183409 41.681525523406115, -87.66930903183409 41.681525523406115)"
89266452827ffff,"H3:89266452827ffff (suc=3, lamba_ariza=7)",16.68,"LINESTRING (-87.73784787240155 41.734082132388785, -87.73784787240155 41.734082132388785)"
892664ca0d3ffff,"H3:892664ca0d3ffff (suc=6, lamba_ariza=21)",34.8,"LINESTRING (-87.7223297324719 41.94954244707397, -87.7223297324719 41.94954244707397)"
892664c8013ffff,"H3:892664c8013ffff (suc=12, lamba_ariza=23)",52.13,"LINESTRING (-87.76430348090021 41.89678549451789, -87.76430348090021 41.89678549451789)"
892664d8b5bffff,"H3:892664d8b5bffff (suc=13, lamba_ariza=26)",56.3,"LINESTRING (-87.69504463050988 41.96728123601646, -87.69504463050988 41.96728123601646)"
892664ccd3bffff,"H3:892664ccd3bffff (suc=17, lamba_ariza=39)",67.08,"LINESTRING (-87.55483805025352 41.728450612382765, -87.55483805025352 41.728450612382765)"
892664525abffff,"H3:892664525abffff (suc=50, lamba_ariza=29)",90.86,"LINESTRING (-87.74215943853807 41.798966059544284, -87.74215943853807 41.798966059544284)"
892664cca6bffff,"H3:892664cca6bffff (suc=8, lamba_ariza=35)",48.03,"LINESTRING (-87.6263749672128 41.71788997707605, -87.6263749672128 41.71788997707605)"
892664d9d3bffff,"H3:892664d9d3bffff (suc=2, lamba_ariza=1)",7.29,"LINESTRING (-87.72079278490166 41.99082390539832, -87.72079278490166 41.99082390539832)"
892664cf557ffff,"H3:892664cf557ffff (suc=23, lamba_ariza=10)",61.48,"LINESTRING (-87.62995699399337 41.84021341823469, -87.62995699399337 41.84021341823469)"
892664c85dbffff,"H3:892664c85dbffff (suc=28, lamba_ariza=13)",69.61,"LINESTRING (-87.74374406538713 41.90805568109884, -87.74374406538713 41.90805568109884)"
892664c8c07ffff,"H3:892664c8c07ffff (suc=69, lamba_ariza=27)",92.61,"LINESTRING (-87.720640614599 41.85954862988993, -87.720640614599 41.85954862988993)"
892664d9d0fffff,"H3:892664d9d0fffff (suc=3, lamba_ariza=1)",11.13,"LINESTRING (-87.72379190687656 41.99311519558469, -87.72379190687656 41.99311519558469)"
892664570cfffff,"H3:892664570cfffff (suc=0, lamba_ariza=15)",13.04,"LINESTRING (-87.71835036295741 41.696057917388394, -87.71835036295741 41.696057917388394)"
892664c132fffff,"H3:892664c132fffff (suc=32, lamba_ariza=13)",72.54,"LINESTRING (-87.6438078672853 41.90102515836591, -87.6438078672853 41.90102515836591)"
892664cc283ffff,"H3:892664cc283ffff (suc=8, lamba_ariza=17)",38.97,"LINESTRING (-87.6419365915603 41.783815970540104, -87.6419365915603 41.783815970540104)"
892664c1a0fffff,"H3:892664c1a0fffff (suc=1, lamba_ariza=1)",0.74,"LINESTRING (-87.63626154236549 41.8720720292633, -87.63626154236549 41.8720720292633)"
892664c16abffff,"H3:892664c16abffff (suc=55, lamba_ariza=5)",74.76,"LINESTRING (-87.65241463089775 41.946244121932644, -87.65241463089775 41.946244121932644)"
892664cd24fffff,"H3:892664cd24fffff (suc=6, lamba_ariza=11)",28.18,"LINESTRING (-87.74108041668408 41.782740393229666, -87.74108041668408 41.782740393229666)"
892664cc567ffff,"H3:892664cc567ffff (suc=34, lamba_ariza=4)",66.11,"LINESTRING (-87.59333038227227 41.77735285305233, -87.59333038227227 41.77735285305233)"
892664d9eafffff,"H3:892664d9eafffff (suc=2, lamba_ariza=15)",18.95,"LINESTRING (-87.7629421004643 42.00370925024031, -87.7629421004643 42.00370925024031)"
892664cb0b3ffff,"H3:892664cb0b3ffff (suc=5, lamba_ariza=42)",39.44,"LINESTRING (-87.78624413206676 41.948221161303586, -87.78624413206676 41.948221161303586)"
892664cd157ffff,"H3:892664cd157ffff (suc=21, lamba_ariza=11)",58.88,"LINESTRING (-87.68527927864122 41.77465815284818, -87.68527927864122 41.77465815284818)"
892664ca187ffff,"H3:892664ca187ffff (suc=26, lamba_ariza=14)",68.56,"LINESTRING (-87.68815554389067 41.927265343525335, -87.68815554389067 41.927265343525335)"
892664c830fffff,"H3:892664c830fffff (suc=2, lamba_ariza=4)",9.64,"LINESTRING (-87.77532208906402 41.87053224520626, -87.77532208906402 41.87053224520626)"
892664cd05bffff,"H3:892664cd05bffff (suc=10, lamba_ariza=11)",37.64,"LINESTRING (-87.71336743327731 41.79232830997857, -87.71336743327731 41.79232830997857)"
89275934c17ffff,"H3:89275934c17ffff (suc=0, lamba_ariza=3)",2.0,"LINESTRING (-87.86628243581342 41.974552859158464, -87.86628243581342 41.974552859158464)"
892664cf603ffff,"H3:892664cf603ffff (suc=17, lamba_ariza=16)",56.52,"LINESTRING (-87.67318305514154 41.85020283049403, -87.67318305514154 41.85020283049403)"
89266456c57ffff,"H3:89266456c57ffff (suc=17, lamba_ariza=10)",52.27,"LINESTRING (-87.5982529822047 41.6538743783754, -87.5982529822047 41.6538743783754)"
892664cd913ffff,"H3:892664cd913ffff (suc=27, lamba_ariza=37)",80.14,"LINESTRING (-87.64372220946318 41.72350646877647, -87.64372220946318 41.72350646877647)"
892664cf517ffff,"H3:892664cf517ffff (suc=50, lamba_ariza=29)",91.09,"LINESTRING (-87.61853614213277 41.83917071046229, -87.61853614213277 41.83917071046229)"
89275936b17ffff,"H3:89275936b17ffff (suc=24, lamba_ariza=0)",53.87,"LINESTRING (-87.83670801383727 41.9789894136077, -87.83670801383727 41.9789894136077)"
8926641902fffff,"H3:8926641902fffff (suc=5, lamba_ariza=2)",17.43,"LINESTRING (-87.54956038730252 41.6665072893033, -87.54956038730252 41.6665072893033)"
89266452cafffff,"H3:89266452cafffff (suc=0, lamba_ariza=3)",2.46,"LINESTRING (-87.72683949017687 41.76028804508757, -87.72683949017687 41.76028804508757)"
892664cd5b3ffff,"H3:892664cd5b3ffff (suc=12, lamba_ariza=7)",38.18,"LINESTRING (-87.65685129127948 41.795258874588, -87.65685129127948 41.795258874588)"
89266452dc3ffff,"H3:89266452dc3ffff (suc=9, lamba_ariza=52)",50.73,"LINESTRING (-87.7208714167199 41.7557166661768, -87.7208714167199 41.7557166661768)"
892664ca1c7ffff,"H3:892664ca1c7ffff (suc=19, lamba_ariza=26)",67.41,"LINESTRING (-87.69959779466944 41.92830091091858, -87.69959779466944 41.92830091091858)"
89275936d6bffff,"H3:89275936d6bffff (suc=1, lamba_ariza=16)",14.88,"LINESTRING (-87.81368497076664 41.99612737369077, -87.81368497076664 41.99612737369077)"
892664570afffff,"H3:892664570afffff (suc=0, lamba_ariza=7)",5.15,"LINESTRING (-87.7022312140075 41.68754502644395, -87.7022312140075 41.68754502644395)"
892664cc82bffff,"H3:892664cc82bffff (suc=61, lamba_ariza=7)",76.78,"LINESTRING (-87.58553213471095 41.721197270664504, -87.58553213471095 41.721197270664504)"
892664ca52fffff,"H3:892664ca52fffff (suc=12, lamba_ariza=18)",49.53,"LINESTRING (-87.68569351202927 41.93310162832732, -87.68569351202927 41.93310162832732)"
892664cb303ffff,"H3:892664cb303ffff (suc=4, lamba_ariza=10)",21.55,"LINESTRING (-87.80747935444126 41.925893035888194, -87.80747935444126 41.925893035888194)"
892664d8e77ffff,"H3:892664d8e77ffff (suc=25, lamba_ariza=2)",56.45,"LINESTRING (-87.69541368157033 41.99459700397329, -87.69541368157033 41.99459700397329)"
89266456033ffff,"H3:89266456033ffff (suc=16, lamba_ariza=27)",63.3,"LINESTRING (-87.62675890367242 41.67964926929825, -87.62675890367242 41.67964926929825)"
892664ca623ffff,"H3:892664ca623ffff (suc=13, lamba_ariza=16)",49.92,"LINESTRING (-87.73500567549598 41.94765536941574, -87.73500567549598 41.94765536941574)"
892664c8873ffff,"H3:892664c8873ffff (suc=1, lamba_ariza=6)",7.51,"LINESTRING (-87.73765534382832 41.837884831466916, -87.73765534382832 41.837884831466916)"
892664cc873ffff,"H3:892664cc873ffff (suc=4, lamba_ariza=3)",15.98,"LINESTRING (-87.5914843752075 41.72577475653493, -87.5914843752075 41.72577475653493)"
892664d9a67ffff,"H3:892664d9a67ffff (suc=6, lamba_ariza=22)",37.85,"LINESTRING (-87.785441223551 41.978447859043264, -87.785441223551 41.978447859043264)"
8926645211bffff,"H3:8926645211bffff (suc=2, lamba_ariza=10)",15.81,"LINESTRING (-87.76090568342276 41.782515084736346, -87.76090568342276 41.782515084736346)"
892664cd2afffff,"H3:892664cd2afffff (suc=7, lamba_ariza=4)",25.96,"LINESTRING (-87.7182685756683 41.780675929033606, -87.7182685756683 41.780675929033606)"
892664cad2fffff,"H3:892664cad2fffff (suc=27, lamba_ariza=13)",67.64,"LINESTRING (-87.65243561291408 41.88061013043027, -87.65243561291408 41.88061013043027)"
892664d895bffff,"H3:892664d895bffff (suc=4, lamba_ariza=3)",14.96,"LINESTRING (-87.66544588574088 41.971674110001636, -87.66544588574088 41.971674110001636)"
89266457587ffff,"H3:89266457587ffff (suc=1, lamba_ariza=11)",10.11,"LINESTRING (-87.67333878948592 41.70001935223981, -87.67333878948592 41.70001935223981)"
89266452d07ffff,"H3:89266452d07ffff (suc=5, lamba_ariza=27)",35.48,"LINESTRING (-87.71314581892638 41.74594772707024, -87.71314581892638 41.74594772707024)"
892664ce373ffff,"H3:892664ce373ffff (suc=85, lamba_ariza=9)",81.07,"LINESTRING (-87.5864412670533 41.802941872310086, -87.5864412670533 41.802941872310086)"
8926641b2c3ffff,"H3:8926641b2c3ffff (suc=2, lamba_ariza=4)",11.32,"LINESTRING (-87.54047002650094 41.725110080726125, -87.54047002650094 41.725110080726125)"
8926645210fffff,"H3:8926645210fffff (suc=19, lamba_ariza=11)",56.6,"LINESTRING (-87.75914090513436 41.77731674941388, -87.75914090513436 41.77731674941388)"
89266456c8fffff,"H3:89266456c8fffff (suc=0, lamba_ariza=7)",5.43,"LINESTRING (-87.58564754793814 41.655735557894765, -87.58564754793814 41.655735557894765)"
892664cab63ffff,"H3:892664cab63ffff (suc=9, lamba_ariza=4)",29.36,"LINESTRING (-87.70078009292692 41.85976912679655, -87.70078009292692 41.85976912679655)"
892664d988fffff,"H3:892664d988fffff (suc=3, lamba_ariza=8)",17.52,"LINESTRING (-87.74670883717044 41.99517775690682, -87.74670883717044 41.99517775690682)"
892664cd6d7ffff,"H3:892664cd6d7ffff (suc=1, lamba_ariza=5)",7.33,"LINESTRING (-87.72041138055944 41.81313092803092, -87.72041138055944 41.81313092803092)"
892664d8807ffff,"H3:892664d8807ffff (suc=24, lamba_ariza=33)",76.2,"LINESTRING (-87.66897037712334 41.982098559801294, -87.66897037712334 41.982098559801294)"
892664cab67ffff,"H3:892664cab67ffff (suc=1, lamba_ariza=6)",5.35,"LINESTRING (-87.6977905881508 41.85748033241868, -87.6977905881508 41.85748033241868)"
892664cc167ffff,"H3:892664cc167ffff (suc=27, lamba_ariza=29)",78.43,"LINESTRING (-87.60195839520881 41.75697198305197, -87.60195839520881 41.75697198305197)"
892664ca94fffff,"H3:892664ca94fffff (suc=7, lamba_ariza=5)",26.88,"LINESTRING (-87.6772290579656 41.86873327110105, -87.6772290579656 41.86873327110105)"
892664cf103ffff,"H3:892664cf103ffff (suc=33, lamba_ariza=10)",71.19,"LINESTRING (-87.63137984856776 41.81814894188337, -87.63137984856776 41.81814894188337)"
892664c1347ffff,"H3:892664c1347ffff (suc=16, lamba_ariza=14)",53.64,"LINESTRING (-87.65576969954635 41.910190498625376, -87.65576969954635 41.910190498625376)"
892664ca29bffff,"H3:892664ca29bffff (suc=10, lamba_ariza=9)",36.66,"LINESTRING (-87.7446831287068 41.94347751730434, -87.7446831287068 41.94347751730434)"
892664c81c7ffff,"H3:892664c81c7ffff (suc=48, lamba_ariza=23)",87.62,"LINESTRING (-87.74634013801528 41.88305795170222, -87.74634013801528 41.88305795170222)"
892664d8877ffff,"H3:892664d8877ffff (suc=12, lamba_ariza=24)",51.93,"LINESTRING (-87.67443333168711 41.97855131652484, -87.67443333168711 41.97855131652484)"
892664cd14bffff,"H3:892664cd14bffff (suc=29, lamba_ariza=70)",84.19,"LINESTRING (-87.69369992017901 41.773407364615494, -87.69369992017901 41.773407364615494)"
89266456093ffff,"H3:89266456093ffff (suc=77, lamba_ariza=18)",88.22,"LINESTRING (-87.62481992116291 41.69357123660392, -87.62481992116291 41.69357123660392)"
892664190a3ffff,"H3:892664190a3ffff (suc=2, lamba_ariza=2)",7.07,"LINESTRING (-87.54165565410865 41.67584921246931, -87.54165565410865 41.67584921246931)"
892664cc247ffff,"H3:892664cc247ffff (suc=6, lamba_ariza=0)",20.09,"LINESTRING (-87.65703103408781 41.776119072082835, -87.65703103408781 41.776119072082835)"
892664c8867ffff,"H3:892664c8867ffff (suc=0, lamba_ariza=2)",1.82,"LINESTRING (-87.73589096519788 41.83268264248139, -87.73589096519788 41.83268264248139)"
892664cd113ffff,"H3:892664cd113ffff (suc=14, lamba_ariza=10)",46.59,"LINESTRING (-87.67685800568182 41.7759083711741, -87.67685800568182 41.7759083711741)"
892664cb29bffff,"H3:892664cb29bffff (suc=0, lamba_ariza=1)",0.41,"LINESTRING (-87.82480845851592 41.950662254251526, -87.82480845851592 41.950662254251526)"
892664cc9c7ffff,"H3:892664cc9c7ffff (suc=9, lamba_ariza=15)",39.73,"LINESTRING (-87.5669571193099 41.71848123386396, -87.5669571193099 41.71848123386396)"
892664c8983ffff,"H3:892664c8983ffff (suc=1, lamba_ariza=3)",4.39,"LINESTRING (-87.70462426336849 41.83187094573193, -87.70462426336849 41.83187094573193)"
892664ca453ffff,"H3:892664ca453ffff (suc=13, lamba_ariza=26)",56.55,"LINESTRING (-87.72040877201394 41.963510305650196, -87.72040877201394 41.963510305650196)"
892664ccc77ffff,"H3:892664ccc77ffff (suc=15, lamba_ariza=9)",46.99,"LINESTRING (-87.57988014205816 41.743857631698674, -87.57988014205816 41.743857631698674)"
892664cc4d3ffff,"H3:892664cc4d3ffff (suc=31, lamba_ariza=4)",63.71,"LINESTRING (-87.61399804581134 41.81252611347279, -87.61399804581134 41.81252611347279)"
892664ceb27ffff,"H3:892664ceb27ffff (suc=0, lamba_ariza=3)",2.71,"LINESTRING (-87.54024221992003 41.744240626297554, -87.54024221992003 41.744240626297554)"
892664196b7ffff,"H3:892664196b7ffff (suc=0, lamba_ariza=18)",15.61,"LINESTRING (-87.55825396268527 41.69249077592135, -87.55825396268527 41.69249077592135)"
89266456e93ffff,"H3:89266456e93ffff (suc=8, lamba_ariza=5)",27.34,"LINESTRING (-87.61260103027297 41.65720586073287, -87.61260103027297 41.65720586073287)"
892664cda87ffff,"H3:892664cda87ffff (suc=0, lamba_ariza=2)",1.78,"LINESTRING (-87.6856149223023 41.736393760820526, -87.6856149223023 41.736393760820526)"
89275936b8fffff,"H3:89275936b8fffff (suc=9, lamba_ariza=1)",25.99,"LINESTRING (-87.83548555294885 41.98191043191445, -87.83548555294885 41.98191043191445)"
892664d8e07ffff,"H3:892664d8e07ffff (suc=43, lamba_ariza=23)",86.29,"LINESTRING (-87.68995072356029 41.99814593698413, -87.68995072356029 41.99814593698413)"
892664c8d6fffff,"H3:892664c8d6fffff (suc=14, lamba_ariza=12)",48.93,"LINESTRING (-87.7106008092194 41.836446891112985, -87.7106008092194 41.836446891112985)"
892664cc3d7ffff,"H3:892664cc3d7ffff (suc=48, lamba_ariza=18)",84.09,"LINESTRING (-87.62825941600556 41.76946039253246, -87.62825941600556 41.76946039253246)"
892664564afffff,"H3:892664564afffff (suc=12, lamba_ariza=20)",49.7,"LINESTRING (-87.61395137093194 41.70063332644019, -87.61395137093194 41.70063332644019)"
892664ca023ffff,"H3:892664ca023ffff (suc=25, lamba_ariza=26)",75.61,"LINESTRING (-87.71403495219076 41.93162544380427, -87.71403495219076 41.93162544380427)"
892664cdeafffff,"H3:892664cdeafffff (suc=3, lamba_ariza=3)",11.44,"LINESTRING (-87.67650160762017 41.74866340460918, -87.67650160762017 41.74866340460918)"
892664563bbffff,"H3:892664563bbffff (suc=11, lamba_ariza=16)",45.11,"LINESTRING (-87.63289856125571 41.66510777325985, -87.63289856125571 41.66510777325985)"
892664cae07ffff,"H3:892664cae07ffff (suc=7, lamba_ariza=7)",26.64,"LINESTRING (-87.70344839537354 41.90037946055705, -87.70344839537354 41.90037946055705)"
89275934e87ffff,"H3:89275934e87ffff (suc=1, lamba_ariza=0)",3.13,"LINESTRING (-87.89040706430339 41.973665606682474, -87.89040706430339 41.973665606682474)"
892664195dbffff,"H3:892664195dbffff (suc=1, lamba_ariza=37)",26.4,"LINESTRING (-87.53127805933201 41.691008207736104, -87.53127805933201 41.691008207736104)"
892664cc88fffff,"H3:892664cc88fffff (suc=13, lamba_ariza=9)",43.66,"LINESTRING (-87.58060227420137 41.73283717774459, -87.58060227420137 41.73283717774459)"
892664ca113ffff,"H3:892664ca113ffff (suc=16, lamba_ariza=58)",67.32,"LINESTRING (-87.69660390114286 41.92601045562915, -87.69660390114286 41.92601045562915)"
892664d83bbffff,"H3:892664d83bbffff (suc=2, lamba_ariza=3)",9.19,"LINESTRING (-87.70548070466008 42.01774228950318, -87.70548070466008 42.01774228950318)"
892664d8a8fffff,"H3:892664d8a8fffff (suc=14, lamba_ariza=24)",56.01,"LINESTRING (-87.69611187179851 41.98354397446551, -87.69611187179851 41.98354397446551)"
892759369abffff,"H3:892759369abffff (suc=13, lamba_ariza=21)",52.0,"LINESTRING (-87.80412371102695 41.981130284801075, -87.80412371102695 41.981130284801075)"
892664ce30bffff,"H3:892664ce30bffff (suc=46, lamba_ariza=7)",74.09,"LINESTRING (-87.58520692034098 41.80585470471943, -87.58520692034098 41.80585470471943)"
892664cd59bffff,"H3:892664cd59bffff (suc=36, lamba_ariza=19)",80.57,"LINESTRING (-87.66580339092735 41.80212424554918, -87.66580339092735 41.80212424554918)"
892664cb0a7ffff,"H3:892664cb0a7ffff (suc=5, lamba_ariza=30)",38.37,"LINESTRING (-87.78447026664968 41.943013389730126, -87.78447026664968 41.943013389730126)"
8926645628bffff,"H3:8926645628bffff (suc=8, lamba_ariza=23)",43.28,"LINESTRING (-87.65967769249346 41.68568117292481, -87.65967769249346 41.68568117292481)"
89266457443ffff,"H3:89266457443ffff (suc=0, lamba_ariza=1)",0.48,"LINESTRING (-87.71521539723982 41.712892978089045, -87.71521539723982 41.712892978089045)"
892664ca6c7ffff,"H3:892664ca6c7ffff (suc=8, lamba_ariza=6)",29.26,"LINESTRING (-87.74154117083238 41.960363911092394, -87.74154117083238 41.960363911092394)"
892664ca03bffff,"H3:892664ca03bffff (suc=27, lamba_ariza=14)",69.27,"LINESTRING (-87.71702994511286 41.933915529710355, -87.71702994511286 41.933915529710355)"
892664c8427ffff,"H3:892664c8427ffff (suc=26, lamba_ariza=42)",80.05,"LINESTRING (-87.7491915158122 41.90450886725436, -87.7491915158122 41.90450886725436)"
892664cb387ffff,"H3:892664cb387ffff (suc=17, lamba_ariza=24)",63.54,"LINESTRING (-87.79781278523858 41.930074740149394, -87.79781278523858 41.930074740149394)"
892664c165bffff,"H3:892664c165bffff (suc=20, lamba_ariza=32)",71.71,"LINESTRING (-87.67407679988162 41.951239996134284, -87.67407679988162 41.951239996134284)"
892664c1e33ffff,"H3:892664c1e33ffff (suc=83, lamba_ariza=21)",91.11,"LINESTRING (-87.62041681504982 41.89081687544533, -87.62041681504982 41.89081687544533)"
892664cb1dbffff,"H3:892664cb1dbffff (suc=7, lamba_ariza=18)",37.64,"LINESTRING (-87.78569508012276 41.940094143249176, -87.78569508012276 41.940094143249176)"
892664c847bffff,"H3:892664c847bffff (suc=24, lamba_ariza=42)",77.57,"LINESTRING (-87.76661856093617 41.91011455823917, -87.76661856093617 41.91011455823917)"
89266419403ffff,"H3:89266419403ffff (suc=10, lamba_ariza=18)",43.99,"LINESTRING (-87.54440101944057 41.69725770320318, -87.54440101944057 41.69725770320318)"
892664ca3d3ffff,"H3:892664ca3d3ffff (suc=3, lamba_ariza=6)",14.29,"LINESTRING (-87.73093013326732 41.92911115847835, -87.73093013326732 41.92911115847835)"
892664cab27ffff,"H3:892664cab27ffff (suc=10, lamba_ariza=24)",47.68,"LINESTRING (-87.68636585681605 41.85644446063342, -87.68636585681605 41.85644446063342)"
892664cf26fffff,"H3:892664cf26fffff (suc=27, lamba_ariza=12)",67.55,"LINESTRING (-87.68968768766413 41.820430532544684, -87.68968768766413 41.820430532544684)"
892664d8b33ffff,"H3:892664d8b33ffff (suc=12, lamba_ariza=8)",40.6,"LINESTRING (-87.67460647613787 41.95936973842112, -87.67460647613787 41.95936973842112)"
892664cb42fffff,"H3:892664cb42fffff (suc=13, lamba_ariza=24)",55.35,"LINESTRING (-87.78679337663323 41.95634895522573, -87.78679337663323 41.95634895522573)"
892664cb18fffff,"H3:892664cb18fffff (suc=15, lamba_ariza=20)",55.84,"LINESTRING (-87.77247821698478 41.93385977286963, -87.77247821698478 41.93385977286963)"
892664d98bbffff,"H3:892664d98bbffff (suc=4, lamba_ariza=12)",24.5,"LINESTRING (-87.74370861389664 41.99288707978372, -87.74370861389664 41.99288707978372)"
89266419413ffff,"H3:89266419413ffff (suc=14, lamba_ariza=28)",58.56,"LINESTRING (-87.54316672008444 41.70016636079484, -87.54316672008444 41.70016636079484)"
89266457447ffff,"H3:89266457447ffff (suc=0, lamba_ariza=5)",3.6,"LINESTRING (-87.71223476754068 41.710608104502946, -87.71223476754068 41.710608104502946)"
892664ccda7ffff,"H3:892664ccda7ffff (suc=6, lamba_ariza=16)",33.73,"LINESTRING (-87.5422091950656 41.73030997937697, -87.5422091950656 41.73030997937697)"
892664ca5cbffff,"H3:892664ca5cbffff (suc=8, lamba_ariza=31)",46.14,"LINESTRING (-87.69820443020974 41.950393717408915, -87.69820443020974 41.950393717408915)"
892664cf5d7ffff,"H3:892664cf5d7ffff (suc=22, lamba_ariza=17)",66.21,"LINESTRING (-87.62327345397479 41.846666547308196, -87.62327345397479 41.846666547308196)"
892664c1a93ffff,"H3:892664c1a93ffff (suc=208, lamba_ariza=87)",99.9,"LINESTRING (-87.62710718974222 41.88436010545775, -87.62710718974222 41.88436010545775)"
892664c844fffff,"H3:892664c844fffff (suc=17, lamba_ariza=5)",47.92,"LINESTRING (-87.76961437339958 41.912402618567775, -87.76961437339958 41.912402618567775)"
892664daa6fffff,"H3:892664daa6fffff (suc=8, lamba_ariza=4)",26.02,"LINESTRING (-87.6626222188798 42.01588968284726, -87.6626222188798 42.01588968284726)"
892664cae7bffff,"H3:892664cae7bffff (suc=61, lamba_ariza=18)",86.41,"LINESTRING (-87.71611221422314 41.89849629692649, -87.71611221422314 41.89849629692649)"
892664cd047ffff,"H3:892664cd047ffff (suc=15, lamba_ariza=30)",62.24,"LINESTRING (-87.70739635583588 41.78775462687266, -87.70739635583588 41.78775462687266)"
892664ccd27ffff,"H3:892664ccd27ffff (suc=1, lamba_ariza=10)",9.74,"LINESTRING (-87.54888855594638 41.72387090122782, -87.54888855594638 41.72387090122782)"
892664c106bffff,"H3:892664c106bffff (suc=30, lamba_ariza=34)",82.96,"LINESTRING (-87.6496049765435 41.924777684316695, -87.6496049765435 41.924777684316695)"
892664cb453ffff,"H3:892664cb453ffff (suc=3, lamba_ariza=15)",23.18,"LINESTRING (-87.80056996500429 41.97071184948424, -87.80056996500429 41.97071184948424)"
892664d8a6bffff,"H3:892664d8a6bffff (suc=8, lamba_ariza=5)",27.64,"LINESTRING (-87.71249115034544 41.97289834796169, -87.71249115034544 41.97289834796169)"
892664ceb7bffff,"H3:892664ceb7bffff (suc=27, lamba_ariza=7)",62.08,"LINESTRING (-87.55759255478527 41.74987189881962, -87.55759255478527 41.74987189881962)"
892664cad4fffff,"H3:892664cad4fffff (suc=17, lamba_ariza=9)",52.04,"LINESTRING (-87.66861501629775 41.88914649468828, -87.66861501629775 41.88914649468828)"
892664cda1bffff,"H3:892664cda1bffff (suc=0, lamba_ariza=4)",2.93,"LINESTRING (-87.6982351790813 41.73451879655698, -87.6982351790813 41.73451879655698)"
892664c818fffff,"H3:892664c818fffff (suc=48, lamba_ariza=21)",86.89,"LINESTRING (-87.73912836896689 41.881398529680474, -87.73912836896689 41.881398529680474)"
89275936b0fffff,"H3:89275936b0fffff (suc=12, lamba_ariza=17)",48.71,"LINESTRING (-87.84215541897687 41.97543512354819, -87.84215541897687 41.97543512354819)"
8926645230fffff,"H3:8926645230fffff (suc=1, lamba_ariza=1)",2.8,"LINESTRING (-87.78859963573193 41.77291779495853, -87.78859963573193 41.77291779495853)"
892664c1aa3ffff,"H3:892664c1aa3ffff (suc=81, lamba_ariza=33)",95.67,"LINESTRING (-87.62359922180248 41.873945597545756, -87.62359922180248 41.873945597545756)"
892664c8d53ffff,"H3:892664c8d53ffff (suc=34, lamba_ariza=24)",82.59,"LINESTRING (-87.71289769247255 41.849768442161384, -87.71289769247255 41.849768442161384)"
8926641916bffff,"H3:8926641916bffff (suc=12, lamba_ariza=19)",49.94,"LINESTRING (-87.54311576672634 41.65382750068179, -87.54311576672634 41.65382750068179)"
89275936d67ffff,"H3:89275936d67ffff (suc=1, lamba_ariza=19)",18.16,"LINESTRING (-87.80645430989807 41.99447108638706, -87.80645430989807 41.99447108638706)"
892759349a3ffff,"H3:892759349a3ffff (suc=0, lamba_ariza=8)",6.83,"LINESTRING (-87.84658354929748 41.93645236851307, -87.84658354929748 41.93645236851307)"
892664c1b83ffff,"H3:892664c1b83ffff (suc=5, lamba_ariza=2)",19.03,"LINESTRING (-87.60743166530666 41.86540369868644, -87.60743166530666 41.86540369868644)"
892664d9ab3ffff,"H3:892664d9ab3ffff (suc=0, lamba_ariza=2)",1.42,"LINESTRING (-87.76907977961153 41.989103704160634, -87.76907977961153 41.989103704160634)"
892664cd407ffff,"H3:892664cd407ffff (suc=29, lamba_ariza=12)",69.7,"LINESTRING (-87.68739881531748 41.80711275395937, -87.68739881531748 41.80711275395937)"
892664cd8b7ffff,"H3:892664cd8b7ffff (suc=29, lamba_ariza=33)",81.08,"LINESTRING (-87.65020252641911 41.73618919926758, -87.65020252641911 41.73618919926758)"
892664cb547ffff,"H3:892664cb547ffff (suc=4, lamba_ariza=17)",26.68,"LINESTRING (-87.77779603528374 41.94948304751533, -87.77779603528374 41.94948304751533)"
892664cddd3ffff,"H3:892664cddd3ffff (suc=19, lamba_ariza=15)",59.84,"LINESTRING (-87.63984976976386 41.7513677721489, -87.63984976976386 41.7513677721489)"
89266456617ffff,"H3:89266456617ffff (suc=5, lamba_ariza=1)",16.36,"LINESTRING (-87.64933958241814 41.7008504941719, -87.64933958241814 41.7008504941719)"
892664560d7ffff,"H3:892664560d7ffff (suc=14, lamba_ariza=29)",60.01,"LINESTRING (-87.63322870584616 41.69232683485829, -87.63322870584616 41.69232683485829)"
892664c8d07ffff,"H3:892664c8d07ffff (suc=10, lamba_ariza=6)",33.67,"LINESTRING (-87.69971407955597 41.84353044248009, -87.69971407955597 41.84353044248009)"
892664d9983ffff,"H3:892664d9983ffff (suc=2, lamba_ariza=7)",12.81,"LINESTRING (-87.72448322982652 41.982062579797805, -87.72448322982652 41.982062579797805)"
892664d8e43ffff,"H3:892664d8e43ffff (suc=9, lamba_ariza=20)",42.94,"LINESTRING (-87.70440939407065 42.00147324192018, -87.70440939407065 42.00147324192018)"
892664cc937ffff,"H3:892664cc937ffff (suc=5, lamba_ariza=3)",17.31,"LINESTRING (-87.55629349967555 41.706414958006576, -87.55629349967555 41.706414958006576)"
892664c88c7ffff,"H3:892664c88c7ffff (suc=9, lamba_ariza=26)",46.65,"LINESTRING (-87.73397901844471 41.846630662140306, -87.73397901844471 41.846630662140306)"
892664cd383ffff,"H3:892664cd383ffff (suc=47, lamba_ariza=15)",82.09,"LINESTRING (-87.70089404092245 41.77506852899896, -87.70089404092245 41.77506852899896)"
892664cd513ffff,"H3:892664cd513ffff (suc=20, lamba_ariza=7)",55.28,"LINESTRING (-87.66826108163033 41.796297809223894, -87.66826108163033 41.796297809223894)"
892664cdebbffff,"H3:892664cdebbffff (suc=2, lamba_ariza=16)",22.26,"LINESTRING (-87.67825636788014 41.75386180013736, -87.67825636788014 41.75386180013736)"
892664c840bffff,"H3:892664c840bffff (suc=20, lamba_ariza=5)",52.83,"LINESTRING (-87.76117202442472 41.91366239492783, -87.76117202442472 41.91366239492783)"
892664cda5bffff,"H3:892664cda5bffff (suc=0, lamba_ariza=6)",5.04,"LINESTRING (-87.7096297505757 41.735553686129364, -87.7096297505757 41.735553686129364)"
892664cd07bffff,"H3:892664cd07bffff (suc=17, lamba_ariza=32)",65.37,"LINESTRING (-87.70862215181243 41.7848415937983, -87.70862215181243 41.7848415937983)"
892664c100fffff,"H3:892664c100fffff (suc=34, lamba_ariza=31)",85.09,"LINESTRING (-87.63992057250645 41.92894688318812, -87.63992057250645 41.92894688318812)"
89266419693ffff,"H3:89266419693ffff (suc=20, lamba_ariza=6)",54.59,"LINESTRING (-87.56594089236751 41.70226612651421, -87.56594089236751 41.70226612651421)"
892664cdd27ffff,"H3:892664cdd27ffff (suc=0, lamba_ariza=1)",0.69,"LINESTRING (-87.62864222038955 41.731195882786885, -87.62864222038955 41.731195882786885)"
892664cd053ffff,"H3:892664cd053ffff (suc=17, lamba_ariza=54)",67.79,"LINESTRING (-87.70915594036204 41.79295472003082, -87.70915594036204 41.79295472003082)"
89266456463ffff,"H3:89266456463ffff (suc=14, lamba_ariza=45)",61.67,"LINESTRING (-87.63077191592929 41.69814514579226, -87.63077191592929 41.69814514579226)"
892664d9e77ffff,"H3:892664d9e77ffff (suc=0, lamba_ariza=9)",7.33,"LINESTRING (-87.77562998309047 42.00181572215982, -87.77562998309047 42.00181572215982)"
892664cacabffff,"H3:892664cacabffff (suc=74, lamba_ariza=31)",94.58,"LINESTRING (-87.66967122314963 41.90539492265208, -87.66967122314963 41.90539492265208)"
892664c8687ffff,"H3:892664c8687ffff (suc=17, lamba_ariza=24)",61.91,"LINESTRING (-87.77683153213695 41.91406040696556, -87.77683153213695 41.91406040696556)"
892664d8eafffff,"H3:892664d8eafffff (suc=28, lamba_ariza=1)",59.56,"LINESTRING (-87.68272197662606 41.996481609081926, -87.68272197662606 41.996481609081926)"
89266456517ffff,"H3:89266456517ffff (suc=1, lamba_ariza=1)",5.42,"LINESTRING (-87.59907616414749 41.6891956216298, -87.59907616414749 41.6891956216298)"
892664c1a77ffff,"H3:892664c1a77ffff (suc=41, lamba_ariza=1)",67.38,"LINESTRING (-87.63749428230011 41.8691564136824, -87.63749428230011 41.8691564136824)"
892664cd9a7ffff,"H3:892664cd9a7ffff (suc=14, lamba_ariza=16)",51.14,"LINESTRING (-87.6305816108304 41.71726748201762, -87.6305816108304 41.71726748201762)"
89275934db3ffff,"H3:89275934db3ffff (suc=0, lamba_ariza=11)",9.06,"LINESTRING (-87.83681368071149 41.95981140939535, -87.83681368071149 41.95981140939535)"
892664cdd4fffff,"H3:892664cdd4fffff (suc=17, lamba_ariza=40)",67.52,"LINESTRING (-87.64897416519167 41.73910003694224, -87.64897416519167 41.73910003694224)"
892664ccd0fffff,"H3:892664ccd0fffff (suc=3, lamba_ariza=12)",20.08,"LINESTRING (-87.55781320649956 41.730740422904084, -87.55781320649956 41.730740422904084)"
892664cf32fffff,"H3:892664cf32fffff (suc=26, lamba_ariza=21)",73.67,"LINESTRING (-87.65737618078963 41.803373771547456, -87.65737618078963 41.803373771547456)"
892664d9e2fffff,"H3:892664d9e2fffff (suc=0, lamba_ariza=9)",7.47,"LINESTRING (-87.76962650916069 41.99723569345086, -87.76962650916069 41.99723569345086)"
892664cac4bffff,"H3:892664cac4bffff (suc=30, lamba_ariza=16)",74.19,"LINESTRING (-87.6925452963933 41.90746869953109, -87.6925452963933 41.90746869953109)"
892664c1a4bffff,"H3:892664c1a4bffff (suc=21, lamba_ariza=11)",60.14,"LINESTRING (-87.6506788325773 41.875403512752406, -87.6506788325773 41.875403512752406)"
892664cf637ffff,"H3:892664cf637ffff (suc=2, lamba_ariza=5)",10.68,"LINESTRING (-87.66422070696328 41.84333465532486, -87.66422070696328 41.84333465532486)"
89275934cabffff,"H3:89275934cabffff (suc=0, lamba_ariza=3)",2.19,"LINESTRING (-87.86327852051727 41.972266124938066, -87.86327852051727 41.972266124938066)"
89266452347ffff,"H3:89266452347ffff (suc=6, lamba_ariza=12)",29.7,"LINESTRING (-87.79579537857747 41.77457283669352, -87.79579537857747 41.77457283669352)"
89275936d53ffff,"H3:89275936d53ffff (suc=1, lamba_ariza=20)",19.33,"LINESTRING (-87.81301496272138 42.00718115430065, -87.81301496272138 42.00718115430065)"
892664cca3bffff,"H3:892664cca3bffff (suc=5, lamba_ariza=18)",31.99,"LINESTRING (-87.61375409512043 41.719756608614865, -87.61375409512043 41.719756608614865)"
892664d99dbffff,"H3:892664d99dbffff (suc=2, lamba_ariza=13)",17.67,"LINESTRING (-87.73893811233708 41.985385060639324, -87.73893811233708 41.985385060639324)"
892664c85bbffff,"H3:892664c85bbffff (suc=28, lamba_ariza=32)",79.85,"LINESTRING (-87.72754717190884 41.8995291061268, -87.72754717190884 41.8995291061268)"
892664d8823ffff,"H3:892664d8823ffff (suc=19, lamba_ariza=37)",70.42,"LINESTRING (-87.66720793625177 41.97688619767626, -87.66720793625177 41.97688619767626)"
892664d99cfffff,"H3:892664d99cfffff (suc=1, lamba_ariza=1)",1.81,"LINESTRING (-87.73716795059649 41.98017402501044, -87.73716795059649 41.98017402501044)"
892664cde27ffff,"H3:892664cde27ffff (suc=3, lamba_ariza=3)",13.5,"LINESTRING (-87.67895504745091 41.74284073802965, -87.67895504745091 41.74284073802965)"
892664cad33ffff,"H3:892664cad33ffff (suc=121, lamba_ariza=5)",78.24,"LINESTRING (-87.6499713395491 41.886442507349244, -87.6499713395491 41.886442507349244)"
892664cabc7ffff,"H3:892664cabc7ffff (suc=142, lamba_ariza=8)",81.4,"LINESTRING (-87.6958659256852 41.87143259458286, -87.6958659256852 41.87143259458286)"
892664caa3bffff,"H3:892664caa3bffff (suc=40, lamba_ariza=32)",88.64,"LINESTRING (-87.71327633166497 41.87704520878623, -87.71327633166497 41.87704520878623)"
892664ca15bffff,"H3:892664ca15bffff (suc=10, lamba_ariza=28)",48.91,"LINESTRING (-87.71226955026972 41.92641709286506, -87.71226955026972 41.92641709286506)"
892664c1bcbffff,"H3:892664c1bcbffff (suc=62, lamba_ariza=35)",94.44,"LINESTRING (-87.623079423784 41.86582336620989, -87.623079423784 41.86582336620989)"
892664ca577ffff,"H3:892664ca577ffff (suc=8, lamba_ariza=3)",27.06,"LINESTRING (-87.69168157278907 41.937683471654786, -87.69168157278907 41.937683471654786)"
892664ca06bffff,"H3:892664ca06bffff (suc=17, lamba_ariza=13)",54.94,"LINESTRING (-87.72970198179752 41.932029620951894, -87.72970198179752 41.932029620951894)"
892664d9ad3ffff,"H3:892664d9ad3ffff (suc=6, lamba_ariza=5)",22.81,"LINESTRING (-87.78531413686358 41.9976313131115, -87.78531413686358 41.9976313131115)"
8926645607bffff,"H3:8926645607bffff (suc=15, lamba_ariza=14)",51.61,"LINESTRING (-87.64234337165834 41.68006895229316, -87.64234337165834 41.68006895229316)"
892664c81cbffff,"H3:892664c81cbffff (suc=74, lamba_ariza=11)",82.32,"LINESTRING (-87.75355229563398 41.884716925738715, -87.75355229563398 41.884716925738715)"
892664c105bffff,"H3:892664c105bffff (suc=37, lamba_ariza=21)",82.71,"LINESTRING (-87.65312245165701 41.93519718757052, -87.65312245165701 41.93519718757052)"
892664c8537ffff,"H3:892664c8537ffff (suc=8, lamba_ariza=11)",32.69,"LINESTRING (-87.7270089413126 41.89140592057419, -87.7270089413126 41.89140592057419)"
89275936d57ffff,"H3:89275936d57ffff (suc=1, lamba_ariza=17)",19.04,"LINESTRING (-87.81001116358266 42.004892111103494, -87.81001116358266 42.004892111103494)"
892664cc807ffff,"H3:892664cc807ffff (suc=9, lamba_ariza=11)",34.66,"LINESTRING (-87.58306752197169 41.72701702807437, -87.58306752197169 41.72701702807437)"
892664cd29bffff,"H3:892664cd29bffff (suc=19, lamba_ariza=45)",70.89,"LINESTRING (-87.72477616584585 41.79336158508248, -87.72477616584585 41.79336158508248)"
8926641914bffff,"H3:8926641914bffff (suc=11, lamba_ariza=19)",48.17,"LINESTRING (-87.54782282061804 41.66131142939238, -87.54782282061804 41.66131142939238)"
892664d9a4fffff,"H3:892664d9a4fffff (suc=0, lamba_ariza=11)",9.13,"LINESTRING (-87.79444518000267 41.98531515358146, -87.79444518000267 41.98531515358146)"
892759369b7ffff,"H3:892759369b7ffff (suc=1, lamba_ariza=10)",11.48,"LINESTRING (-87.7956704546428 41.98239429734225, -87.7956704546428 41.98239429734225)"
892664cdb2bffff,"H3:892664cdb2bffff (suc=2, lamba_ariza=4)",9.17,"LINESTRING (-87.67386546587075 41.708124738067745, -87.67386546587075 41.708124738067745)"
892664c130fffff,"H3:892664c130fffff (suc=39, lamba_ariza=28)",86.91,"LINESTRING (-87.64855533485427 41.90852492426086, -87.64855533485427 41.90852492426086)"
892664ca53bffff,"H3:892664ca53bffff (suc=15, lamba_ariza=18)",55.94,"LINESTRING (-87.68745628722756 41.938310959374654, -87.68745628722756 41.938310959374654)"
892664522bbffff,"H3:892664522bbffff (suc=7, lamba_ariza=21)",38.64,"LINESTRING (-87.79988261826925 41.79307964413406, -87.79988261826925 41.79307964413406)"
892664c12afffff,"H3:892664c12afffff (suc=11, lamba_ariza=11)",41.59,"LINESTRING (-87.65805473008201 41.92352562596135, -87.65805473008201 41.92352562596135)"
892664d9e2bffff,"H3:892664d9e2bffff (suc=1, lamba_ariza=6)",5.92,"LINESTRING (-87.77262810835761 41.99952572421339, -87.77262810835761 41.99952572421339)"
892664d999bffff,"H3:892664d999bffff (suc=4, lamba_ariza=7)",19.91,"LINESTRING (-87.72748193819646 41.98435355667639, -87.72748193819646 41.98435355667639)"
89266452d6fffff,"H3:89266452d6fffff (suc=3, lamba_ariza=8)",15.97,"LINESTRING (-87.72400718129063 41.73887267685722, -87.72400718129063 41.73887267685722)"
892664c8da3ffff,"H3:892664c8da3ffff (suc=16, lamba_ariza=18)",57.97,"LINESTRING (-87.69128094341656 41.844783450995685, -87.69128094341656 41.844783450995685)"
892664cd28fffff,"H3:892664cd28fffff (suc=18, lamba_ariza=24)",64.2,"LINESTRING (-87.72301487755928 41.78816180679346, -87.72301487755928 41.78816180679346)"
892664cdb8bffff,"H3:892664cdb8bffff (suc=6, lamba_ariza=11)",28.47,"LINESTRING (-87.67193969540618 41.722051554401695, -87.67193969540618 41.722051554401695)"
892664cc42fffff,"H3:892664cc42fffff (suc=21, lamba_ariza=40)",74.16,"LINESTRING (-87.60700022366152 41.791714425423464, -87.60700022366152 41.791714425423464)"
892664d8b57ffff,"H3:892664d8b57ffff (suc=25, lamba_ariza=30)",76.74,"LINESTRING (-87.68782062362672 41.96561757506939, -87.68782062362672 41.96561757506939)"
892664d882fffff,"H3:892664d882fffff (suc=24, lamba_ariza=57)",78.26,"LINESTRING (-87.66844142561608 41.97396654430977, -87.66844142561608 41.97396654430977)"
892664c85cbffff,"H3:892664c85cbffff (suc=7, lamba_ariza=17)",34.58,"LINESTRING (-87.7449706494704 41.9051379941146, -87.7449706494704 41.9051379941146)"
892664d8147ffff,"H3:892664d8147ffff (suc=8, lamba_ariza=18)",38.72,"LINESTRING (-87.69278335841867 42.01962886285162, -87.69278335841867 42.01962886285162)"
892664521afffff,"H3:892664521afffff (suc=4, lamba_ariza=21)",31.08,"LINESTRING (-87.74773634112316 41.77628688941622, -87.74773634112316 41.77628688941622)"
892664cddb7ffff,"H3:892664cddb7ffff (suc=7, lamba_ariza=44)",44.34,"LINESTRING (-87.62074395445477 41.74055026623117, -87.62074395445477 41.74055026623117)"
892664ccd4fffff,"H3:892664ccd4fffff (suc=16, lamba_ariza=11)",51.08,"LINESTRING (-87.56920764164046 41.73178937118399, -87.56920764164046 41.73178937118399)"
892664c8b0fffff,"H3:892664c8b0fffff (suc=3, lamba_ariza=8)",17.0,"LINESTRING (-87.74201490236952 41.818109233395134, -87.74201490236952 41.818109233395134)"
892664ccaabffff,"H3:892664ccaabffff (suc=10, lamba_ariza=22)",46.48,"LINESTRING (-87.60831620203643 41.72328850443202, -87.60831620203643 41.72328850443202)"
892664cf367ffff,"H3:892664cf367ffff (suc=26, lamba_ariza=45)",80.63,"LINESTRING (-87.66457430764669 41.8050376107402, -87.66457430764669 41.8050376107402)"
892664d8bb7ffff,"H3:892664d8bb7ffff (suc=20, lamba_ariza=18)",64.86,"LINESTRING (-87.66491766987293 41.96354304750718, -87.66491766987293 41.96354304750718)"
89266452c0bffff,"H3:89266452c0bffff (suc=2, lamba_ariza=6)",10.29,"LINESTRING (-87.7412252293161 41.76360536670904, -87.7412252293161 41.76360536670904)"
892664cf1cfffff,"H3:892664cf1cfffff (suc=18, lamba_ariza=3)",48.32,"LINESTRING (-87.63734845003076 41.82272844250024, -87.63734845003076 41.82272844250024)"
892664cc413ffff,"H3:892664cc413ffff (suc=34, lamba_ariza=9)",70.41,"LINESTRING (-87.60926562623038 41.80503268879312, -87.60926562623038 41.80503268879312)"
892664c890fffff,"H3:892664c890fffff (suc=4, lamba_ariza=11)",23.88,"LINESTRING (-87.71251949960576 41.82250058680605, -87.71251949960576 41.82250058680605)"
892664cf473ffff,"H3:892664cf473ffff (suc=1, lamba_ariza=3)",5.37,"LINESTRING (-87.64910576499567 41.85103991290676, -87.64910576499567 41.85103991290676)"
892664ccc57ffff,"H3:892664ccc57ffff (suc=70, lamba_ariza=22)",90.45,"LINESTRING (-87.58460188935015 41.751347360671446, -87.58460188935015 41.751347360671446)"
892664ca4c3ffff,"H3:892664ca4c3ffff (suc=35, lamba_ariza=20)",80.2,"LINESTRING (-87.71495175191673 41.9670587874359, -87.71495175191673 41.9670587874359)"
892664cae4bffff,"H3:892664cae4bffff (suc=91, lamba_ariza=25)",93.36,"LINESTRING (-87.72209835371939 41.903074746974966, -87.72209835371939 41.903074746974966)"
892664cd393ffff,"H3:892664cd393ffff (suc=68, lamba_ariza=23)",90.95,"LINESTRING (-87.69966799367221 41.7779811495869, -87.69966799367221 41.7779811495869)"
892664d9903ffff,"H3:892664d9903ffff (suc=5, lamba_ariza=2)",16.6,"LINESTRING (-87.73117053491131 41.97559279527437, -87.73117053491131 41.97559279527437)"
892664d8b67ffff,"H3:892664d8b67ffff (suc=17, lamba_ariza=22)",62.2,"LINESTRING (-87.68429329886851 41.95519592274512, -87.68429329886851 41.95519592274512)"
892664ccadbffff,"H3:892664ccadbffff (suc=50, lamba_ariza=16)",83.17,"LINESTRING (-87.62320431930623 41.73472898118135, -87.62320431930623 41.73472898118135)"
892664c80bbffff,"H3:892664c80bbffff (suc=76, lamba_ariza=13)",83.58,"LINESTRING (-87.75708924569545 41.89512708381903, -87.75708924569545 41.89512708381903)"
892664c8dd7ffff,"H3:892664c8dd7ffff (suc=26, lamba_ariza=64)",80.62,"LINESTRING (-87.70323622391825 41.85393798021826, -87.70323622391825 41.85393798021826)"
892664c8d37ffff,"H3:892664c8d37ffff (suc=5, lamba_ariza=5)",19.38,"LINESTRING (-87.69373753425914 41.83895353367097, -87.69373753425914 41.83895353367097)"
892664caa8fffff,"H3:892664caa8fffff (suc=41, lamba_ariza=10)",74.97,"LINESTRING (-87.70959204716709 41.885794819605586, -87.70959204716709 41.885794819605586)"
892664c8543ffff,"H3:892664c8543ffff (suc=53, lamba_ariza=28)",91.28,"LINESTRING (-87.7474233415151 41.89930291370112, -87.7474233415151 41.89930291370112)"
892664ccbdbffff,"H3:892664ccbdbffff (suc=4, lamba_ariza=2)",14.78,"LINESTRING (-87.60236286330061 41.718712101497886, -87.60236286330061 41.718712101497886)"
89275934ec3ffff,"H3:89275934ec3ffff (suc=12, lamba_ariza=1)",34.92,"LINESTRING (-87.90486522059521 41.976966403594886, -87.90486522059521 41.976966403594886)"
892664cd487ffff,"H3:892664cd487ffff (suc=0, lamba_ariza=1)",0.53,"LINESTRING (-87.6807290252203 41.81356590884104, -87.6807290252203 41.81356590884104)"
892664196b3ffff,"H3:892664196b3ffff (suc=0, lamba_ariza=8)",6.77,"LINESTRING (-87.56122695195394 41.69477962368494, -87.56122695195394 41.69477962368494)"
892664ce3cbffff,"H3:892664ce3cbffff (suc=1, lamba_ariza=1)",0.59,"LINESTRING (-87.58993580402404 41.813349407705786, -87.58993580402404 41.813349407705786)"
892664d9a07ffff,"H3:892664d9a07ffff (suc=8, lamba_ariza=7)",29.77,"LINESTRING (-87.77876201783657 41.9849205989296, -87.77876201783657 41.9849205989296)"
892664c1aa7ffff,"H3:892664c1aa7ffff (suc=18, lamba_ariza=9)",52.88,"LINESTRING (-87.62061205562271 41.871654246797014, -87.62061205562271 41.871654246797014)"
892664d9d4fffff,"H3:892664d9d4fffff (suc=2, lamba_ariza=11)",16.36,"LINESTRING (-87.7352502788554 41.99414705430871, -87.7352502788554 41.99414705430871)"
89266456e9bffff,"H3:89266456e9bffff (suc=7, lamba_ariza=14)",33.56,"LINESTRING (-87.61680249033867 41.656584629862834, -87.61680249033867 41.656584629862834)"
892664c1ec7ffff,"H3:892664c1ec7ffff (suc=65, lamba_ariza=91)",96.86,"LINESTRING (-87.62814879197985 41.900608817404084, -87.62814879197985 41.900608817404084)"
892664521cbffff,"H3:892664521cbffff (suc=8, lamba_ariza=16)",38.74,"LINESTRING (-87.76688057837359 41.78708544113752, -87.76688057837359 41.78708544113752)"
892664c899bffff,"H3:892664c899bffff (suc=0, lamba_ariza=1)",0.86,"LINESTRING (-87.70761239944623 41.83415893415841, -87.70761239944623 41.83415893415841)"
892664cf5b7ffff,"H3:892664cf5b7ffff (suc=45, lamba_ariza=14)",80.09,"LINESTRING (-87.60711548467465 41.83812685510453, -87.60711548467465 41.83812685510453)"
89266456397ffff,"H3:89266456397ffff (suc=14, lamba_ariza=21)",55.87,"LINESTRING (-87.63044317227084 41.67092407648091, -87.63044317227084 41.67092407648091)"
892664cde37ffff,"H3:892664cde37ffff (suc=2, lamba_ariza=3)",7.1,"LINESTRING (-87.67772840661065 41.745752022191276, -87.67772840661065 41.745752022191276)"
892664c128fffff,"H3:892664c128fffff (suc=11, lamba_ariza=22)",48.72,"LINESTRING (-87.66280665900706 41.931026560988904, -87.66280665900706 41.931026560988904)"
892664525c3ffff,"H3:892664525c3ffff (suc=3, lamba_ariza=12)",19.43,"LINESTRING (-87.75411142638865 41.80811037129547, -87.75411142638865 41.80811037129547)"
892664d981bffff,"H3:892664d981bffff (suc=4, lamba_ariza=9)",21.51,"LINESTRING (-87.75516680732008 41.993916932910395, -87.75516680732008 41.993916932910395)"
89266452c03ffff,"H3:89266452c03ffff (suc=0, lamba_ariza=1)",0.75,"LINESTRING (-87.73701702118825 41.76423240422674, -87.73701702118825 41.76423240422674)"
892664c842fffff,"H3:892664c842fffff (suc=24, lamba_ariza=12)",63.63,"LINESTRING (-87.75341222278567 41.90387959719127, -87.75341222278567 41.90387959719127)"
892664c8d3bffff,"H3:892664c8d3bffff (suc=13, lamba_ariza=8)",42.6,"LINESTRING (-87.70094186340799 41.8406154213278, -87.70094186340799 41.8406154213278)"
892664cf1a7ffff,"H3:892664cf1a7ffff (suc=31, lamba_ariza=12)",71.5,"LINESTRING (-87.61698111361879 41.81481624385665, -87.61698111361879 41.81481624385665)"
892664ca587ffff,"H3:892664ca587ffff (suc=9, lamba_ariza=12)",38.11,"LINESTRING (-87.6795356427887 41.94769404770816, -87.6795356427887 41.94769404770816)"
892664cae0bffff,"H3:892664cae0bffff (suc=24, lamba_ariza=20)",70.55,"LINESTRING (-87.71066248537251 41.90204139661153, -87.71066248537251 41.90204139661153)"
892664c16a3ffff,"H3:892664c16a3ffff (suc=68, lamba_ariza=31)",93.93,"LINESTRING (-87.6481876189087 41.946870308874004, -87.6481876189087 41.946870308874004)"
892664cc51bffff,"H3:892664cc51bffff (suc=8, lamba_ariza=14)",35.39,"LINESTRING (-87.59261061240501 41.78837917743161, -87.59261061240501 41.78837917743161)"
892664cd097ffff,"H3:892664cd097ffff (suc=9, lamba_ariza=23)",44.88,"LINESTRING (-87.68809610333432 41.79608463197296, -87.68809610333432 41.79608463197296)"
892664c12bbffff,"H3:892664c12bbffff (suc=14, lamba_ariza=32)",60.89,"LINESTRING (-87.65981414196791 41.92873498144194, -87.65981414196791 41.92873498144194)"
892664560afffff,"H3:892664560afffff (suc=25, lamba_ariza=13)",66.12,"LINESTRING (-87.62255558694281 41.68027114892837, -87.62255558694281 41.68027114892837)"
8926641b24bffff,"H3:8926641b24bffff (suc=19, lamba_ariza=144)",72.4,"LINESTRING (-87.5513575062127 41.718051861406835, -87.5513575062127 41.718051861406835)"
892664cca2bffff,"H3:892664cca2bffff (suc=13, lamba_ariza=21)",52.07,"LINESTRING (-87.61498426483347 41.71684672994087, -87.61498426483347 41.71684672994087)"
892664cabdbffff,"H3:892664cabdbffff (suc=48, lamba_ariza=20)",86.01,"LINESTRING (-87.70184685311006 41.8760109258006, -87.70184685311006 41.8760109258006)"
892664cac83ffff,"H3:892664cac83ffff (suc=27, lamba_ariza=18)",73.05,"LINESTRING (-87.67019960429816 41.913520303202226, -87.67019960429816 41.913520303202226)"
892664cb527ffff,"H3:892664cb527ffff (suc=9, lamba_ariza=25)",47.0,"LINESTRING (-87.76157968839377 41.94095822917632, -87.76157968839377 41.94095822917632)"
892664cc667ffff,"H3:892664cc667ffff (suc=18, lamba_ariza=3)",48.14,"LINESTRING (-87.64368894838906 41.78901724412414, -87.64368894838906 41.78901724412414)"
8926641b24fffff,"H3:8926641b24fffff (suc=0, lamba_ariza=3)",1.97,"LINESTRING (-87.54838343793433 41.71576217139172, -87.54838343793433 41.71576217139172)"
892664d996bffff,"H3:892664d996bffff (suc=10, lamba_ariza=15)",42.7,"LINESTRING (-87.74208274634628 41.96849354012114, -87.74208274634628 41.96849354012114)"
892664d8837ffff,"H3:892664d8837ffff (suc=12, lamba_ariza=26)",52.78,"LINESTRING (-87.6629784725128 41.97751330486233, -87.6629784725128 41.97751330486233)"
892664cf407ffff,"H3:892664cf407ffff (suc=14, lamba_ariza=5)",42.46,"LINESTRING (-87.64066883182761 41.8522894881293, -87.64066883182761 41.8522894881293)"
892664cf2b7ffff,"H3:892664cf2b7ffff (suc=19, lamba_ariza=33)",68.82,"LINESTRING (-87.66615389954124 41.82938715214314, -87.66615389954124 41.82938715214314)"
892664d9ecfffff,"H3:892664d9ecfffff (suc=0, lamba_ariza=11)",8.8,"LINESTRING (-87.7791807119277 42.012238978258985, -87.7791807119277 42.012238978258985)"
892664cdbbbffff,"H3:892664cdbbbffff (suc=1, lamba_ariza=10)",12.09,"LINESTRING (-87.66598116288314 41.7174788557202, -87.66598116288314 41.7174788557202)"
892664ccc0fffff,"H3:892664ccc0fffff (suc=7, lamba_ariza=20)",39.06,"LINESTRING (-87.57864693861724 41.74676825278823, -87.57864693861724 41.74676825278823)"
892664cd81bffff,"H3:892664cd81bffff (suc=9, lamba_ariza=13)",38.37,"LINESTRING (-87.66878570706656 41.738891722280755, -87.66878570706656 41.738891722280755)"
892664c848bffff,"H3:892664c848bffff (suc=26, lamba_ariza=31)",78.39,"LINESTRING (-87.75449838465721 41.92012837577406, -87.75449838465721 41.92012837577406)"
892664c8603ffff,"H3:892664c8603ffff (suc=12, lamba_ariza=39)",56.08,"LINESTRING (-87.78649715559372 41.909881347686, -87.78649715559372 41.909881347686)"
89266452ddbffff,"H3:89266452ddbffff (suc=1, lamba_ariza=5)",5.84,"LINESTRING (-87.7238553170664 41.758002371178364, -87.7238553170664 41.758002371178364)"
892664d982fffff,"H3:892664d982fffff (suc=0, lamba_ariza=16)",13.99,"LINESTRING (-87.7486230279841 41.9812045617374, -87.7486230279841 41.9812045617374)"
892664cc417ffff,"H3:892664cc417ffff (suc=33, lamba_ariza=19)",78.93,"LINESTRING (-87.60628351508281 41.802742570922575, -87.60628351508281 41.802742570922575)"
892664cc84bffff,"H3:892664cc84bffff (suc=18, lamba_ariza=19)",61.64,"LINESTRING (-87.6016461725959 41.72973050132001, -87.6016461725959 41.72973050132001)"
89266457543ffff,"H3:89266457543ffff (suc=1, lamba_ariza=0)",2.94,"LINESTRING (-87.69435670539244 41.69689821834617, -87.69435670539244 41.69689821834617)"
892664ceac3ffff,"H3:892664ceac3ffff (suc=3, lamba_ariza=0)",9.08,"LINESTRING (-87.57349833982627 41.77754925053648, -87.57349833982627 41.77754925053648)"
892664cd0c3ffff,"H3:892664cd0c3ffff (suc=40, lamba_ariza=15)",79.57,"LINESTRING (-87.70371801855069 41.796494315130346, -87.70371801855069 41.796494315130346)"
892664c1abbffff,"H3:892664c1abbffff (suc=104, lamba_ariza=50)",98.69,"LINESTRING (-87.62658666231007 41.876236917011596, -87.62658666231007 41.876236917011596)"
892664d88a3ffff,"H3:892664d88a3ffff (suc=27, lamba_ariza=20)",74.12,"LINESTRING (-87.66051041984201 41.98335288911703, -87.66051041984201 41.98335288911703)"
892664cdd73ffff,"H3:892664cdd73ffff (suc=20, lamba_ariza=65)",74.33,"LINESTRING (-87.64178657728823 41.737435930245816, -87.64178657728823 41.737435930245816)"
892664520b7ffff,"H3:892664520b7ffff (suc=4, lamba_ariza=9)",19.41,"LINESTRING (-87.76321408527417 41.795826302406084, -87.76321408527417 41.795826302406084)"
892664cea63ffff,"H3:892664cea63ffff (suc=87, lamba_ariza=52)",98.16,"LINESTRING (-87.57545655251481 41.76361292251841, -87.57545655251481 41.76361292251841)"
892664d9aafffff,"H3:892664d9aafffff (suc=7, lamba_ariza=32)",43.81,"LINESTRING (-87.77153373732256 41.983262168808395, -87.77153373732256 41.983262168808395)"
892664c8333ffff,"H3:892664c8333ffff (suc=9, lamba_ariza=3)",28.32,"LINESTRING (-87.76811175574893 41.86887483279796, -87.76811175574893 41.86887483279796)"
892664d81b7ffff,"H3:892664d81b7ffff (suc=43, lamba_ariza=23)",86.47,"LINESTRING (-87.66861907893323 42.02047677140298, -87.66861907893323 42.02047677140298)"
892664cae23ffff,"H3:892664cae23ffff (suc=67, lamba_ariza=14)",84.34,"LINESTRING (-87.70168533445353 41.895172759128066, -87.70168533445353 41.895172759128066)"
89266456123ffff,"H3:89266456123ffff (suc=0, lamba_ariza=1)",0.99,"LINESTRING (-87.60717037829289 41.660734611279786, -87.60717037829289 41.660734611279786)"
892664ca927ffff,"H3:892664ca927ffff (suc=21, lamba_ariza=3)",52.89,"LINESTRING (-87.6568366164206 41.86082529274933, -87.6568366164206 41.86082529274933)"
892664cb413ffff,"H3:892664cb413ffff (suc=4, lamba_ariza=10)",22.5,"LINESTRING (-87.7891178160023 41.96968652173746, -87.7891178160023 41.96968652173746)"
892664c8c0bffff,"H3:892664c8c0bffff (suc=70, lamba_ariza=13)",83.13,"LINESTRING (-87.7278486410429 41.861209007117736, -87.7278486410429 41.861209007117736)"
892664cc46fffff,"H3:892664cc46fffff (suc=25, lamba_ariza=24)",74.28,"LINESTRING (-87.61840942174052 41.79275836208866, -87.61840942174052 41.79275836208866)"
892664ca353ffff,"H3:892664ca353ffff (suc=19, lamba_ariza=23)",65.05,"LINESTRING (-87.73760876317381 41.92264558322235, -87.73760876317381 41.92264558322235)"
892664528b7ffff,"H3:892664528b7ffff (suc=6, lamba_ariza=16)",32.51,"LINESTRING (-87.7299733447735 41.74344307042431, -87.7299733447735 41.74344307042431)"
892664cb5afffff,"H3:892664cb5afffff (suc=22, lamba_ariza=15)",64.72,"LINESTRING (-87.75912665933298 41.946796545448095, -87.75912665933298 41.946796545448095)"
892664cf167ffff,"H3:892664cf167ffff (suc=16, lamba_ariza=11)",51.74,"LINESTRING (-87.63507424674958 41.80940840438104, -87.63507424674958 41.80940840438104)"
892664d9827ffff,"H3:892664d9827ffff (suc=0, lamba_ariza=7)",5.72,"LINESTRING (-87.74439512966492 41.98183464831775, -87.74439512966492 41.98183464831775)"
892664c8387ffff,"H3:892664c8387ffff (suc=45, lamba_ariza=16)",82.52,"LINESTRING (-87.76443901137708 41.877624701236954, -87.76443901137708 41.877624701236954)"
89266452017ffff,"H3:89266452017ffff (suc=5, lamba_ariza=5)",21.44,"LINESTRING (-87.77462337314749 41.79685457527295, -87.77462337314749 41.79685457527295)"
892664c810fffff,"H3:892664c810fffff (suc=51, lamba_ariza=18)",85.22,"LINESTRING (-87.74579882080167 41.87493663730823, -87.74579882080167 41.87493663730823)"
892664cad17ffff,"H3:892664cad17ffff (suc=15, lamba_ariza=6)",44.48,"LINESTRING (-87.65172846307281 41.89164980567333, -87.65172846307281 41.89164980567333)"
892664cf393ffff,"H3:892664cf393ffff (suc=4, lamba_ariza=7)",20.5,"LINESTRING (-87.65298088341258 41.823144645520934, -87.65298088341258 41.823144645520934)"
892664cc2a3ffff,"H3:892664cc2a3ffff (suc=18, lamba_ariza=14)",57.06,"LINESTRING (-87.63720291027869 41.77632637475449, -87.63720291027869 41.77632637475449)"
892664c1227ffff,"H3:892664c1227ffff (suc=5, lamba_ariza=33)",38.89,"LINESTRING (-87.66051991202006 41.91769043032996, -87.66051991202006 41.91769043032996)"
892664c81afffff,"H3:892664c81afffff (suc=53, lamba_ariza=26)",90.31,"LINESTRING (-87.73437006038343 41.873905616729594, -87.73437006038343 41.873905616729594)"
89275936907ffff,"H3:89275936907ffff (suc=7, lamba_ariza=13)",31.77,"LINESTRING (-87.80835009858522 41.98049806315862, -87.80835009858522 41.98049806315862)"
892664cde4fffff,"H3:892664cde4fffff (suc=6, lamba_ariza=18)",33.49,"LINESTRING (-87.69929816651565 41.75073634515203, -87.69929816651565 41.75073634515203)"
892664cd6b7ffff,"H3:892664cd6b7ffff (suc=16, lamba_ariza=7)",47.5,"LINESTRING (-87.7042510873438 41.804608645547965, -87.7042510873438 41.804608645547965)"
89266452ccfffff,"H3:89266452ccfffff (suc=0, lamba_ariza=1)",0.74,"LINESTRING (-87.74298754945053 41.768803262123036, -87.74298754945053 41.768803262123036)"
892664cd14fffff,"H3:892664cd14fffff (suc=14, lamba_ariza=7)",43.75,"LINESTRING (-87.69071629294865 41.77112042556817, -87.69071629294865 41.77112042556817)"
892664ccb57ffff,"H3:892664ccb57ffff (suc=10, lamba_ariza=1)",28.7,"LINESTRING (-87.60184850044396 41.71060464376378, -87.60184850044396 41.71060464376378)"
892664d88abffff,"H3:892664d88abffff (suc=12, lamba_ariza=12)",42.63,"LINESTRING (-87.66474047802392 41.98272579648246, -87.66474047802392 41.98272579648246)"
892664c116fffff,"H3:892664c116fffff (suc=11, lamba_ariza=30)",53.47,"LINESTRING (-87.6256802361384 41.90644230788809, -87.6256802361384 41.90644230788809)"
892664ca467ffff,"H3:892664ca467ffff (suc=13, lamba_ariza=46)",58.86,"LINESTRING (-87.7138783066421 41.950799780792714, -87.7138783066421 41.950799780792714)"
892664cf453ffff,"H3:892664cf453ffff (suc=47, lamba_ariza=80)",93.71,"LINESTRING (-87.65384889555732 41.858535209574285, -87.65384889555732 41.858535209574285)"
89266452dabffff,"H3:89266452dabffff (suc=12, lamba_ariza=19)",49.23,"LINESTRING (-87.70893854254952 41.7465735358298, -87.70893854254952 41.7465735358298)"
8926645758bffff,"H3:8926645758bffff (suc=5, lamba_ariza=14)",28.02,"LINESTRING (-87.68052113885052 41.70168100883603, -87.68052113885052 41.70168100883603)"
892664cc613ffff,"H3:892664cc613ffff (suc=0, lamba_ariza=1)",0.5,"LINESTRING (-87.63876721465991 41.800668748000234, -87.63876721465991 41.800668748000234)"
892664cac6fffff,"H3:892664cac6fffff (suc=26, lamba_ariza=30)",77.34,"LINESTRING (-87.68479975257286 41.897681119241064, -87.68479975257286 41.897681119241064)"
892664520a7ffff,"H3:892664520a7ffff (suc=5, lamba_ariza=13)",25.88,"LINESTRING (-87.76443640742674 41.79291258365958, -87.76443640742674 41.79291258365958)"
892664cc403ffff,"H3:892664cc403ffff (suc=27, lamba_ariza=5)",61.28,"LINESTRING (-87.61049836234231 41.80211971527968, -87.61049836234231 41.80211971527968)"
892664cb52fffff,"H3:892664cb52fffff (suc=25, lamba_ariza=19)",70.45,"LINESTRING (-87.76580342905521 41.94032804853483, -87.76580342905521 41.94032804853483)"
892664ccc1bffff,"H3:892664ccc1bffff (suc=26, lamba_ariza=14)",68.41,"LINESTRING (-87.58039105047747 41.75196864610937, -87.58039105047747 41.75196864610937)"
892664d9b0fffff,"H3:892664d9b0fffff (suc=19, lamba_ariza=20)",63.13,"LINESTRING (-87.76198783438626 41.96826294639717, -87.76198783438626 41.96826294639717)"
892664cc36fffff,"H3:892664cc36fffff (suc=24, lamba_ariza=18)",68.74,"LINESTRING (-87.6356402455697 41.75199103232184, -87.6356402455697 41.75199103232184)"
892664cb5b3ffff,"H3:892664cb5b3ffff (suc=21, lamba_ariza=18)",65.84,"LINESTRING (-87.75667299470226 41.95263525263706, -87.75667299470226 41.95263525263706)"
892664cb5cfffff,"H3:892664cb5cfffff (suc=7, lamba_ariza=19)",37.52,"LINESTRING (-87.7753447036831 41.955322211909944, -87.7753447036831 41.955322211909944)"
892664cb147ffff,"H3:892664cb147ffff (suc=19, lamba_ariza=7)",53.77,"LINESTRING (-87.7863706963793 41.92904905265535, -87.7863706963793 41.92904905265535)"
892664cd87bffff,"H3:892664cd87bffff (suc=1, lamba_ariza=13)",13.43,"LINESTRING (-87.67544659857019 41.732445591365966, -87.67544659857019 41.732445591365966)"
8927593692fffff,"H3:8927593692fffff (suc=4, lamba_ariza=1)",13.74,"LINESTRING (-87.8077967988671 41.97236826332904, -87.8077967988671 41.97236826332904)"
892664cdb7bffff,"H3:892664cdb7bffff (suc=3, lamba_ariza=13)",20.28,"LINESTRING (-87.68402835067961 41.712072199835156, -87.68402835067961 41.712072199835156)"
89275936dcfffff,"H3:89275936dcfffff (suc=0, lamba_ariza=25)",19.37,"LINESTRING (-87.80878624344487 42.00781388556013, -87.80878624344487 42.00781388556013)"
89266456643ffff,"H3:89266456643ffff (suc=8, lamba_ariza=7)",29.91,"LINESTRING (-87.66493052224916 41.70126681206995, -87.66493052224916 41.70126681206995)"
89266456013ffff,"H3:89266456013ffff (suc=14, lamba_ariza=16)",51.23,"LINESTRING (-87.6314811362939 41.6871312026495, -87.6314811362939 41.6871312026495)"
892664ccd83ffff,"H3:892664ccd83ffff (suc=15, lamba_ariza=12)",49.56,"LINESTRING (-87.54989932138633 41.74009070979863, -87.54989932138633 41.74009070979863)"
892664cc4b7ffff,"H3:892664cc4b7ffff (suc=32, lamba_ariza=42)",85.28,"LINESTRING (-87.59487178657345 41.80169743323354, -87.59487178657345 41.80169743323354)"
89266456077ffff,"H3:89266456077ffff (suc=22, lamba_ariza=26)",72.07,"LINESTRING (-87.63516506716834 41.678405084102046, -87.63516506716834 41.678405084102046)"
892664cf247ffff,"H3:892664cf247ffff (suc=24, lamba_ariza=7)",59.75,"LINESTRING (-87.69021858707147 41.82854739255135, -87.69021858707147 41.82854739255135)"
892664cd19bffff,"H3:892664cd19bffff (suc=12, lamba_ariza=26)",53.75,"LINESTRING (-87.67440253392695 41.78173343440531, -87.67440253392695 41.78173343440531)"
892664ceb5bffff,"H3:892664ceb5bffff (suc=110, lamba_ariza=13)",84.93,"LINESTRING (-87.5623115652122 41.75736325434984, -87.5623115652122 41.75736325434984)"
89266457477ffff,"H3:89266457477ffff (suc=2, lamba_ariza=2)",6.31,"LINESTRING (-87.70627432480521 41.70603826512296, -87.70627432480521 41.70603826512296)"
892664cc9b3ffff,"H3:892664cc9b3ffff (suc=7, lamba_ariza=25)",41.57,"LINESTRING (-87.55259174291781 41.71514248850528, -87.55259174291781 41.71514248850528)"
892664cc14bffff,"H3:892664cc14bffff (suc=74, lamba_ariza=80)",97.74,"LINESTRING (-87.61387594815724 41.766128384656035, -87.61387594815724 41.766128384656035)"
892664d880bffff,"H3:892664d880bffff (suc=1, lamba_ariza=7)",5.62,"LINESTRING (-87.67619662078816 41.983763621522996, -87.67619662078816 41.983763621522996)"
892664d9e37ffff,"H3:892664d9e37ffff (suc=2, lamba_ariza=10)",14.95,"LINESTRING (-87.7641699546839 42.0007879459164, -87.7641699546839 42.0007879459164)"
892664d8acfffff,"H3:892664d8acfffff (suc=6, lamba_ariza=6)",23.32,"LINESTRING (-87.70756803369109 41.984578638929584, -87.70756803369109 41.984578638929584)"
892664ceb23ffff,"H3:892664ceb23ffff (suc=3, lamba_ariza=4)",14.34,"LINESTRING (-87.54321777559346 41.74653123375821, -87.54321777559346 41.74653123375821)"
89266457473ffff,"H3:89266457473ffff (suc=0, lamba_ariza=3)",2.37,"LINESTRING (-87.70925441006955 41.70832320017123, -87.70925441006955 41.70832320017123)"
892664cd3a7ffff,"H3:892664cd3a7ffff (suc=25, lamba_ariza=28)",75.23,"LINESTRING (-87.69316904749554 41.76529591139021, -87.69316904749554 41.76529591139021)"
892664cf343ffff,"H3:892664cf343ffff (suc=15, lamba_ariza=52)",65.36,"LINESTRING (-87.67230044416198 41.81481679429256, -87.67230044416198 41.81481679429256)"
892664cf20fffff,"H3:892664cf20fffff (suc=19, lamba_ariza=25)",67.49,"LINESTRING (-87.68301633292647 41.82688494635296, -87.68301633292647 41.82688494635296)"
892664c1b4fffff,"H3:892664c1b4fffff (suc=66, lamba_ariza=33)",94.5,"LINESTRING (-87.62677928059102 41.85707777780341, -87.62677928059102 41.85707777780341)"
892664ca873ffff,"H3:892664ca873ffff (suc=27, lamba_ariza=16)",71.02,"LINESTRING (-87.69094921651575 41.88309762778011, -87.69094921651575 41.88309762778011)"
892664ca693ffff,"H3:892664ca693ffff (suc=13, lamba_ariza=22)",53.06,"LINESTRING (-87.73185981645679 41.96454256151516, -87.73185981645679 41.96454256151516)"
89266456043ffff,"H3:89266456043ffff (suc=39, lamba_ariza=16)",79.94,"LINESTRING (-87.64409184676826 41.685263920455846, -87.64409184676826 41.685263920455846)"
892664c882bffff,"H3:892664c882bffff (suc=2, lamba_ariza=0)",5.15,"LINESTRING (-87.7316763358484 41.833310374181835, -87.7316763358484 41.833310374181835)"
892664c1323ffff,"H3:892664c1323ffff (suc=45, lamba_ariza=17)",82.92,"LINESTRING (-87.64257469450551 41.90394198137771, -87.64257469450551 41.90394198137771)"
892664cb28bffff,"H3:892664cb28bffff (suc=5, lamba_ariza=6)",21.0,"LINESTRING (-87.8260308001005 41.9477424480655, -87.8260308001005 41.9477424480655)"
892664c8c2fffff,"H3:892664c8c2fffff (suc=20, lamba_ariza=20)",65.15,"LINESTRING (-87.72010405385824 41.85142921197872, -87.72010405385824 41.85142921197872)"
892664cf24bffff,"H3:892664cf24bffff (suc=3, lamba_ariza=12)",20.96,"LINESTRING (-87.6974212306175 41.83020939237247, -87.6974212306175 41.83020939237247)"
892664c107bffff,"H3:892664c107bffff (suc=15, lamba_ariza=43)",64.45,"LINESTRING (-87.64837155325998 41.9276954140437, -87.64837155325998 41.9276954140437)"
892664cea4bffff,"H3:892664cea4bffff (suc=79, lamba_ariza=16)",86.91,"LINESTRING (-87.58439223810015 41.77048302482453, -87.58439223810015 41.77048302482453)"
892664cf443ffff,"H3:892664cf443ffff (suc=42, lamba_ariza=32)",89.31,"LINESTRING (-87.65508011146306 41.855619963627184, -87.65508011146306 41.855619963627184)"
892664cea2fffff,"H3:892664cea2fffff (suc=86, lamba_ariza=21)",90.87,"LINESTRING (-87.56528889686834 41.75965354533254, -87.56528889686834 41.75965354533254)"
892664c8d17ffff,"H3:892664c8d17ffff (suc=32, lamba_ariza=53)",86.2,"LINESTRING (-87.69848613705531 41.846445561585455, -87.69848613705531 41.846445561585455)"
892664cab07ffff,"H3:892664cab07ffff (suc=15, lamba_ariza=8)",46.55,"LINESTRING (-87.69111514877105 41.86393833243324, -87.69111514877105 41.86393833243324)"
892664cf17bffff,"H3:892664cf17bffff (suc=19, lamba_ariza=45)",71.04,"LINESTRING (-87.64104203124457 41.81398727553657, -87.64104203124457 41.81398727553657)"
892664ca433ffff,"H3:892664ca433ffff (suc=10, lamba_ariza=15)",42.63,"LINESTRING (-87.704195790738 41.954975658271536, -87.704195790738 41.954975658271536)"
892664ca327ffff,"H3:892664ca327ffff (suc=31, lamba_ariza=24)",79.96,"LINESTRING (-87.71964210674649 41.908909746983326, -87.71964210674649 41.908909746983326)"
892664cdc4bffff,"H3:892664cdc4bffff (suc=13, lamba_ariza=6)",40.13,"LINESTRING (-87.6728202614527 41.75739814125906, -87.6728202614527 41.75739814125906)"
892664ca1b7ffff,"H3:892664ca1b7ffff (suc=29, lamba_ariza=12)",69.6,"LINESTRING (-87.68216913156884 41.92268379086328, -87.68216913156884 41.92268379086328)"
892664ce26fffff,"H3:892664ce26fffff (suc=22, lamba_ariza=11)",61.1,"LINESTRING (-87.60978233321502 41.813149226417245, -87.60978233321502 41.813149226417245)"
892664cf65bffff,"H3:892664cf65bffff (suc=19, lamba_ariza=3)",49.41,"LINESTRING (-87.6875948666547 41.853529061386126, -87.6875948666547 41.853529061386126)"
8926641b2d3ffff,"H3:8926641b2d3ffff (suc=0, lamba_ariza=12)",10.16,"LINESTRING (-87.5392347249489 41.72801973296936, -87.5392347249489 41.72801973296936)"
892664ccc23ffff,"H3:892664ccc23ffff (suc=7, lamba_ariza=28)",41.51,"LINESTRING (-87.57269307951276 41.74218902378478, -87.57269307951276 41.74218902378478)"
892664d9e0bffff,"H3:892664d9e0bffff (suc=1, lamba_ariza=5)",4.72,"LINESTRING (-87.77740515087959 42.00702721361817, -87.77740515087959 42.00702721361817)"
892664c80d3ffff,"H3:892664c80d3ffff (suc=15, lamba_ariza=10)",49.02,"LINESTRING (-87.76906864968483 41.904278811688144, -87.76906864968483 41.904278811688144)"
892759369dbffff,"H3:892759369dbffff (suc=0, lamba_ariza=13)",10.88,"LINESTRING (-87.81913648740937 41.9925732262375, -87.81913648740937 41.9925732262375)"
892664c81a3ffff,"H3:892664c81a3ffff (suc=33, lamba_ariza=23)",81.27,"LINESTRING (-87.73314360384238 41.87682208928345, -87.73314360384238 41.87682208928345)"
892664cb2b7ffff,"H3:892664cb2b7ffff (suc=7, lamba_ariza=47)",44.55,"LINESTRING (-87.81280763392444 41.9415125745551, -87.81280763392444 41.9415125745551)"
892664cd38fffff,"H3:892664cd38fffff (suc=47, lamba_ariza=34)",91.32,"LINESTRING (-87.70211993000248 41.77215600662219, -87.70211993000248 41.77215600662219)"
892664d9a2bffff,"H3:892664d9a2bffff (suc=6, lamba_ariza=6)",24.26,"LINESTRING (-87.78121446841666 41.97907923219247, -87.78121446841666 41.97907923219247)"
892664ca357ffff,"H3:892664ca357ffff (suc=31, lamba_ariza=55)",85.33,"LINESTRING (-87.7346136338413 41.920356357424936, -87.7346136338413 41.920356357424936)"
892664cf113ffff,"H3:892664cf113ffff (suc=9, lamba_ariza=4)",29.54,"LINESTRING (-87.63014806453073 41.82106265012238, -87.63014806453073 41.82106265012238)"
892664ca083ffff,"H3:892664ca083ffff (suc=17, lamba_ariza=17)",59.09,"LINESTRING (-87.71211218843618 41.945590274234085, -87.71211218843618 41.945590274234085)"
8926645752bffff,"H3:8926645752bffff (suc=2, lamba_ariza=20)",24.83,"LINESTRING (-87.68244343959465 41.68775768243095, -87.68244343959465 41.68775768243095)"
892664194cbffff,"H3:892664194cbffff (suc=1, lamba_ariza=6)",8.19,"LINESTRING (-87.55331997096067 41.704125689115216, -87.55331997096067 41.704125689115216)"
892664cd86fffff,"H3:892664cd86fffff (suc=0, lamba_ariza=13)",11.05,"LINESTRING (-87.67369295383578 41.727248434132356, -87.67369295383578 41.727248434132356)"
892664cd06fffff,"H3:892664cd06fffff (suc=23, lamba_ariza=10)",60.42,"LINESTRING (-87.7068629336706 41.77964198007326, -87.7068629336706 41.77964198007326)"
892664cc663ffff,"H3:892664cc663ffff (suc=28, lamba_ariza=11)",67.15,"LINESTRING (-87.64667175111849 41.79130596076906, -87.64667175111849 41.79130596076906)"
892664c1b77ffff,"H3:892664c1b77ffff (suc=2, lamba_ariza=0)",6.82,"LINESTRING (-87.61658793711004 41.853119895401235, -87.61658793711004 41.853119895401235)"
89266452d67ffff,"H3:89266452d67ffff (suc=5, lamba_ariza=9)",23.7,"LINESTRING (-87.71980080915885 41.73949878271612, -87.71980080915885 41.73949878271612)"
892664d88cbffff,"H3:892664d88cbffff (suc=24, lamba_ariza=10)",62.23,"LINESTRING (-87.68095749286601 41.991268683326524, -87.68095749286601 41.991268683326524)"
892664529c3ffff,"H3:892664529c3ffff (suc=3, lamba_ariza=10)",18.34,"LINESTRING (-87.72943650641388 41.73533506708996, -87.72943650641388 41.73533506708996)"
892664ca98bffff,"H3:892664ca98bffff (suc=27, lamba_ariza=12)",67.4,"LINESTRING (-87.66210846087334 41.87644293570538, -87.66210846087334 41.87644293570538)"
892664c8023ffff,"H3:892664c8023ffff (suc=27, lamba_ariza=16)",71.18,"LINESTRING (-87.76076484162583 41.88637545170571, -87.76076484162583 41.88637545170571)"
892664ccecbffff,"H3:892664ccecbffff (suc=45, lamba_ariza=27)",88.48,"LINESTRING (-87.61582132182056 41.75219401364344, -87.61582132182056 41.75219401364344)"
89266456cc7ffff,"H3:89266456cc7ffff (suc=0, lamba_ariza=6)",4.54,"LINESTRING (-87.59282143525134 41.65740235089637, -87.59282143525134 41.65740235089637)"
892664d8b0fffff,"H3:892664d8b0fffff (suc=13, lamba_ariza=11)",44.3,"LINESTRING (-87.68182926490316 41.96103418652854, -87.68182926490316 41.96103418652854)"
892664d8a8bffff,"H3:892664d8a8bffff (suc=13, lamba_ariza=4)",39.32,"LINESTRING (-87.69910947838625 41.985835805054776, -87.69910947838625 41.985835805054776)"
892664cf04bffff,"H3:892664cf04bffff (suc=19, lamba_ariza=19)",62.83,"LINESTRING (-87.66791060634925 41.834590657477435, -87.66791060634925 41.834590657477435)"
89266452d9bffff,"H3:89266452d9bffff (suc=3, lamba_ariza=7)",16.28,"LINESTRING (-87.71245529950454 41.75696894324773, -87.71245529950454 41.75696894324773)"
892664ca38fffff,"H3:892664ca38fffff (suc=12, lamba_ariza=29)",55.55,"LINESTRING (-87.72194515563419 41.92224234777865, -87.72194515563419 41.92224234777865)"
89266456297ffff,"H3:89266456297ffff (suc=16, lamba_ariza=19)",57.82,"LINESTRING (-87.65127137714505 41.68692729212089, -87.65127137714505 41.68692729212089)"
892664ca963ffff,"H3:892664ca963ffff (suc=2, lamba_ariza=9)",15.09,"LINESTRING (-87.67125114756087 41.864153869541234, -87.67125114756087 41.864153869541234)"
892664cdea7ffff,"H3:892664cdea7ffff (suc=33, lamba_ariza=15)",75.59,"LINESTRING (-87.67229320580114 41.74928793959658, -87.67229320580114 41.74928793959658)"
892664cddafffff,"H3:892664cddafffff (suc=73, lamba_ariza=15)",85.8,"LINESTRING (-87.62618276071909 41.73701698534078, -87.62618276071909 41.73701698534078)"
892664c1b5bffff,"H3:892664c1b5bffff (suc=10, lamba_ariza=22)",46.98,"LINESTRING (-87.62853277503874 41.86228380749816, -87.62853277503874 41.86228380749816)"
89266456c4fffff,"H3:89266456c4fffff (suc=1, lamba_ariza=1)",3.43,"LINESTRING (-87.60368362871797 41.65034634864332, -87.60368362871797 41.65034634864332)"
892664cc437ffff,"H3:892664cc437ffff (suc=5, lamba_ariza=8)",21.68,"LINESTRING (-87.60155325690793 41.79524958446677, -87.60155325690793 41.79524958446677)"
89266452107ffff,"H3:89266452107ffff (suc=2, lamba_ariza=5)",12.16,"LINESTRING (-87.75493188039829 41.77794460261125, -87.75493188039829 41.77794460261125)"
8926645206fffff,"H3:8926645206fffff (suc=7, lamba_ariza=15)",33.9,"LINESTRING (-87.78670630160897 41.78685558479871, -87.78670630160897 41.78685558479871)"
892664566d7ffff,"H3:892664566d7ffff (suc=7, lamba_ariza=33)",44.5,"LINESTRING (-87.65406736643348 41.70833309198531, -87.65406736643348 41.70833309198531)"
892664ccd37ffff,"H3:892664ccd37ffff (suc=10, lamba_ariza=23)",46.89,"LINESTRING (-87.54765384232603 41.726780568118855, -87.54765384232603 41.726780568118855)"
892664cf5abffff,"H3:892664cf5abffff (suc=74, lamba_ariza=20)",89.55,"LINESTRING (-87.6155514366343 41.836880043214066, -87.6155514366343 41.836880043214066)"
8926645250fffff,"H3:8926645250fffff (suc=11, lamba_ariza=32)",54.08,"LINESTRING (-87.7505817732093 41.79771058395597, -87.7505817732093 41.79771058395597)"
892664561cbffff,"H3:892664561cbffff (suc=22, lamba_ariza=33)",73.56,"LINESTRING (-87.62080962412873 41.675076020010906, -87.62080962412873 41.675076020010906)"
892664c8823ffff,"H3:892664c8823ffff (suc=13, lamba_ariza=13)",46.82,"LINESTRING (-87.72746154779126 41.83393796313536, -87.72746154779126 41.83393796313536)"
892664c8d2fffff,"H3:892664c8d2fffff (suc=2, lamba_ariza=0)",8.4,"LINESTRING (-87.69918135268023 41.835412268870144, -87.69918135268023 41.835412268870144)"
892664cc4cfffff,"H3:892664cc4cfffff (suc=37, lamba_ariza=11)",74.35,"LINESTRING (-87.61646313343566 41.80669964864219, -87.61646313343566 41.80669964864219)"
892664523b7ffff,"H3:892664523b7ffff (suc=7, lamba_ariza=8)",26.98,"LINESTRING (-87.77176702765804 41.7754323363734, -87.77176702765804 41.7754323363734)"
892664566c7ffff,"H3:892664566c7ffff (suc=9, lamba_ariza=17)",41.62,"LINESTRING (-87.6552945754307 41.70542334873955, -87.6552945754307 41.70542334873955)"
892664cd9cbffff,"H3:892664cd9cbffff (suc=15, lamba_ariza=65)",64.26,"LINESTRING (-87.65388666042524 41.727457275596606, -87.65388666042524 41.727457275596606)"
892664cf11bffff,"H3:892664cf11bffff (suc=8, lamba_ariza=8)",31.45,"LINESTRING (-87.63436401246278 41.82043870769816, -87.63436401246278 41.82043870769816)"
892664ca5c3ffff,"H3:892664ca5c3ffff (suc=0, lamba_ariza=11)",9.2,"LINESTRING (-87.69397813812037 41.951021601027534, -87.69397813812037 41.951021601027534)"
892664d9833ffff,"H3:892664d9833ffff (suc=5, lamba_ariza=16)",29.45,"LINESTRING (-87.74616613948433 41.98704562567661, -87.74616613948433 41.98704562567661)"
8926645658fffff,"H3:8926645658fffff (suc=7, lamba_ariza=1)",21.36,"LINESTRING (-87.59784568120543 41.692104371488355, -87.59784568120543 41.692104371488355)"
892664cf21bffff,"H3:892664cf21bffff (suc=21, lamba_ariza=34)",73.05,"LINESTRING (-87.68477476960233 41.83208793480611, -87.68477476960233 41.83208793480611)"
892664cf5c3ffff,"H3:892664cf5c3ffff (suc=27, lamba_ariza=14)",70.14,"LINESTRING (-87.62749190226316 41.84604252581823, -87.62749190226316 41.84604252581823)"
892664cce2bffff,"H3:892664cce2bffff (suc=37, lamba_ariza=26)",85.44,"LINESTRING (-87.60636974794514 41.737217941871606, -87.60636974794514 41.737217941871606)"
892664ca867ffff,"H3:892664ca867ffff (suc=41, lamba_ariza=15)",79.82,"LINESTRING (-87.68918816891122 41.877891695667934, -87.68918816891122 41.877891695667934)"
892664cf597ffff,"H3:892664cf597ffff (suc=2, lamba_ariza=1)",6.54,"LINESTRING (-87.61185097024973 41.84562317862084, -87.61185097024973 41.84562317862084)"
892664cb50fffff,"H3:892664cb50fffff (suc=8, lamba_ariza=8)",30.38,"LINESTRING (-87.77057331993733 41.94782493760815, -87.77057331993733 41.94782493760815)"
892664ca057ffff,"H3:892664ca057ffff (suc=27, lamba_ariza=5)",60.91,"LINESTRING (-87.72601657313622 41.94078559453891, -87.72601657313622 41.94078559453891)"
892664ca897ffff,"H3:892664ca897ffff (suc=29, lamba_ariza=7)",64.74,"LINESTRING (-87.67459593935624 41.89372723612585, -87.67459593935624 41.89372723612585)"
892664cd17bffff,"H3:892664cd17bffff (suc=20, lamba_ariza=29)",70.64,"LINESTRING (-87.68773293870075 41.76883345551866, -87.68773293870075 41.76883345551866)"
892664ca67bffff,"H3:892664ca67bffff (suc=13, lamba_ariza=26)",55.7,"LINESTRING (-87.74945016528315 41.950975741096784, -87.74945016528315 41.950975741096784)"
892664cd5bbffff,"H3:892664cd5bbffff (suc=44, lamba_ariza=38)",91.25,"LINESTRING (-87.66106424832569 41.79463430512497, -87.66106424832569 41.79463430512497)"
892664c85afffff,"H3:892664c85afffff (suc=48, lamba_ariza=18)",84.31,"LINESTRING (-87.72578153263412 41.894322980436606, -87.72578153263412 41.894322980436606)"
892664560bbffff,"H3:892664560bbffff (suc=13, lamba_ariza=66)",60.81,"LINESTRING (-87.62430193418332 41.68546655633588, -87.62430193418332 41.68546655633588)"
89275934da7ffff,"H3:89275934da7ffff (suc=1, lamba_ariza=47)",28.48,"LINESTRING (-87.83503388893202 41.954604051160175, -87.83503388893202 41.954604051160175)"
892664cc877ffff,"H3:892664cc877ffff (suc=0, lamba_ariza=8)",6.18,"LINESTRING (-87.58850811865216 41.7234860286946, -87.58850811865216 41.7234860286946)"
892664d8e2fffff,"H3:892664d8e2fffff (suc=24, lamba_ariza=12)",64.45,"LINESTRING (-87.68941791807637 41.990012683348105, -87.68941791807637 41.990012683348105)"
892664caa6bffff,"H3:892664caa6bffff (suc=85, lamba_ariza=17)",88.08,"LINESTRING (-87.72593304567776 41.87516188277338, -87.72593304567776 41.87516188277338)"
892664cc427ffff,"H3:892664cc427ffff (suc=0, lamba_ariza=7)",5.13,"LINESTRING (-87.60278624141708 41.792337023868775, -87.60278624141708 41.792337023868775)"
892664522a3ffff,"H3:892664522a3ffff (suc=9, lamba_ariza=11)",34.9,"LINESTRING (-87.79689326282838 41.79079528852658, -87.79689326282838 41.79079528852658)"
892664528afffff,"H3:892664528afffff (suc=4, lamba_ariza=16)",26.9,"LINESTRING (-87.73540266921032 41.739904979657176, -87.73540266921032 41.739904979657176)"
892664ca3abffff,"H3:892664ca3abffff (suc=38, lamba_ariza=25)",84.99,"LINESTRING (-87.72017925500097 41.91703473332216, -87.72017925500097 41.91703473332216)"
892664cdc2fffff,"H3:892664cdc2fffff (suc=36, lamba_ariza=27)",85.18,"LINESTRING (-87.65370580486685 41.74658589296987, -87.65370580486685 41.74658589296987)"
892664d889bffff,"H3:892664d889bffff (suc=12, lamba_ariza=18)",48.78,"LINESTRING (-87.66826566039043 41.9931516028339, -87.66826566039043 41.9931516028339)"
892664cdc2bffff,"H3:892664cdc2bffff (suc=28, lamba_ariza=23)",76.65,"LINESTRING (-87.65668629361701 41.74887330706432, -87.65668629361701 41.74887330706432)"
89266457557ffff,"H3:89266457557ffff (suc=1, lamba_ariza=7)",8.62,"LINESTRING (-87.69015343689232 41.69752272897419, -87.69015343689232 41.69752272897419)"
892664ccabbffff,"H3:892664ccabbffff (suc=18, lamba_ariza=42)",69.05,"LINESTRING (-87.60708542140489 41.72619857249077, -87.60708542140489 41.72619857249077)"
892664cdb4fffff,"H3:892664cdb4fffff (suc=0, lamba_ariza=4)",3.04,"LINESTRING (-87.6870078907352 41.71435791745754, -87.6870078907352 41.71435791745754)"
892664cd06bffff,"H3:892664cd06bffff (suc=16, lamba_ariza=19)",58.03,"LINESTRING (-87.70984778961218 41.781928658919995, -87.70984778961218 41.781928658919995)"
892664cd347ffff,"H3:892664cd347ffff (suc=10, lamba_ariza=19)",45.13,"LINESTRING (-87.71597360699162 41.76736545796579, -87.71597360699162 41.76736545796579)"
892664c8143ffff,"H3:892664c8143ffff (suc=38, lamba_ariza=8)",72.26,"LINESTRING (-87.7560027675071 41.878883216082336, -87.7560027675071 41.878883216082336)"
892664cddb3ffff,"H3:892664cddb3ffff (suc=21, lamba_ariza=13)",60.59,"LINESTRING (-87.62372266708287 41.74283848048233, -87.62372266708287 41.74283848048233)"
892664ca1dbffff,"H3:892664ca1dbffff (suc=37, lamba_ariza=28)",85.46,"LINESTRING (-87.70558640623031 41.93288172545356, -87.70558640623031 41.93288172545356)"
892664c1677ffff,"H3:892664c1677ffff (suc=15, lamba_ariza=20)",56.27,"LINESTRING (-87.66210123617836 41.94207286839165, -87.66210123617836 41.94207286839165)"
892664d8e1bffff,"H3:892664d8e1bffff (suc=15, lamba_ariza=6)",44.48,"LINESTRING (-87.69594758905548 42.002730610891945, -87.69594758905548 42.002730610891945)"
892664cb567ffff,"H3:892664cb567ffff (suc=15, lamba_ariza=9)",47.55,"LINESTRING (-87.77302488607755 41.941986386121926, -87.77302488607755 41.941986386121926)"
892664cf3bbffff,"H3:892664cf3bbffff (suc=2, lamba_ariza=3)",10.49,"LINESTRING (-87.65245653541902 41.81502776518624, -87.65245653541902 41.81502776518624)"
892664cc083ffff,"H3:892664cc083ffff (suc=1, lamba_ariza=0)",4.14,"LINESTRING (-87.6124462845766 41.78817920714961, -87.6124462845766 41.78817920714961)"
89266456473ffff,"H3:89266456473ffff (suc=20, lamba_ariza=21)",66.6,"LINESTRING (-87.62954328370093 41.701054448721266, -87.62954328370093 41.701054448721266)"
8926645757bffff,"H3:8926645757bffff (suc=1, lamba_ariza=1)",1.6,"LINESTRING (-87.69260236710181 41.69170362981131, -87.69260236710181 41.69170362981131)"
892664cddabffff,"H3:892664cddabffff (suc=1, lamba_ariza=2)",4.8,"LINESTRING (-87.62916147483476 41.739304959035465, -87.62916147483476 41.739304959035465)"
892664c840fffff,"H3:892664c840fffff (suc=19, lamba_ariza=6)",51.91,"LINESTRING (-87.7581764855224 41.91137406128339, -87.7581764855224 41.91137406128339)"
892664cc3a3ffff,"H3:892664cc3a3ffff (suc=21, lamba_ariza=8)",56.59,"LINESTRING (-87.6163385800184 41.760305320298556, -87.6163385800184 41.760305320298556)"
89266456693ffff,"H3:89266456693ffff (suc=11, lamba_ariza=17)",45.89,"LINESTRING (-87.6456566673539 41.70957938882475, -87.6456566673539 41.70957938882475)"
892664d883bffff,"H3:892664d883bffff (suc=19, lamba_ariza=25)",67.12,"LINESTRING (-87.67020388893154 41.97917870446655, -87.67020388893154 41.97917870446655)"
892664cd813ffff,"H3:892664cd813ffff (suc=19, lamba_ariza=43)",71.1,"LINESTRING (-87.66457800953734 41.73951585700797, -87.66457800953734 41.73951585700797)"
892664cad97ffff,"H3:892664cad97ffff (suc=9, lamba_ariza=23)",44.62,"LINESTRING (-87.64504088058304 41.89810843293777, -87.64504088058304 41.89810843293777)"
892664caa57ffff,"H3:892664caa57ffff (suc=25, lamba_ariza=16)",68.68,"LINESTRING (-87.72225142465217 41.88391155417213, -87.72225142465217 41.88391155417213)"
892664cd477ffff,"H3:892664cd477ffff (suc=7, lamba_ariza=15)",32.57,"LINESTRING (-87.6928394561569 41.803573332243815, -87.6928394561569 41.803573332243815)"
892664cf003ffff,"H3:892664cf003ffff (suc=13, lamba_ariza=37)",58.45,"LINESTRING (-87.6522747437153 41.83417665029749, -87.6522747437153 41.83417665029749)"
892664cb2d3ffff,"H3:892664cb2d3ffff (suc=3, lamba_ariza=18)",25.22,"LINESTRING (-87.83203258447297 41.95231688295056, -87.83203258447297 41.95231688295056)"
892664cd6dbffff,"H3:892664cd6dbffff (suc=7, lamba_ariza=17)",37.2,"LINESTRING (-87.72761216655506 41.81479080948411, -87.72761216655506 41.81479080948411)"
892664525d7ffff,"H3:892664525d7ffff (suc=7, lamba_ariza=32)",44.75,"LINESTRING (-87.74989947590949 41.808738439801104, -87.74989947590949 41.808738439801104)"
892664cc3bbffff,"H3:892664cc3bbffff (suc=22, lamba_ariza=9)",58.57,"LINESTRING (-87.61931837946753 41.76259413426289, -87.61931837946753 41.76259413426289)"
892664d8ecfffff,"H3:892664d8ecfffff (suc=9, lamba_ariza=33)",49.95,"LINESTRING (-87.6989464353776 42.00502289919825, -87.6989464353776 42.00502289919825)"
892664ca367ffff,"H3:892664ca367ffff (suc=35, lamba_ariza=10)",72.2,"LINESTRING (-87.73107962165606 41.90994218222697, -87.73107962165606 41.90994218222697)"
892664cb3a3ffff,"H3:892664cb3a3ffff (suc=19, lamba_ariza=34)",69.55,"LINESTRING (-87.79603836361433 41.92486831196887, -87.79603836361433 41.92486831196887)"
892664ca363ffff,"H3:892664ca363ffff (suc=29, lamba_ariza=39)",82.53,"LINESTRING (-87.73407392670522 41.912231263241395, -87.73407392670522 41.912231263241395)"
892664c8db3ffff,"H3:892664c8db3ffff (suc=17, lamba_ariza=21)",60.49,"LINESTRING (-87.69005240992533 41.847698556552984, -87.69005240992533 41.847698556552984)"
892664c8d8bffff,"H3:892664c8d8bffff (suc=44, lamba_ariza=306)",93.02,"LINESTRING (-87.7002469929389 41.85164939519425, -87.7002469929389 41.85164939519425)"
892664cd40bffff,"H3:892664cd40bffff (suc=21, lamba_ariza=29)",71.56,"LINESTRING (-87.69459806863054 41.80877469847003, -87.69459806863054 41.80877469847003)"
892664d9b2bffff,"H3:892664d9b2bffff (suc=9, lamba_ariza=11)",36.05,"LINESTRING (-87.76021582906158 41.96305344124307, -87.76021582906158 41.96305344124307)"
892664cd37bffff,"H3:892664cd37bffff (suc=10, lamba_ariza=38)",51.66,"LINESTRING (-87.71719829634993 41.76445311256153, -87.71719829634993 41.76445311256153)"
892664c1067ffff,"H3:892664c1067ffff (suc=16, lamba_ariza=14)",54.1,"LINESTRING (-87.6423884455428 41.9231115502248, -87.6423884455428 41.9231115502248)"
892664cc4b3ffff,"H3:892664cc4b3ffff (suc=19, lamba_ariza=10)",55.7,"LINESTRING (-87.59785334876446 41.80398785337949, -87.59785334876446 41.80398785337949)"
89266456637ffff,"H3:89266456637ffff (suc=11, lamba_ariza=22)",49.53,"LINESTRING (-87.64461327161825 41.693368293331055, -87.64461327161825 41.693368293331055)"
892664cead3ffff,"H3:892664cead3ffff (suc=0, lamba_ariza=1)",0.15,"LINESTRING (-87.5722638165994 41.78046106107745, -87.5722638165994 41.78046106107745)"
892664ca26fffff,"H3:892664ca26fffff (suc=26, lamba_ariza=33)",78.34,"LINESTRING (-87.75626812334457 41.925335427636064, -87.75626812334457 41.925335427636064)"
892664cc193ffff,"H3:892664cc193ffff (suc=19, lamba_ariza=14)",59.34,"LINESTRING (-87.59035072766947 41.77506294081148, -87.59035072766947 41.77506294081148)"
892664520afffff,"H3:892664520afffff (suc=4, lamba_ariza=22)",31.38,"LINESTRING (-87.7686465658158 41.7922841987854, -87.7686465658158 41.7922841987854)"
892664cac8bffff,"H3:892664cac8bffff (suc=17, lamba_ariza=10)",51.97,"LINESTRING (-87.67442303658886 41.91289375007359, -87.67442303658886 41.91289375007359)"
89266456eb3ffff,"H3:89266456eb3ffff (suc=1, lamba_ariza=1)",5.62,"LINESTRING (-87.60788467855144 41.6497255229836, -87.60788467855144 41.6497255229836)"
8926645608bffff,"H3:8926645608bffff (suc=10, lamba_ariza=12)",39.24,"LINESTRING (-87.63025284315698 41.69004010554262, -87.63025284315698 41.69004010554262)"
892664d9da7ffff,"H3:892664d9da7ffff (suc=15, lamba_ariza=19)",56.09,"LINESTRING (-87.70810395132936 41.99271110257899, -87.70810395132936 41.99271110257899)"
89266452d8fffff,"H3:89266452d8fffff (suc=8, lamba_ariza=26)",43.07,"LINESTRING (-87.71069672727293 41.75177110108709, -87.71069672727293 41.75177110108709)"
892664cf37bffff,"H3:892664cf37bffff (suc=30, lamba_ariza=21)",77.43,"LINESTRING (-87.67054401372707 41.80961457911605, -87.67054401372707 41.80961457911605)"
892664cab4fffff,"H3:892664cab4fffff (suc=35, lamba_ariza=11)",72.75,"LINESTRING (-87.70675992453698 41.864346620744584, -87.70675992453698 41.864346620744584)"
892664cdedbffff,"H3:892664cdedbffff (suc=9, lamba_ariza=39)",50.03,"LINESTRING (-87.69439518750886 41.76238380163348, -87.69439518750886 41.76238380163348)"
892664caa83ffff,"H3:892664caa83ffff (suc=16, lamba_ariza=4)",44.64,"LINESTRING (-87.70836363465062 41.88871155220878, -87.70836363465062 41.88871155220878)"
892664d9dabffff,"H3:892664d9dabffff (suc=10, lamba_ariza=6)",33.72,"LINESTRING (-87.71533256870244 41.99437374486944, -87.71533256870244 41.99437374486944)"
89266457057ffff,"H3:89266457057ffff (suc=1, lamba_ariza=7)",7.84,"LINESTRING (-87.71957300943821 41.69314817556269, -87.71957300943821 41.69314817556269)"
892664c1667ffff,"H3:892664c1667ffff (suc=20, lamba_ariza=18)",63.8,"LINESTRING (-87.66333413402742 41.93915451766324, -87.66333413402742 41.93915451766324)"
892664cf653ffff,"H3:892664cf653ffff (suc=25, lamba_ariza=10)",62.27,"LINESTRING (-87.68337717434254 41.854155330733114, -87.68337717434254 41.854155330733114)"
892664c1247ffff,"H3:892664c1247ffff (suc=17, lamba_ariza=6)",49.17,"LINESTRING (-87.67671348268077 41.92622862368905, -87.67671348268077 41.92622862368905)"
892664ccecfffff,"H3:892664ccecfffff (suc=79, lamba_ariza=36)",96.2,"LINESTRING (-87.6128423395737 41.74990534870863, -87.6128423395737 41.74990534870863)"
892664cd143ffff,"H3:892664cd143ffff (suc=24, lamba_ariza=13)",64.81,"LINESTRING (-87.68948967835611 41.77403282996105, -87.68948967835611 41.77403282996105)"
892664ca037ffff,"H3:892664ca037ffff (suc=34, lamba_ariza=20)",79.9,"LINESTRING (-87.70981075879828 41.93225365639544, -87.70981075879828 41.93225365639544)"
892664cd68bffff,"H3:892664cd68bffff (suc=2, lamba_ariza=1)",7.8,"LINESTRING (-87.7174240652978 41.8108438085205, -87.7174240652978 41.8108438085205)"
892664cd227ffff,"H3:892664cd227ffff (suc=8, lamba_ariza=25)",42.83,"LINESTRING (-87.72071819830796 41.77485032793236, -87.72071819830796 41.77485032793236)"
892664ca58fffff,"H3:892664ca58fffff (suc=13, lamba_ariza=18)",52.0,"LINESTRING (-87.68376197758104 41.947066724863625, -87.68376197758104 41.947066724863625)"
892664c86c3ffff,"H3:892664c86c3ffff (suc=0, lamba_ariza=20)",16.59,"LINESTRING (-87.79126701383223 41.91737463700476, -87.79126701383223 41.91737463700476)"
89266419047ffff,"H3:89266419047ffff (suc=0, lamba_ariza=2)",1.09,"LINESTRING (-87.56144583850995 41.67566099119302, -87.56144583850995 41.67566099119302)"
892664562afffff,"H3:892664562afffff (suc=0, lamba_ariza=11)",9.62,"LINESTRING (-87.65197551328563 41.675915010473574, -87.65197551328563 41.675915010473574)"
8927593696fffff,"H3:8927593696fffff (suc=1, lamba_ariza=6)",6.97,"LINESTRING (-87.81924949311242 41.973391705178436, -87.81924949311242 41.973391705178436)"
892664d8b43ffff,"H3:892664d8b43ffff (suc=10, lamba_ariza=15)",41.33,"LINESTRING (-87.69204840040082 41.964989726743056, -87.69204840040082 41.964989726743056)"
892664cd373ffff,"H3:892664cd373ffff (suc=9, lamba_ariza=6)",32.26,"LINESTRING (-87.7129894335365 41.7650793028838, -87.7129894335365 41.7650793028838)"
892664564cfffff,"H3:892664564cfffff (suc=15, lamba_ariza=41)",63.02,"LINESTRING (-87.63006235665226 41.70916057387565, -87.63006235665226 41.70916057387565)"
892664cd387ffff,"H3:892664cd387ffff (suc=22, lamba_ariza=38)",74.65,"LINESTRING (-87.69791000407332 41.772781756829765, -87.69791000407332 41.772781756829765)"
892664cc44bffff,"H3:892664cc44bffff (suc=6, lamba_ariza=13)",30.37,"LINESTRING (-87.62612462151118 41.80253986560094, -87.62612462151118 41.80253986560094)"
892664cd27bffff,"H3:892664cd27bffff (suc=13, lamba_ariza=22)",54.27,"LINESTRING (-87.73809419628567 41.78045459249756, -87.73809419628567 41.78045459249756)"
892664ceb67ffff,"H3:892664ceb67ffff (suc=57, lamba_ariza=20)",88.0,"LINESTRING (-87.55164007296861 41.74529131574915, -87.55164007296861 41.74529131574915)"
892664ca22fffff,"H3:892664ca22fffff (suc=20, lamba_ariza=36)",71.07,"LINESTRING (-87.74482694879889 41.92430555334257, -87.74482694879889 41.92430555334257)"
892664ce223ffff,"H3:892664ce223ffff (suc=29, lamba_ariza=8)",65.98,"LINESTRING (-87.59713425127164 41.81501770717456, -87.59713425127164 41.81501770717456)"
8926645298bffff,"H3:8926645298bffff (suc=1, lamba_ariza=1)",4.88,"LINESTRING (-87.72224804982478 41.73367618287962, -87.72224804982478 41.73367618287962)"
892664cda53ffff,"H3:892664cda53ffff (suc=1, lamba_ariza=1)",3.11,"LINESTRING (-87.70542333512826 41.73617923633858, -87.70542333512826 41.73617923633858)"
89266452d7bffff,"H3:89266452d7bffff (suc=2, lamba_ariza=6)",10.78,"LINESTRING (-87.7257667003337 41.74406944779037, -87.7257667003337 41.74406944779037)"
892664ca40fffff,"H3:892664ca40fffff (suc=22, lamba_ariza=13)",63.34,"LINESTRING (-87.7114184294174 41.95663814294376, -87.7114184294174 41.95663814294376)"
89266452d53ffff,"H3:89266452d53ffff (suc=3, lamba_ariza=27)",30.95,"LINESTRING (-87.72630300156675 41.75217835576571, -87.72630300156675 41.75217835576571)"
892664ca2c7ffff,"H3:892664ca2c7ffff (suc=17, lamba_ariza=17)",59.14,"LINESTRING (-87.75013467450728 41.93992891896132, -87.75013467450728 41.93992891896132)"
892664cae8bffff,"H3:892664cae8bffff (suc=0, lamba_ariza=2)",1.17,"LINESTRING (-87.70398261705118 41.908503860941906, -87.70398261705118 41.908503860941906)"
89266452033ffff,"H3:89266452033ffff (suc=4, lamba_ariza=24)",32.89,"LINESTRING (-87.77285656542021 41.791655671581225, -87.77285656542021 41.791655671581225)"
892664c13cbffff,"H3:892664c13cbffff (suc=14, lamba_ariza=18)",53.13,"LINESTRING (-87.65629570745742 41.91831654567313, -87.65629570745742 41.91831654567313)"
892664d8b8bffff,"H3:892664d8b8bffff (suc=12, lamba_ariza=28)",53.66,"LINESTRING (-87.67813201689174 41.96979231313873, -87.67813201689174 41.96979231313873)"
892664d882bffff,"H3:892664d882bffff (suc=10, lamba_ariza=21)",45.54,"LINESTRING (-87.67143724092429 41.97625894649398, -87.67143724092429 41.97625894649398)"
89275934ed3ffff,"H3:89275934ed3ffff (suc=1, lamba_ariza=1)",5.66,"LINESTRING (-87.90364733747862 41.97988781966595, -87.90364733747862 41.97988781966595)"
892664cf507ffff,"H3:892664cf507ffff (suc=23, lamba_ariza=12)",62.54,"LINESTRING (-87.61976917623021 41.836256422530326, -87.61976917623021 41.836256422530326)"
892664cb58fffff,"H3:892664cb58fffff (suc=15, lamba_ariza=8)",46.82,"LINESTRING (-87.76389621354103 41.95429431453128, -87.76389621354103 41.95429431453128)"
892664c8467ffff,"H3:892664c8467ffff (suc=31, lamba_ariza=13)",72.27,"LINESTRING (-87.76062775943478 41.905538340897834, -87.76062775943478 41.905538340897834)"
892664c8433ffff,"H3:892664c8433ffff (suc=95, lamba_ariza=8)",80.28,"LINESTRING (-87.75096008101738 41.90971509550381, -87.75096008101738 41.90971509550381)"
89266419007ffff,"H3:89266419007ffff (suc=0, lamba_ariza=1)",0.82,"LINESTRING (-87.55006517258883 41.674611195774766, -87.55006517258883 41.674611195774766)"
892664cf15bffff,"H3:892664cf15bffff (suc=1, lamba_ariza=11)",10.56,"LINESTRING (-87.64578014773554 41.82147985687512, -87.64578014773554 41.82147985687512)"
892664ca847ffff,"H3:892664ca847ffff (suc=13, lamba_ariza=8)",43.03,"LINESTRING (-87.69394009109375 41.885387227875285, -87.69394009109375 41.885387227875285)"
892664c81cfffff,"H3:892664c81cfffff (suc=84, lamba_ariza=27)",93.98,"LINESTRING (-87.75055895402754 41.88242905833555, -87.75055895402754 41.88242905833555)"
89275936dafffff,"H3:89275936dafffff (suc=2, lamba_ariza=11)",17.23,"LINESTRING (-87.79254491554968 41.999289004671006, -87.79254491554968 41.999289004671006)"
8926641954bffff,"H3:8926641954bffff (suc=16, lamba_ariza=29)",62.74,"LINESTRING (-87.5391876766175 41.68166501277866, -87.5391876766175 41.68166501277866)"
892664c161bffff,"H3:892664c161bffff (suc=21, lamba_ariza=4)",53.58,"LINESTRING (-87.66262871412977 41.95020190145926, -87.66262871412977 41.95020190145926)"
892664cce3bffff,"H3:892664cce3bffff (suc=34, lamba_ariza=10)",71.51,"LINESTRING (-87.60513846832433 41.74012850748428, -87.60513846832433 41.74012850748428)"
892664cf2b3ffff,"H3:892664cf2b3ffff (suc=13, lamba_ariza=14)",48.07,"LINESTRING (-87.66914025510005 41.83167618730715, -87.66914025510005 41.83167618730715)"
89266452c97ffff,"H3:89266452c97ffff (suc=16, lamba_ariza=12)",52.7,"LINESTRING (-87.72615204449468 41.771311076844796, -87.72615204449468 41.771311076844796)"
892664c1e17ffff,"H3:892664c1e17ffff (suc=76, lamba_ariza=6)",77.38,"LINESTRING (-87.62217090068195 41.89602507712892, -87.62217090068195 41.89602507712892)"
892664574b7ffff,"H3:892664574b7ffff (suc=1, lamba_ariza=15)",16.13,"LINESTRING (-87.68823308766562 41.711447721528785, -87.68823308766562 41.711447721528785)"
892664cc1cfffff,"H3:892664cc1cfffff (suc=3, lamba_ariza=4)",11.97,"LINESTRING (-87.60422067285691 41.77028494613997, -87.60422067285691 41.77028494613997)"
892664c8d4bffff,"H3:892664c8d4bffff (suc=20, lamba_ariza=11)",58.02,"LINESTRING (-87.71834105726813 41.84622582339837, -87.71834105726813 41.84622582339837)"
892664d9837ffff,"H3:892664d9837ffff (suc=1, lamba_ariza=6)",5.91,"LINESTRING (-87.74316646777838 41.98475512468555, -87.74316646777838 41.98475512468555)"
892664cf06fffff,"H3:892664cf06fffff (suc=1, lamba_ariza=2)",3.32,"LINESTRING (-87.66018200955749 41.82480898815376, -87.66018200955749 41.82480898815376)"
892664ca0cbffff,"H3:892664ca0cbffff (suc=18, lamba_ariza=23)",64.93,"LINESTRING (-87.72778401552384 41.94599450944392, -87.72778401552384 41.94599450944392)"
892664d9a33ffff,"H3:892664d9a33ffff (suc=7, lamba_ariza=24)",41.1,"LINESTRING (-87.77576111005136 41.98263108961113, -87.77576111005136 41.98263108961113)"
892664ce247ffff,"H3:892664ce247ffff (suc=13, lamba_ariza=9)",41.97,"LINESTRING (-87.61029922101442 41.8212665444275, -87.61029922101442 41.8212665444275)"
892664ca5a7ffff,"H3:892664ca5a7ffff (suc=15, lamba_ariza=29)",61.73,"LINESTRING (-87.67477947669808 41.940192560558444, -87.67477947669808 41.940192560558444)"
892664ca56fffff,"H3:892664ca56fffff (suc=8, lamba_ariza=11)",32.41,"LINESTRING (-87.69713722371554 41.93413743289702, -87.69713722371554 41.93413743289702)"
892664cd5cfffff,"H3:892664cd5cfffff (suc=27, lamba_ariza=23)",76.3,"LINESTRING (-87.6754583044751 41.79796086782406, -87.6754583044751 41.79796086782406)"
892664ce2cfffff,"H3:892664ce2cfffff (suc=28, lamba_ariza=7)",63.88,"LINESTRING (-87.60783254189666 41.82709398736995, -87.60783254189666 41.82709398736995)"
892664cca4bffff,"H3:892664cca4bffff (suc=29, lamba_ariza=19)",75.25,"LINESTRING (-87.63110104633022 41.725375172933994, -87.63110104633022 41.725375172933994)"
892664ca227ffff,"H3:892664ca227ffff (suc=16, lamba_ariza=24)",61.48,"LINESTRING (-87.74060416719412 41.92493477685426, -87.74060416719412 41.92493477685426)"
892664cd50bffff,"H3:892664cd50bffff (suc=42, lamba_ariza=23)",85.88,"LINESTRING (-87.67370217277829 41.792759740610755, -87.67370217277829 41.792759740610755)"
892664d8a17ffff,"H3:892664d8a17ffff (suc=7, lamba_ariza=38)",44.99,"LINESTRING (-87.69734362240091 41.98062387415581, -87.69734362240091 41.98062387415581)"
892664d8c8fffff,"H3:892664d8c8fffff (suc=1, lamba_ariza=2)",1.4,"LINESTRING (-87.65786157421606 42.008381636727165, -87.65786157421606 42.008381636727165)"
892664cd557ffff,"H3:892664cd557ffff (suc=7, lamba_ariza=13)",31.26,"LINESTRING (-87.6766864807746 41.795047685106084, -87.6766864807746 41.795047685106084)"
892664d8ec7ffff,"H3:892664d8ec7ffff (suc=8, lamba_ariza=12)",35.38,"LINESTRING (-87.6947151555604 42.005651504502936, -87.6947151555604 42.005651504502936)"
892664cb037ffff,"H3:892664cb037ffff (suc=10, lamba_ariza=21)",45.55,"LINESTRING (-87.78991815824654 41.93946310892151, -87.78991815824654 41.93946310892151)"
892664c1e8fffff,"H3:892664c1e8fffff (suc=27, lamba_ariza=44)",81.0,"LINESTRING (-87.62093642944919 41.89894156393924, -87.62093642944919 41.89894156393924)"
89266456223ffff,"H3:89266456223ffff (suc=7, lamba_ariza=12)",32.51,"LINESTRING (-87.6574039269908 41.6723835947423, -87.6574039269908 41.6723835947423)"
8926641b21bffff,"H3:8926641b21bffff (suc=16, lamba_ariza=14)",53.55,"LINESTRING (-87.53873124134381 41.71991046066895, -87.53873124134381 41.71991046066895)"
892664cce1bffff,"H3:892664cce1bffff (suc=39, lamba_ariza=25)",85.54,"LINESTRING (-87.60986363020679 41.74761665329943, -87.60986363020679 41.74761665329943)"
892664cb5a3ffff,"H3:892664cb5a3ffff (suc=8, lamba_ariza=32)",46.25,"LINESTRING (-87.75789990647873 41.94971585018511, -87.75789990647873 41.94971585018511)"
892664ca63bffff,"H3:892664ca63bffff (suc=4, lamba_ariza=11)",21.59,"LINESTRING (-87.7380025929019 41.949945229803774, -87.7380025929019 41.949945229803774)"
892664c1e63ffff,"H3:892664c1e63ffff (suc=214, lamba_ariza=45)",99.06,"LINESTRING (-87.63308398867981 41.888943007054536, -87.63308398867981 41.888943007054536)"
892664cd357ffff,"H3:892664cd357ffff (suc=12, lamba_ariza=3)",36.16,"LINESTRING (-87.71474875963341 41.7702779016511, -87.71474875963341 41.7702779016511)"
892664cdc73ffff,"H3:892664cdc73ffff (suc=35, lamba_ariza=27)",83.98,"LINESTRING (-87.66264808949316 41.75344804314545, -87.66264808949316 41.75344804314545)"
892664c1ab3ffff,"H3:892664c1ab3ffff (suc=24, lamba_ariza=36)",76.95,"LINESTRING (-87.62236543493476 41.876861289167124, -87.62236543493476 41.876861289167124)"
892759369cbffff,"H3:892759369cbffff (suc=2, lamba_ariza=22)",23.6,"LINESTRING (-87.8203603160242 41.98965193373168, -87.8203603160242 41.98965193373168)"
892664563a3ffff,"H3:892664563a3ffff (suc=5, lamba_ariza=18)",30.56,"LINESTRING (-87.62992446173249 41.66282168925434, -87.62992446173249 41.66282168925434)"
892664c122bffff,"H3:892664c122bffff (suc=9, lamba_ariza=13)",36.84,"LINESTRING (-87.66773592696518 41.91935533217927, -87.66773592696518 41.91935533217927)"
892664d9abbffff,"H3:892664d9abbffff (suc=6, lamba_ariza=15)",31.09,"LINESTRING (-87.77330774692861 41.98847263832781, -87.77330774692861 41.98847263832781)"
89266456eabffff,"H3:89266456eabffff (suc=1, lamba_ariza=7)",8.61,"LINESTRING (-87.6133139755137 41.64619728759229, -87.6133139755137 41.64619728759229)"
8926645289bffff,"H3:8926645289bffff (suc=6, lamba_ariza=9)",26.82,"LINESTRING (-87.74190894287497 41.75258348490071, -87.74190894287497 41.75258348490071)"
892664d8893ffff,"H3:892664d8893ffff (suc=7, lamba_ariza=14)",33.93,"LINESTRING (-87.66403473113779 41.993778954473115, -87.66403473113779 41.993778954473115)"
892664ca883ffff,"H3:892664ca883ffff (suc=36, lamba_ariza=33)",86.48,"LINESTRING (-87.67881745663846 41.893100777239084, -87.67881745663846 41.893100777239084)"
892664caa97ffff,"H3:892664caa97ffff (suc=23, lamba_ariza=8)",59.35,"LINESTRING (-87.7041432283673 41.88933901417256, -87.7041432283673 41.88933901417256)"
892664ceb57ffff,"H3:892664ceb57ffff (suc=24, lamba_ariza=50)",77.86,"LINESTRING (-87.55512272820526 41.755693362340736, -87.55512272820526 41.755693362340736)"
892664cdba7ffff,"H3:892664cdba7ffff (suc=12, lamba_ariza=13)",45.27,"LINESTRING (-87.66002371994892 41.71290603483716, -87.66002371994892 41.71290603483716)"
892664cd4d3ffff,"H3:892664cd4d3ffff (suc=31, lamba_ariza=20)",77.44,"LINESTRING (-87.69390215198563 41.81980446757221, -87.69390215198563 41.81980446757221)"
892664cd0bbffff,"H3:892664cd0bbffff (suc=14, lamba_ariza=10)",46.97,"LINESTRING (-87.69055052841217 41.79025832431552, -87.69055052841217 41.79025832431552)"
892664c1657ffff,"H3:892664c1657ffff (suc=10, lamba_ariza=13)",39.76,"LINESTRING (-87.66685568464386 41.94957515370239, -87.66685568464386 41.94957515370239)"
892664cd473ffff,"H3:892664cd473ffff (suc=4, lamba_ariza=4)",16.23,"LINESTRING (-87.69582526767283 41.805860985087264, -87.69582526767283 41.805860985087264)"
892664566c3ffff,"H3:892664566c3ffff (suc=7, lamba_ariza=12)",30.79,"LINESTRING (-87.65827248033973 41.70770973040383, -87.65827248033973 41.70770973040383)"
892664cd44bffff,"H3:892664cd44bffff (suc=21, lamba_ariza=10)",58.69,"LINESTRING (-87.70601097337189 41.80980982655029, -87.70601097337189 41.80980982655029)"
892664cce57ffff,"H3:892664cce57ffff (suc=29, lamba_ariza=41)",83.02,"LINESTRING (-87.61407337127706 41.74699436978289, -87.61407337127706 41.74699436978289)"
892664c8527ffff,"H3:892664c8527ffff (suc=4, lamba_ariza=6)",19.74,"LINESTRING (-87.72823619122735 41.8884889585608, -87.72823619122735 41.8884889585608)"
892664cf46bffff,"H3:892664cf46bffff (suc=1, lamba_ariza=1)",1.08,"LINESTRING (-87.65455502884633 41.84749996501699, -87.65455502884633 41.84749996501699)"
892664d9e0fffff,"H3:892664d9e0fffff (suc=1, lamba_ariza=16)",18.39,"LINESTRING (-87.7744028622088 42.00473714425297, -87.7744028622088 42.00473714425297)"
89275936987ffff,"H3:89275936987ffff (suc=2, lamba_ariza=4)",8.94,"LINESTRING (-87.8016741919783 41.986972121090304, -87.8016741919783 41.986972121090304)"
892664c8ccbffff,"H3:892664c8ccbffff (suc=3, lamba_ariza=7)",15.56,"LINESTRING (-87.73260466152023 41.868701183228836, -87.73260466152023 41.868701183228836)"
892664cc54fffff,"H3:892664cc54fffff (suc=14, lamba_ariza=31)",60.07,"LINESTRING (-87.60227098561082 41.78422240641442, -87.60227098561082 41.78422240641442)"
89266419427ffff,"H3:89266419427ffff (suc=1, lamba_ariza=21)",19.02,"LINESTRING (-87.53671906397973 41.68748120553454, -87.53671906397973 41.68748120553454)"
892664570abffff,"H3:892664570abffff (suc=0, lamba_ariza=13)",10.75,"LINESTRING (-87.70520993896587 41.68982963393422, -87.70520993896587 41.68982963393422)"
892664d88b3ffff,"H3:892664d88b3ffff (suc=21, lamba_ariza=21)",67.04,"LINESTRING (-87.65927615364073 41.98627282723099, -87.65927615364073 41.98627282723099)"
892664cabb3ffff,"H3:892664cabb3ffff (suc=21, lamba_ariza=16)",64.42,"LINESTRING (-87.68144822874706 41.86810703616085, -87.68144822874706 41.86810703616085)"
892664cf067ffff,"H3:892664cf067ffff (suc=0, lamba_ariza=2)",1.76,"LINESTRING (-87.65596628057503 41.82543391027849, -87.65596628057503 41.82543391027849)"
89266456213ffff,"H3:89266456213ffff (suc=8, lamba_ariza=27)",43.9,"LINESTRING (-87.66090393135721 41.68277222338839, -87.66090393135721 41.68277222338839)"
892664c1e53ffff,"H3:892664c1e53ffff (suc=48, lamba_ariza=23)",87.55,"LINESTRING (-87.63659515274962 41.89935891224184, -87.63659515274962 41.89935891224184)"
892664cd4b3ffff,"H3:892664cd4b3ffff (suc=0, lamba_ariza=1)",0.45,"LINESTRING (-87.67774335144067 41.81127763848333, -87.67774335144067 41.81127763848333)"
892664d8a07ffff,"H3:892664d8a07ffff (suc=7, lamba_ariza=11)",30.97,"LINESTRING (-87.6985752133913 41.97770387127778, -87.6985752133913 41.97770387127778)"
892664cf23bffff,"H3:892664cf23bffff (suc=0, lamba_ariza=1)",0.67,"LINESTRING (-87.68002970243543 41.824596424131386, -87.68002970243543 41.824596424131386)"
892664cc13bffff,"H3:892664cc13bffff (suc=16, lamba_ariza=15)",53.95,"LINESTRING (-87.59651506638735 41.76050521214496, -87.59651506638735 41.76050521214496)"
892664d9adbffff,"H3:892664d9adbffff (suc=7, lamba_ariza=25)",39.74,"LINESTRING (-87.78954249234984 41.996999555205846, -87.78954249234984 41.996999555205846)"
8926645614fffff,"H3:8926645614fffff (suc=5, lamba_ariza=17)",31.12,"LINESTRING (-87.62449470416381 41.666351457936635, -87.62449470416381 41.666351457936635)"
892664cf25bffff,"H3:892664cf25bffff (suc=1, lamba_ariza=2)",1.44,"LINESTRING (-87.69619349044598 41.83312400816115, -87.69619349044598 41.83312400816115)"
892664ccb03ffff,"H3:892664ccb03ffff (suc=1, lamba_ariza=7)",9.07,"LINESTRING (-87.59466619774614 41.708937826203275, -87.59466619774614 41.708937826203275)"
892664ccb47ffff,"H3:892664ccb47ffff (suc=9, lamba_ariza=5)",30.87,"LINESTRING (-87.60307921153135 41.707695185570856, -87.60307921153135 41.707695185570856)"
892664d9a23ffff,"H3:892664d9a23ffff (suc=3, lamba_ariza=4)",14.72,"LINESTRING (-87.77698755308542 41.97971046170559, -87.77698755308542 41.97971046170559)"
8926641948bffff,"H3:8926641948bffff (suc=12, lamba_ariza=28)",54.87,"LINESTRING (-87.54193226184547 41.70307511644075, -87.54193226184547 41.70307511644075)"
892664d8a33ffff,"H3:892664d8a33ffff (suc=14, lamba_ariza=12)",47.37,"LINESTRING (-87.69557815749256 41.97541221741777, -87.69557815749256 41.97541221741777)"
892664cc20bffff,"H3:892664cc20bffff (suc=35, lamba_ariza=15)",76.31,"LINESTRING (-87.6528196671857 41.776743261480846, -87.6528196671857 41.776743261480846)"
892664cdcc3ffff,"H3:892664cdcc3ffff (suc=55, lamba_ariza=11)",79.98,"LINESTRING (-87.6619453345966 41.764470650673516, -87.6619453345966 41.764470650673516)"
892664c1a8fffff,"H3:892664c1a8fffff (suc=90, lamba_ariza=47)",98.01,"LINESTRING (-87.62957437716702 41.87852820516527, -87.62957437716702 41.87852820516527)"
892664cc327ffff,"H3:892664cc327ffff (suc=23, lamba_ariza=27)",72.93,"LINESTRING (-87.62003133742634 41.75157145904842, -87.62003133742634 41.75157145904842)"
892664c167bffff,"H3:892664c167bffff (suc=26, lamba_ariza=17)",70.49,"LINESTRING (-87.66932109137724 41.943737936123014, -87.66932109137724 41.943737936123014)"
89266419057ffff,"H3:89266419057ffff (suc=0, lamba_ariza=7)",5.58,"LINESTRING (-87.56021323721676 41.67856897628244, -87.56021323721676 41.67856897628244)"
89275936da3ffff,"H3:89275936da3ffff (suc=0, lamba_ariza=1)",0.19,"LINESTRING (-87.79131898467534 42.00221045340319, -87.79131898467534 42.00221045340319)"
892664d8acbffff,"H3:892664d8acbffff (suc=13, lamba_ariza=9)",42.69,"LINESTRING (-87.7105661913974 41.98687016340595, -87.7105661913974 41.98687016340595)"
892664cc2d7ffff,"H3:892664cc2d7ffff (suc=29, lamba_ariza=10)",67.53,"LINESTRING (-87.64913139345117 41.78548058694893, -87.64913139345117 41.78548058694893)"
892664cad53ffff,"H3:892664cad53ffff (suc=35, lamba_ariza=31)",85.58,"LINESTRING (-87.66615242912887 41.89497972377026, -87.66615242912887 41.89497972377026)"
892664cd827ffff,"H3:892664cd827ffff (suc=20, lamba_ariza=29)",69.61,"LINESTRING (-87.65809351700837 41.726833676452856, -87.65809351700837 41.726833676452856)"
892664cf057ffff,"H3:892664cf057ffff (suc=5, lamba_ariza=8)",23.27,"LINESTRING (-87.65947757599876 41.83584116109468, -87.65947757599876 41.83584116109468)"
892664d8e3bffff,"H3:892664d8e3bffff (suc=43, lamba_ariza=6)",72.14,"LINESTRING (-87.69118327267113 41.99522534973256, -87.69118327267113 41.99522534973256)"
892664cb1c3ffff,"H3:892664cb1c3ffff (suc=18, lamba_ariza=21)",62.15,"LINESTRING (-87.78269679355446 41.937805892085976, -87.78269679355446 41.937805892085976)"
892664cd9bbffff,"H3:892664cd9bbffff (suc=18, lamba_ariza=19)",61.17,"LINESTRING (-87.63653713920667 41.72184219937618, -87.63653713920667 41.72184219937618)"
892664ce32bffff,"H3:892664ce32bffff (suc=38, lamba_ariza=5)",69.99,"LINESTRING (-87.5804795145554 41.79836039709178, -87.5804795145554 41.79836039709178)"
892664c880fffff,"H3:892664c880fffff (suc=12, lamba_ariza=29)",55.19,"LINESTRING (-87.73344028249788 41.83851269286538, -87.73344028249788 41.83851269286538)"
892664ccd5bffff,"H3:892664ccd5bffff (suc=12, lamba_ariza=7)",39.68,"LINESTRING (-87.57095016844633 41.73698905838209, -87.57095016844633 41.73698905838209)"
892664cf6b3ffff,"H3:892664cf6b3ffff (suc=7, lamba_ariza=9)",28.46,"LINESTRING (-87.66052937725411 41.8520795338774, -87.66052937725411 41.8520795338774)"
892664ccd57ffff,"H3:892664ccd57ffff (suc=5, lamba_ariza=20)",31.95,"LINESTRING (-87.56376433728387 41.73531995368886, -87.56376433728387 41.73531995368886)"
892664ca9b3ffff,"H3:892664ca9b3ffff (suc=3, lamba_ariza=7)",14.4,"LINESTRING (-87.65191070773004 41.87248767329693, -87.65191070773004 41.87248767329693)"
892664cd42fffff,"H3:892664cd42fffff (suc=19, lamba_ariza=14)",58.91,"LINESTRING (-87.68686865318924 41.798997932955686, -87.68686865318924 41.798997932955686)"
89266457507ffff,"H3:89266457507ffff (suc=5, lamba_ariza=8)",22.86,"LINESTRING (-87.6799933789878 41.69357634897826, -87.6799933789878 41.69357634897826)"
892664570b3ffff,"H3:892664570b3ffff (suc=3, lamba_ariza=12)",20.32,"LINESTRING (-87.69978377326659 41.69336395418627, -87.69978377326659 41.69336395418627)"
892664cb4a7ffff,"H3:892664cb4a7ffff (suc=7, lamba_ariza=24)",41.12,"LINESTRING (-87.77589212799766 41.9634508530595, -87.77589212799766 41.9634508530595)"
892664ca0afffff,"H3:892664ca0afffff (suc=23, lamba_ariza=13)",63.51,"LINESTRING (-87.70858112430753 41.93517208464037, -87.70858112430753 41.93517208464037)"
892664cd313ffff,"H3:892664cd313ffff (suc=14, lamba_ariza=38)",60.48,"LINESTRING (-87.70632969792992 41.77153011401102, -87.70632969792992 41.77153011401102)"
892664cf3dbffff,"H3:892664cf3dbffff (suc=17, lamba_ariza=5)",48.65,"LINESTRING (-87.66861299362358 41.823558715162534, -87.66861299362358 41.823558715162534)"
892664d89cfffff,"H3:892664d89cfffff (suc=60, lamba_ariza=22)",89.31,"LINESTRING (-87.65698766984556 41.97292792145318, -87.65698766984556 41.97292792145318)"
892664cb53bffff,"H3:892664cb53bffff (suc=24, lamba_ariza=17)",68.53,"LINESTRING (-87.76757516786141 41.945536067247076, -87.76757516786141 41.945536067247076)"
892664c8c73ffff,"H3:892664c8c73ffff (suc=33, lamba_ariza=18)",77.17,"LINESTRING (-87.72907503350429 41.85829314213657, -87.72907503350429 41.85829314213657)"
892664cf35bffff,"H3:892664cf35bffff (suc=3, lamba_ariza=2)",9.78,"LINESTRING (-87.67528611735344 41.817105305439036, -87.67528611735344 41.817105305439036)"
892664cdab3ffff,"H3:892664cdab3ffff (suc=4, lamba_ariza=14)",25.23,"LINESTRING (-87.68263402136492 41.73410747522392, -87.68263402136492 41.73410747522392)"
892664c859bffff,"H3:892664c859bffff (suc=29, lamba_ariza=50)",83.42,"LINESTRING (-87.73230709460326 41.90702451529381, -87.73230709460326 41.90702451529381)"
892664193b7ffff,"H3:892664193b7ffff (suc=14, lamba_ariza=18)",52.97,"LINESTRING (-87.54608563644342 41.65611584879987, -87.54608563644342 41.65611584879987)"
892664cea7bffff,"H3:892664cea7bffff (suc=123, lamba_ariza=15)",87.03,"LINESTRING (-87.57843484123606 41.76590298702499, -87.57843484123606 41.76590298702499)"
892664cc07bffff,"H3:892664cc07bffff (suc=3, lamba_ariza=1)",9.53,"LINESTRING (-87.62877903356667 41.777573198437665, -87.62877903356667 41.777573198437665)"
892664c8057ffff,"H3:892664c8057ffff (suc=21, lamba_ariza=13)",61.78,"LINESTRING (-87.77274259396681 41.895525926268974, -87.77274259396681 41.895525926268974)"
892664563cbffff,"H3:892664563cbffff (suc=8, lamba_ariza=9)",31.86,"LINESTRING (-87.65022654081547 41.67072078138761, -87.65022654081547 41.67072078138761)"
892664ca483ffff,"H3:892664ca483ffff (suc=17, lamba_ariza=3)",44.9,"LINESTRING (-87.70349998183059 41.96602483437105, -87.70349998183059 41.96602483437105)"
892664d8b17ffff,"H3:892664d8b17ffff (suc=14, lamba_ariza=24)",57.51,"LINESTRING (-87.67636905133928 41.96458088851436, -87.67636905133928 41.96458088851436)"
892664190cfffff,"H3:892664190cfffff (suc=1, lamba_ariza=9)",8.46,"LINESTRING (-87.55898047732086 41.681477059553046, -87.55898047732086 41.681477059553046)"
89275936923ffff,"H3:89275936923ffff (suc=4, lamba_ariza=15)",26.74,"LINESTRING (-87.80657259497843 41.97528883940567, -87.80657259497843 41.97528883940567)"
892664c1a07ffff,"H3:892664c1a07ffff (suc=137, lamba_ariza=23)",93.21,"LINESTRING (-87.63204092683928 41.87269669538789, -87.63204092683928 41.87269669538789)"
89266456233ffff,"H3:89266456233ffff (suc=1, lamba_ariza=15)",13.69,"LINESTRING (-87.65617773275348 41.67529213733143, -87.65617773275348 41.67529213733143)"
892664ca427ffff,"H3:892664ca427ffff (suc=18, lamba_ariza=34)",68.79,"LINESTRING (-87.70243056311193 41.94976569008788, -87.70243056311193 41.94976569008788)"
892664d9967ffff,"H3:892664d9967ffff (suc=20, lamba_ariza=24)",68.55,"LINESTRING (-87.73485769782704 41.96683291176769, -87.73485769782704 41.96683291176769)"
892664c802bffff,"H3:892664c802bffff (suc=86, lamba_ariza=23)",92.27,"LINESTRING (-87.76498361244936 41.88574599925145, -87.76498361244936 41.88574599925145)"
892664d9b43ffff,"H3:892664d9b43ffff (suc=6, lamba_ariza=22)",37.32,"LINESTRING (-87.77221340032884 41.97221123189154, -87.77221340032884 41.97221123189154)"
892664ca9b7ffff,"H3:892664ca9b7ffff (suc=2, lamba_ariza=15)",19.81,"LINESTRING (-87.64892244053236 41.87019717092665, -87.64892244053236 41.87019717092665)"
89266456207ffff,"H3:89266456207ffff (suc=12, lamba_ariza=25)",53.18,"LINESTRING (-87.65915373659135 41.67757776995019, -87.65915373659135 41.67757776995019)"
892664c12a3ffff,"H3:892664c12a3ffff (suc=8, lamba_ariza=12)",32.96,"LINESTRING (-87.65682189983912 41.9264433700919, -87.65682189983912 41.9264433700919)"
892664cb497ffff,"H3:892664cb497ffff (suc=10, lamba_ariza=10)",37.99,"LINESTRING (-87.77943996224784 41.97386949887198, -87.77943996224784 41.97386949887198)"
892664c8083ffff,"H3:892664c8083ffff (suc=16, lamba_ariza=15)",55.62,"LINESTRING (-87.75885830704226 41.90033257502326, -87.75885830704226 41.90033257502326)"
892664c83bbffff,"H3:892664c83bbffff (suc=33, lamba_ariza=8)",69.23,"LINESTRING (-87.76566341783705 41.87470798040162, -87.76566341783705 41.87470798040162)"
892664cc487ffff,"H3:892664cc487ffff (suc=18, lamba_ariza=13)",56.02,"LINESTRING (-87.60083518450263 41.80627824280005, -87.60083518450263 41.80627824280005)"
892664c88b7ffff,"H3:892664c88b7ffff (suc=20, lamba_ariza=18)",63.36,"LINESTRING (-87.71657844993742 41.84102271048944, -87.71657844993742 41.84102271048944)"
892664c8517ffff,"H3:892664c8517ffff (suc=35, lamba_ariza=21)",81.02,"LINESTRING (-87.73176794582746 41.89890067536414, -87.73176794582746 41.89890067536414)"
892664cd3b3ffff,"H3:892664cd3b3ffff (suc=9, lamba_ariza=20)",43.47,"LINESTRING (-87.69492624021248 41.77049495361145, -87.69492624021248 41.77049495361145)"
892664c8c13ffff,"H3:892664c8c13ffff (suc=105, lamba_ariza=28)",94.89,"LINESTRING (-87.72240436859082 41.864752772135986, -87.72240436859082 41.864752772135986)"
892664cd613ffff,"H3:892664cd613ffff (suc=5, lamba_ariza=39)",39.65,"LINESTRING (-87.71864981093195 41.80792985922247, -87.71864981093195 41.80792985922247)"
892664ca62fffff,"H3:892664ca62fffff (suc=13, lamba_ariza=23)",55.37,"LINESTRING (-87.73623389115475 41.94473630044664, -87.73623389115475 41.94473630044664)"
892664cde47ffff,"H3:892664cde47ffff (suc=1, lamba_ariza=0)",4.31,"LINESTRING (-87.69509012229861 41.751361720739695, -87.69509012229861 41.751361720739695)"
892664cab5bffff,"H3:892664cab5bffff (suc=34, lamba_ariza=1)",63.25,"LINESTRING (-87.70852235875655 41.869551354355934, -87.70852235875655 41.869551354355934)"
892664cb49bffff,"H3:892664cb49bffff (suc=9, lamba_ariza=25)",45.89,"LINESTRING (-87.78666691323156 41.97552731557317, -87.78666691323156 41.97552731557317)"
89266452143ffff,"H3:89266452143ffff (suc=9, lamba_ariza=2)",28.99,"LINESTRING (-87.76932411837221 41.78125869200441, -87.76932411837221 41.78125869200441)"
892664c84d7ffff,"H3:892664c84d7ffff (suc=18, lamba_ariza=32)",67.9,"LINESTRING (-87.75749433669128 41.922417022720026, -87.75749433669128 41.922417022720026)"
892664cce4bffff,"H3:892664cce4bffff (suc=17, lamba_ariza=47)",68.65,"LINESTRING (-87.62249238245386 41.74574937523803, -87.62249238245386 41.74574937523803)"
892664c8ba7ffff,"H3:892664c8ba7ffff (suc=4, lamba_ariza=4)",16.64,"LINESTRING (-87.72638683136955 41.81770507279373, -87.72638683136955 41.81770507279373)"
892664ca2bbffff,"H3:892664ca2bbffff (suc=4, lamba_ariza=19)",28.12,"LINESTRING (-87.73991758390001 41.93597967964157, -87.73991758390001 41.93597967964157)"
892664576a3ffff,"H3:892664576a3ffff (suc=0, lamba_ariza=3)",1.87,"LINESTRING (-87.72186531218007 41.706446784152334, -87.72186531218007 41.706446784152334)"
892664cb1b7ffff,"H3:892664cb1b7ffff (suc=22, lamba_ariza=14)",63.6,"LINESTRING (-87.76226112693695 41.92991283353166, -87.76226112693695 41.92991283353166)"
892664cf2c7ffff,"H3:892664cf2c7ffff (suc=11, lamba_ariza=17)",45.2,"LINESTRING (-87.68354614344375 41.83500253029384, -87.68354614344375 41.83500253029384)"
892664ca103ffff,"H3:892664ca103ffff (suc=45, lamba_ariza=30)",89.55,"LINESTRING (-87.69783408505538 41.92309244567551, -87.69783408505538 41.92309244567551)"
892664c8103ffff,"H3:892664c8103ffff (suc=136, lamba_ariza=19)",90.37,"LINESTRING (-87.74457309334736 41.87785322759943, -87.74457309334736 41.87785322759943)"
892664cdbc7ffff,"H3:892664cdbc7ffff (suc=5, lamba_ariza=29)",38.25,"LINESTRING (-87.67614562877176 41.72142737988373, -87.67614562877176 41.72142737988373)"
892664c1643ffff,"H3:892664c1643ffff (suc=20, lamba_ariza=15)",62.44,"LINESTRING (-87.67108249628306 41.94894826214596, -87.67108249628306 41.94894826214596)"
892664ca957ffff,"H3:892664ca957ffff (suc=11, lamba_ariza=2)",33.34,"LINESTRING (-87.67177933279949 41.87227523743354, -87.67177933279949 41.87227523743354)"
892664c1e8bffff,"H3:892664c1e8bffff (suc=35, lamba_ariza=44)",87.92,"LINESTRING (-87.62392537433632 41.90123355463618, -87.62392537433632 41.90123355463618)"
892664cb4c3ffff,"H3:892664cb4c3ffff (suc=4, lamba_ariza=20)",30.53,"LINESTRING (-87.79511934842027 41.97426412532259, -87.79511934842027 41.97426412532259)"
892664c127bffff,"H3:892664c127bffff (suc=11, lamba_ariza=7)",35.95,"LINESTRING (-87.67794498983048 41.92331074639549, -87.67794498983048 41.92331074639549)"
892664cd287ffff,"H3:892664cd287ffff (suc=4, lamba_ariza=12)",23.5,"LINESTRING (-87.71880399596218 41.7887885083485, -87.71880399596218 41.7887885083485)"
892664cc697ffff,"H3:892664cc697ffff (suc=0, lamba_ariza=8)",6.61,"LINESTRING (-87.62910755641869 41.804829409428265, -87.62910755641869 41.804829409428265)"
89275936933ffff,"H3:89275936933ffff (suc=5, lamba_ariza=24)",34.16,"LINESTRING (-87.80534823237495 41.97820951323447, -87.80534823237495 41.97820951323447)"
892664cf30bffff,"H3:892664cf30bffff (suc=32, lamba_ariza=16)",75.85,"LINESTRING (-87.6651006540799 41.813153344524444, -87.6651006540799 41.813153344524444)"
892664c800fffff,"H3:892664c800fffff (suc=35, lamba_ariza=21)",81.39,"LINESTRING (-87.76675316928774 41.89095075323028, -87.76675316928774 41.89095075323028)"
892664ce24fffff,"H3:892664ce24fffff (suc=45, lamba_ariza=5)",71.78,"LINESTRING (-87.61451566156035 41.82064330996047, -87.61451566156035 41.82064330996047)"
892664cde23ffff,"H3:892664cde23ffff (suc=9, lamba_ariza=10)",35.35,"LINESTRING (-87.68193635660057 41.7451273382633, -87.68193635660057 41.7451273382633)"
892664c102fffff,"H3:892664c102fffff (suc=22, lamba_ariza=16)",65.53,"LINESTRING (-87.63517230703403 41.921444967901245, -87.63517230703403 41.921444967901245)"
89266452383ffff,"H3:89266452383ffff (suc=12, lamba_ariza=11)",42.65,"LINESTRING (-87.78072977322887 41.78228637999277, -87.78072977322887 41.78228637999277)"
892664ca21bffff,"H3:892664ca21bffff (suc=18, lamba_ariza=10)",53.28,"LINESTRING (-87.75136168198765 41.93701002517804, -87.75136168198765 41.93701002517804)"
892664c16d3ffff,"H3:892664c16d3ffff (suc=2, lamba_ariza=0)",5.62,"LINESTRING (-87.66315637719264 41.95833171102043, -87.66315637719264 41.95833171102043)"
892664565dbffff,"H3:892664565dbffff (suc=20, lamba_ariza=23)",67.67,"LINESTRING (-87.61097578506573 41.698345845725825, -87.61097578506573 41.698345845725825)"
892664c89d3ffff,"H3:892664c89d3ffff (suc=8, lamba_ariza=20)",41.97,"LINESTRING (-87.71481623174051 41.835819873330784, -87.71481623174051 41.835819873330784)"
892664caa43ffff,"H3:892664caa43ffff (suc=40, lamba_ariza=18)",82.13,"LINESTRING (-87.72647089926856 41.88328351271741, -87.72647089926856 41.88328351271741)"
892664d8ba3ffff,"H3:892664d8ba3ffff (suc=19, lamba_ariza=23)",65.5,"LINESTRING (-87.6691458071513 41.96291604807703, -87.6691458071513 41.96291604807703)"
892664cb2bbffff,"H3:892664cb2bbffff (suc=6, lamba_ariza=23)",38.3,"LINESTRING (-87.8200301149803 41.943167882088744, -87.8200301149803 41.943167882088744)"
892664cb46fffff,"H3:892664cb46fffff (suc=2, lamba_ariza=10)",13.81,"LINESTRING (-87.79824223148151 41.95737454441102, -87.79824223148151 41.95737454441102)"
892664cd82bffff,"H3:892664cd82bffff (suc=12, lamba_ariza=24)",52.82,"LINESTRING (-87.66527975390808 41.72849661456013, -87.66527975390808 41.72849661456013)"
892664ca90bffff,"H3:892664ca90bffff (suc=16, lamba_ariza=11)",52.36,"LINESTRING (-87.66879024117716 41.86998531141978, -87.66879024117716 41.86998531141978)"
892759369d3ffff,"H3:892759369d3ffff (suc=0, lamba_ariza=8)",6.03,"LINESTRING (-87.81490925551746 41.99320598992021, -87.81490925551746 41.99320598992021)"
8926645207bffff,"H3:8926645207bffff (suc=5, lamba_ariza=18)",32.06,"LINESTRING (-87.78847442199888 41.79205389572196, -87.78847442199888 41.79205389572196)"
892664ca4afffff,"H3:892664ca4afffff (suc=29, lamba_ariza=9)",66.03,"LINESTRING (-87.69996922333114 41.955603815302446, -87.69996922333114 41.955603815302446)"
892664ca297ffff,"H3:892664ca297ffff (suc=10, lamba_ariza=29)",51.01,"LINESTRING (-87.73746194775515 41.94181732915167, -87.73746194775515 41.94181732915167)"
892664cca8bffff,"H3:892664cca8bffff (suc=14, lamba_ariza=18)",54.1,"LINESTRING (-87.61304012131748 41.730775064458285, -87.61304012131748 41.730775064458285)"
892664c1a73ffff,"H3:892664c1a73ffff (suc=9, lamba_ariza=11)",34.87,"LINESTRING (-87.64048199984771 41.87144721979934, -87.64048199984771 41.87144721979934)"
89266419067ffff,"H3:89266419067ffff (suc=0, lamba_ariza=7)",5.55,"LINESTRING (-87.55673528093897 41.66817652338604, -87.55673528093897 41.66817652338604)"
892664cb5c3ffff,"H3:892664cb5c3ffff (suc=11, lamba_ariza=36)",53.71,"LINESTRING (-87.7741187996624 41.95824194072703, -87.7741187996624 41.95824194072703)"
892664cc90fffff,"H3:892664cc90fffff (suc=16, lamba_ariza=32)",64.33,"LINESTRING (-87.56644891713961 41.71037328854151, -87.56644891713961 41.71037328854151)"
892664ca44bffff,"H3:892664ca44bffff (suc=22, lamba_ariza=26)",72.17,"LINESTRING (-87.72586487928893 41.95996176386281, -87.72586487928893 41.95996176386281)"
892664cb66fffff,"H3:892664cb66fffff (suc=1, lamba_ariza=6)",7.08,"LINESTRING (-87.82780935173619 41.952949592287816, -87.82780935173619 41.952949592287816)"
892664cc683ffff,"H3:892664cc683ffff (suc=6, lamba_ariza=4)",23.3,"LINESTRING (-87.6333220490984 41.80420571057762, -87.6333220490984 41.80420571057762)"
892664c84dbffff,"H3:892664c84dbffff (suc=24, lamba_ariza=21)",71.61,"LINESTRING (-87.76471284378096 41.92407570385212, -87.76471284378096 41.92407570385212)"
8927593693bffff,"H3:8927593693bffff (suc=2, lamba_ariza=29)",26.56,"LINESTRING (-87.80957432272453 41.97757728511833, -87.80957432272453 41.97757728511833)"
892664c1033ffff,"H3:892664c1033ffff (suc=26, lamba_ariza=20)",73.28,"LINESTRING (-87.63270356733518 41.92728007676017, -87.63270356733518 41.92728007676017)"
892664cd317ffff,"H3:892664cd317ffff (suc=9, lamba_ariza=3)",28.14,"LINESTRING (-87.7033456609418 41.769243582470736, -87.7033456609418 41.769243582470736)"
892664523d7ffff,"H3:892664523d7ffff (suc=4, lamba_ariza=9)",19.75,"LINESTRING (-87.78792683447644 41.7839420318272, -87.78792683447644 41.7839420318272)"
892664cab2bffff,"H3:892664cab2bffff (suc=11, lamba_ariza=13)",41.61,"LINESTRING (-87.69357277997398 41.85810701725234, -87.69357277997398 41.85810701725234)"
892664cc50fffff,"H3:892664cc50fffff (suc=28, lamba_ariza=3)",60.74,"LINESTRING (-87.5908638049489 41.78317684013911, -87.5908638049489 41.78317684013911)"
892664cdb23ffff,"H3:892664cdb23ffff (suc=6, lamba_ariza=8)",26.1,"LINESTRING (-87.66966068700523 41.70874866131059, -87.66966068700523 41.70874866131059)"
892664cc147ffff,"H3:892664cc147ffff (suc=25, lamba_ariza=15)",67.14,"LINESTRING (-87.6066848002133 41.764461713988965, -87.6066848002133 41.764461713988965)"
892664cdd0fffff,"H3:892664cdd0fffff (suc=19, lamba_ariza=42)",71.83,"LINESTRING (-87.63757836693475 41.7380590822176, -87.63757836693475 41.7380590822176)"
892664ca027ffff,"H3:892664ca027ffff (suc=32, lamba_ariza=27)",81.79,"LINESTRING (-87.71104023410909 41.92933532579886, -87.71104023410909 41.92933532579886)"
8926645640fffff,"H3:8926645640fffff (suc=6, lamba_ariza=27)",39.48,"LINESTRING (-87.62533808893129 41.70167670029191, -87.62533808893129 41.70167670029191)"
892664cc33bffff,"H3:892664cc33bffff (suc=48, lamba_ariza=16)",82.97,"LINESTRING (-87.62599039511983 41.756148426228584, -87.62599039511983 41.756148426228584)"
892664ca313ffff,"H3:892664ca313ffff (suc=15, lamba_ariza=24)",60.24,"LINESTRING (-87.72616814097734 41.92161382772351, -87.72616814097734 41.92161382772351)"
892664cb627ffff,"H3:892664cb627ffff (suc=0, lamba_ariza=10)",8.34,"LINESTRING (-87.81213820705375 41.95255911148706, -87.81213820705375 41.95255911148706)"
89275936d37ffff,"H3:89275936d37ffff (suc=5, lamba_ariza=18)",30.77,"LINESTRING (-87.79377068743332 41.996367653562, -87.79377068743332 41.996367653562)"
89266452173ffff,"H3:89266452173ffff (suc=24, lamba_ariza=13)",64.39,"LINESTRING (-87.76334977128064 41.77668875396289, -87.76334977128064 41.77668875396289)"
892664c136fffff,"H3:892664c136fffff (suc=7, lamba_ariza=10)",28.69,"LINESTRING (-87.65524387600898 41.902065229166034, -87.65524387600898 41.902065229166034)"
892664cd89bffff,"H3:892664cd89bffff (suc=49, lamba_ariza=21)",86.82,"LINESTRING (-87.66212284888242 41.745338077307025, -87.66212284888242 41.745338077307025)"
892664cea03ffff,"H3:892664cea03ffff (suc=62, lamba_ariza=3)",73.82,"LINESTRING (-87.568775587207 41.77005674757695, -87.568775587207 41.77005674757695)"
892664d9923ffff,"H3:892664d9923ffff (suc=49, lamba_ariza=67)",94.3,"LINESTRING (-87.72640370974894 41.96809158586813, -87.72640370974894 41.96809158586813)"
892664cacc7ffff,"H3:892664cacc7ffff (suc=40, lamba_ariza=14)",78.46,"LINESTRING (-87.67864631018296 41.91226705343562, -87.67864631018296 41.91226705343562)"
892664ccacfffff,"H3:892664ccacfffff (suc=5, lamba_ariza=17)",31.46,"LINESTRING (-87.62145623079718 41.72953055633267, -87.62145623079718 41.72953055633267)"
892664ccd33ffff,"H3:892664ccd33ffff (suc=48, lamba_ariza=38)",92.29,"LINESTRING (-87.55062858808303 41.729070543973876, -87.55062858808303 41.729070543973876)"
892664ca627ffff,"H3:892664ca627ffff (suc=13, lamba_ariza=33)",58.48,"LINESTRING (-87.73200903308069 41.94536547672265, -87.73200903308069 41.94536547672265)"
89275936ba7ffff,"H3:89275936ba7ffff (suc=0, lamba_ariza=9)",6.96,"LINESTRING (-87.82647707912132 41.97504693752693, -87.82647707912132 41.97504693752693)"
892664d9d7bffff,"H3:892664d9d7bffff (suc=2, lamba_ariza=7)",11.79,"LINESTRING (-87.73225060611985 41.99185607059011, -87.73225060611985 41.99185607059011)"
892664cf12fffff,"H3:892664cf12fffff (suc=10, lamba_ariza=13)",40.03,"LINESTRING (-87.62787597715631 41.80774261417909, -87.62787597715631 41.80774261417909)"
892664ca95bffff,"H3:892664ca95bffff (suc=39, lamba_ariza=5)",70.36,"LINESTRING (-87.67898846106843 41.873938910847414, -87.67898846106843 41.873938910847414)"
892664cd5a3ffff,"H3:892664cd5a3ffff (suc=29, lamba_ariza=8)",65.19,"LINESTRING (-87.65808062468517 41.79234592199734, -87.65808062468517 41.79234592199734)"
892664ca6d3ffff,"H3:892664ca6d3ffff (suc=10, lamba_ariza=16)",41.92,"LINESTRING (-87.74331104726889 41.965573662864664, -87.74331104726889 41.965573662864664)"
892664cc24bffff,"H3:892664cc24bffff (suc=70, lamba_ariza=13)",83.49,"LINESTRING (-87.6642249129679 41.77778262976799, -87.6642249129679 41.77778262976799)"
892664c8b1bffff,"H3:892664c8b1bffff (suc=1, lamba_ariza=0)",1.07,"LINESTRING (-87.74377938693495 41.82331040876679, -87.74377938693495 41.82331040876679)"
892664c121bffff,"H3:892664c121bffff (suc=16, lamba_ariza=10)",49.55,"LINESTRING (-87.67125692252695 41.92977339635251, -87.67125692252695 41.92977339635251)"
892664cd1c7ffff,"H3:892664cd1c7ffff (suc=5, lamba_ariza=2)",18.14,"LINESTRING (-87.67984135901004 41.778195822510256, -87.67984135901004 41.778195822510256)"
892664d9d27ffff,"H3:892664d9d27ffff (suc=10, lamba_ariza=18)",44.84,"LINESTRING (-87.71479536752983 41.98624122756607, -87.71479536752983 41.98624122756607)"
892664cdccbffff,"H3:892664cdccbffff (suc=13, lamba_ariza=32)",56.74,"LINESTRING (-87.66615536578779 41.76384629159119, -87.66615536578779 41.76384629159119)"
892664ca167ffff,"H3:892664ca167ffff (suc=19, lamba_ariza=10)",55.98,"LINESTRING (-87.70152368164715 41.91433900177103, -87.70152368164715 41.91433900177103)"
892664ccc6bffff,"H3:892664ccc6bffff (suc=14, lamba_ariza=14)",49.66,"LINESTRING (-87.588300211027 41.74261516049455, -87.588300211027 41.74261516049455)"
892664cb16bffff,"H3:892664cb16bffff (suc=19, lamba_ariza=2)",48.79,"LINESTRING (-87.78881917209924 41.92321164903137, -87.78881917209924 41.92321164903137)"
892664d8b83ffff,"H3:892664d8b83ffff (suc=9, lamba_ariza=7)",32.66,"LINESTRING (-87.67390346558321 41.97041972269318, -87.67390346558321 41.97041972269318)"
892664cb14bffff,"H3:892664cb14bffff (suc=24, lamba_ariza=26)",73.1,"LINESTRING (-87.79359075702888 41.93070593711139, -87.79359075702888 41.93070593711139)"
89266452177ffff,"H3:89266452177ffff (suc=2, lamba_ariza=2)",9.27,"LINESTRING (-87.7603630071075 41.77440373781538, -87.7603630071075 41.77440373781538)"
892664d986bffff,"H3:892664d986bffff (suc=1, lamba_ariza=2)",5.28,"LINESTRING (-87.76307851150779 41.984523896089186, -87.76307851150779 41.984523896089186)"
892664ca3b3ffff,"H3:892664ca3b3ffff (suc=20, lamba_ariza=11)",58.07,"LINESTRING (-87.71472770525956 41.920580920043065, -87.71472770525956 41.920580920043065)"
892664caa2bffff,"H3:892664caa2bffff (suc=32, lamba_ariza=21)",79.46,"LINESTRING (-87.71450410891268 41.874128867557516, -87.71450410891268 41.874128867557516)"
89275936d23ffff,"H3:89275936d23ffff (suc=2, lamba_ariza=16)",19.52,"LINESTRING (-87.79799872207712 41.99573560819853, -87.79799872207712 41.99573560819853)"
892664cacdbffff,"H3:892664cacdbffff (suc=20, lamba_ariza=10)",56.57,"LINESTRING (-87.68463107489393 41.916848315010434, -87.68463107489393 41.916848315010434)"
892664c8933ffff,"H3:892664c8933ffff (suc=10, lamba_ariza=7)",34.0,"LINESTRING (-87.70531778443176 41.820839646465345, -87.70531778443176 41.820839646465345)"
892664c817bffff,"H3:892664c817bffff (suc=30, lamba_ariza=21)",77.94,"LINESTRING (-87.75423483651241 41.8736789542912, -87.75423483651241 41.8736789542912)"
892664d8967ffff,"H3:892664d8967ffff (suc=24, lamba_ariza=39)",77.16,"LINESTRING (-87.65470049597026 41.95958501933384, -87.65470049597026 41.95958501933384)"
892664cd2dbffff,"H3:892664cd2dbffff (suc=7, lamba_ariza=18)",36.28,"LINESTRING (-87.73618508397158 41.79439371494222, -87.73618508397158 41.79439371494222)"
89266456227ffff,"H3:89266456227ffff (suc=4, lamba_ariza=17)",26.42,"LINESTRING (-87.65442833054084 41.670098036919185, -87.65442833054084 41.670098036919185)"
892664cd033ffff,"H3:892664cd033ffff (suc=19, lamba_ariza=9)",53.91,"LINESTRING (-87.69300432007054 41.7844324091635, -87.69300432007054 41.7844324091635)"
892664cc467ffff,"H3:892664cc467ffff (suc=31, lamba_ariza=7)",66.7,"LINESTRING (-87.6141956164337 41.79338138196686, -87.6141956164337 41.79338138196686)"
892664cacafffff,"H3:892664cacafffff (suc=72, lamba_ariza=34)",95.12,"LINESTRING (-87.666680076728 41.90310414892928, -87.666680076728 41.90310414892928)"
892664571bbffff,"H3:892664571bbffff (suc=2, lamba_ariza=13)",19.7,"LINESTRING (-87.68314011855315 41.676745525935736, -87.68314011855315 41.676745525935736)"
892664521dbffff,"H3:892664521dbffff (suc=5, lamba_ariza=19)",31.08,"LINESTRING (-87.76565857178342 41.789998963232, -87.76565857178342 41.789998963232)"
892664cd413ffff,"H3:892664cd413ffff (suc=23, lamba_ariza=39)",76.59,"LINESTRING (-87.68915697397038 41.8123144523025, -87.68915697397038 41.8123144523025)"
892664d83a3ffff,"H3:892664d83a3ffff (suc=2, lamba_ariza=12)",17.32,"LINESTRING (-87.70248075528707 42.015449889788535, -87.70248075528707 42.015449889788535)"
892664ca1d3ffff,"H3:892664ca1d3ffff (suc=22, lamba_ariza=29)",73.05,"LINESTRING (-87.70136189452374 41.93350965096024, -87.70136189452374 41.93350965096024)"
892664d8e67ffff,"H3:892664d8e67ffff (suc=28, lamba_ariza=8)",64.31,"LINESTRING (-87.6966457735263 41.99167650694098, -87.6966457735263 41.99167650694098)"
8926645642bffff,"H3:8926645642bffff (suc=26, lamba_ariza=46)",80.06,"LINESTRING (-87.62359101814715 41.696480329355964, -87.62359101814715 41.696480329355964)"
89275936937ffff,"H3:89275936937ffff (suc=2, lamba_ariza=20)",25.12,"LINESTRING (-87.80234664138175 41.975920930456844, -87.80234664138175 41.975920930456844)"
892664ca48fffff,"H3:892664ca48fffff (suc=19, lamba_ariza=4)",50.14,"LINESTRING (-87.70473077520916 41.96310531886778, -87.70473077520916 41.96310531886778)"
892664c8b6fffff,"H3:892664c8b6fffff (suc=13, lamba_ariza=23)",54.31,"LINESTRING (-87.748675774268 41.81165263721027, -87.748675774268 41.81165263721027)"
892664d99c3ffff,"H3:892664d99c3ffff (suc=0, lamba_ariza=3)",2.33,"LINESTRING (-87.73593885349506 41.98309439012666, -87.73593885349506 41.98309439012666)"
892664d8a03ffff,"H3:892664d8a03ffff (suc=3, lamba_ariza=15)",23.62,"LINESTRING (-87.70157254470959 41.97999549283604, -87.70157254470959 41.97999549283604)"
892664caa37ffff,"H3:892664caa37ffff (suc=13, lamba_ariza=7)",40.91,"LINESTRING (-87.70606609713737 41.87538371618124, -87.70606609713737 41.87538371618124)"
892664cb2d7ffff,"H3:892664cb2d7ffff (suc=4, lamba_ariza=16)",26.91,"LINESTRING (-87.82903155486954 41.95002968190919, -87.82903155486954 41.95002968190919)"
892664ceacfffff,"H3:892664ceacfffff (suc=22, lamba_ariza=15)",63.92,"LINESTRING (-87.57473270387374 41.77463753784651, -87.57473270387374 41.77463753784651)"
892664caad3ffff,"H3:892664caad3ffff (suc=48, lamba_ariza=12)",78.97,"LINESTRING (-87.71856837488079 41.89266210634707, -87.71856837488079 41.89266210634707)"
89266456293ffff,"H3:89266456293ffff (suc=15, lamba_ariza=9)",46.51,"LINESTRING (-87.65424792307697 41.68921334485491, -87.65424792307697 41.68921334485491)"
892664cc523ffff,"H3:892664cc523ffff (suc=21, lamba_ariza=2)",51.68,"LINESTRING (-87.58490422668575 41.77859656477783, -87.58490422668575 41.77859656477783)"
892664caccfffff,"H3:892664caccfffff (suc=33, lamba_ariza=15)",75.33,"LINESTRING (-87.68286942504353 41.91164021330672, -87.68286942504353 41.91164021330672)"
892664cc223ffff,"H3:892664cc223ffff (suc=16, lamba_ariza=28)",63.34,"LINESTRING (-87.64387411917595 41.769878592925245, -87.64387411917595 41.769878592925245)"
892664ccc33ffff,"H3:892664ccc33ffff (suc=18, lamba_ariza=70)",70.26,"LINESTRING (-87.57145944660078 41.74509953250856, -87.57145944660078 41.74509953250856)"
89266457563ffff,"H3:89266457563ffff (suc=0, lamba_ariza=2)",1.37,"LINESTRING (-87.68962405048855 41.689418615991364, -87.68962405048855 41.689418615991364)"
892664ccba3ffff,"H3:892664ccba3ffff (suc=4, lamba_ariza=9)",19.61,"LINESTRING (-87.58327752449487 41.70789139489276, -87.58327752449487 41.70789139489276)"
892664cb02fffff,"H3:892664cb02fffff (suc=13, lamba_ariza=26)",55.01,"LINESTRING (-87.79536513784431 41.93591276969076, -87.79536513784431 41.93591276969076)"
89275934d8bffff,"H3:89275934d8bffff (suc=0, lamba_ariza=4)",3.56,"LINESTRING (-87.8470418557505 41.96375239509282, -87.8470418557505 41.96375239509282)"
892664d9917ffff,"H3:892664d9917ffff (suc=20, lamba_ariza=2)",50.0,"LINESTRING (-87.7269427293516 41.976222183545545, -87.7269427293516 41.976222183545545)"
892664d8a13ffff,"H3:892664d8a13ffff (suc=8, lamba_ariza=2)",26.7,"LINESTRING (-87.70034109135005 41.98291560022976, -87.70034109135005 41.98291560022976)"
892664cadb3ffff,"H3:892664cadb3ffff (suc=14, lamba_ariza=5)",42.07,"LINESTRING (-87.64328423633799 41.89290060065814, -87.64328423633799 41.89290060065814)"
892664c86b7ffff,"H3:892664c86b7ffff (suc=31, lamba_ariza=9)",68.47,"LINESTRING (-87.77083935929625 41.909484591929065, -87.77083935929625 41.909484591929065)"
89275936d43ffff,"H3:89275936d43ffff (suc=3, lamba_ariza=20)",27.55,"LINESTRING (-87.81423958530675 42.004259373331415, -87.81423958530675 42.004259373331415)"
892664cd8b3ffff,"H3:892664cd8b3ffff (suc=18, lamba_ariza=20)",62.06,"LINESTRING (-87.65318219801028 41.73847646472448, -87.65318219801028 41.73847646472448)"
892664cb313ffff,"H3:892664cb313ffff (suc=2, lamba_ariza=11)",14.89,"LINESTRING (-87.80625636156479 41.92881191656325, -87.80625636156479 41.92881191656325)"
892664d9b6fffff,"H3:892664d9b6fffff (suc=15, lamba_ariza=30)",62.42,"LINESTRING (-87.76866726082164 41.96179246882073, -87.76866726082164 41.96179246882073)"
892664ca33bffff,"H3:892664ca33bffff (suc=30, lamba_ariza=7)",65.72,"LINESTRING (-87.72562989375658 41.91348848733345, -87.72562989375658 41.91348848733345)"
892664d9d63ffff,"H3:892664d9d63ffff (suc=3, lamba_ariza=12)",20.11,"LINESTRING (-87.72925120890751 41.98956505430994, -87.72925120890751 41.98956505430994)"
892664cd233ffff,"H3:892664cd233ffff (suc=12, lamba_ariza=24)",52.65,"LINESTRING (-87.72247873138971 41.780049350463315, -87.72247873138971 41.780049350463315)"
892664c1b03ffff,"H3:892664c1b03ffff (suc=8, lamba_ariza=5)",28.36,"LINESTRING (-87.61412038882004 41.85894975595497, -87.61412038882004 41.85894975595497)"
89266456553ffff,"H3:89266456553ffff (suc=36, lamba_ariza=23)",82.49,"LINESTRING (-87.61343519431125 41.69252779952604, -87.61343519431125 41.69252779952604)"
892664d817bffff,"H3:892664d817bffff (suc=7, lamba_ariza=21)",38.63,"LINESTRING (-87.69401629352662 42.01670747552004, -87.69401629352662 42.01670747552004)"
892664cc57bffff,"H3:892664cc57bffff (suc=19, lamba_ariza=3)",50.08,"LINESTRING (-87.5992905112215 41.78193258588298, -87.5992905112215 41.78193258588298)"
892664c8d03ffff,"H3:892664c8d03ffff (suc=33, lamba_ariza=10)",70.99,"LINESTRING (-87.70270276292618 41.84581884966664, -87.70270276292618 41.84581884966664)"
892664c1277ffff,"H3:892664c1277ffff (suc=9, lamba_ariza=4)",29.5,"LINESTRING (-87.67072817072481 41.921646461174866, -87.67072817072481 41.921646461174866)"
892664cc9bbffff,"H3:892664cc9bbffff (suc=1, lamba_ariza=5)",6.79,"LINESTRING (-87.5567998917385 41.71452266313838, -87.5567998917385 41.71452266313838)"
892664c1307ffff,"H3:892664c1307ffff (suc=4, lamba_ariza=10)",21.19,"LINESTRING (-87.64433168180581 41.90915049396836, -87.64433168180581 41.90915049396836)"
892664cab03ffff,"H3:892664cab03ffff (suc=45, lamba_ariza=23)",87.03,"LINESTRING (-87.69410479019831 41.866227472437195, -87.69410479019831 41.866227472437195)"
892664c8553ffff,"H3:892664c8553ffff (suc=19, lamba_ariza=25)",66.55,"LINESTRING (-87.74619707483649 41.90222040497725, -87.74619707483649 41.90222040497725)"
892664ca6c3ffff,"H3:892664ca6c3ffff (suc=6, lamba_ariza=8)",25.34,"LINESTRING (-87.7445391890452 41.96265388322333, -87.7445391890452 41.96265388322333)"
89266452543ffff,"H3:89266452543ffff (suc=0, lamba_ariza=1)",0.34,"LINESTRING (-87.76076896746339 41.80165403479923, -87.76076896746339 41.80165403479923)"
892664cd39bffff,"H3:892664cd39bffff (suc=93, lamba_ariza=13)",84.74,"LINESTRING (-87.70387835078111 41.77735527008985, -87.70387835078111 41.77735527008985)"
892664cb467ffff,"H3:892664cb467ffff (suc=1, lamba_ariza=7)",8.96,"LINESTRING (-87.79401771601546 41.95800610688613, -87.79401771601546 41.95800610688613)"
892664c1647ffff,"H3:892664c1647ffff (suc=20, lamba_ariza=15)",61.2,"LINESTRING (-87.66808846781404 41.94665649617317, -87.66808846781404 41.94665649617317)"
892664ccd03ffff,"H3:892664ccd03ffff (suc=16, lamba_ariza=28)",62.65,"LINESTRING (-87.55657889787028 41.733650405566905, -87.55657889787028 41.733650405566905)"
892664c1223ffff,"H3:892664c1223ffff (suc=8, lamba_ariza=13)",36.56,"LINESTRING (-87.66351174320144 41.91998172757244, -87.66351174320144 41.91998172757244)"
892664cea4fffff,"H3:892664cea4fffff (suc=42, lamba_ariza=13)",78.25,"LINESTRING (-87.58141340309069 41.76819302113674, -87.58141340309069 41.76819302113674)"
892664c169bffff,"H3:892664c169bffff (suc=19, lamba_ariza=27)",68.55,"LINESTRING (-87.65593435200117 41.95666608394273, -87.65593435200117 41.95666608394273)"
892664ccd87ffff,"H3:892664ccd87ffff (suc=37, lamba_ariza=32)",86.95,"LINESTRING (-87.54692389784366 41.7378004482027, -87.54692389784366 41.7378004482027)"
892664cd437ffff,"H3:892664cd437ffff (suc=12, lamba_ariza=16)",47.38,"LINESTRING (-87.68142801315341 41.80253687318237, -87.68142801315341 41.80253687318237)"
892664d980bffff,"H3:892664d980bffff (suc=3, lamba_ariza=9)",16.65,"LINESTRING (-87.75639491692066 41.990996039092146, -87.75639491692066 41.990996039092146)"
892664cd017ffff,"H3:892664cd017ffff (suc=10, lamba_ariza=43)",52.98,"LINESTRING (-87.69476222237937 41.78963261376667, -87.69476222237937 41.78963261376667)"
892664cc883ffff,"H3:892664cc883ffff (suc=12, lamba_ariza=14)",45.18,"LINESTRING (-87.57936941210572 41.73574739964186, -87.57936941210572 41.73574739964186)"
892664c8c23ffff,"H3:892664c8c23ffff (suc=36, lamba_ariza=45)",88.28,"LINESTRING (-87.71887725014061 41.854344763130996, -87.71887725014061 41.854344763130996)"
892664cf4b7ffff,"H3:892664cf4b7ffff (suc=30, lamba_ariza=31)",81.69,"LINESTRING (-87.62801224752971 41.854162777051684, -87.62801224752971 41.854162777051684)"
892664cea57ffff,"H3:892664cea57ffff (suc=91, lamba_ariza=25)",93.55,"LINESTRING (-87.57596690877145 41.77172592302177, -87.57596690877145 41.77172592302177)"
89266456167ffff,"H3:89266456167ffff (suc=11, lamba_ariza=6)",35.54,"LINESTRING (-87.61557404100843 41.65949230497566, -87.61557404100843 41.65949230497566)"
892664cd66fffff,"H3:892664cd66fffff (suc=8, lamba_ariza=23)",42.8,"LINESTRING (-87.72776266054659 41.79564807649638, -87.72776266054659 41.79564807649638)"
892664cc28bffff,"H3:892664cc28bffff (suc=19, lamba_ariza=8)",54.04,"LINESTRING (-87.64614886286444 41.78319208014159, -87.64614886286444 41.78319208014159)"
892664ca92fffff,"H3:892664ca92fffff (suc=35, lamba_ariza=18)",79.25,"LINESTRING (-87.66105555413235 41.86019988901572, -87.66105555413235 41.86019988901572)"
89266419033ffff,"H3:89266419033ffff (suc=0, lamba_ariza=1)",0.84,"LINESTRING (-87.5470939485944 41.67232251508151, -87.5470939485944 41.67232251508151)"
892664cd4dbffff,"H3:892664cd4dbffff (suc=21, lamba_ariza=34)",72.85,"LINESTRING (-87.69811645805929 41.81917825982618, -87.69811645805929 41.81917825982618)"
892664ca147ffff,"H3:892664ca147ffff (suc=11, lamba_ariza=30)",53.4,"LINESTRING (-87.70628121329595 41.92183696979792, -87.70628121329595 41.92183696979792)"
892664cc31bffff,"H3:892664cc31bffff (suc=38, lamba_ariza=19)",81.97,"LINESTRING (-87.63072032700275 41.76363688018168, -87.63072032700275 41.76363688018168)"
892664d8a2bffff,"H3:892664d8a2bffff (suc=14, lamba_ariza=11)",47.87,"LINESTRING (-87.70103791665566 41.9718641578745, -87.70103791665566 41.9718641578745)"
8926641b643ffff,"H3:8926641b643ffff (suc=1, lamba_ariza=0)",3.19,"LINESTRING (-87.53850274041257 41.739039839560945, -87.53850274041257 41.739039839560945)"
892664cd22bffff,"H3:892664cd22bffff (suc=13, lamba_ariza=7)",40.66,"LINESTRING (-87.72791302992081 41.77650976691389, -87.72791302992081 41.77650976691389)"
892664d9bcfffff,"H3:892664d9bcfffff (suc=18, lamba_ariza=10)",54.81,"LINESTRING (-87.76676003857831 41.97576236540192, -87.76676003857831 41.97576236540192)"
892664ca4d3ffff,"H3:892664ca4d3ffff (suc=27, lamba_ariza=20)",73.7,"LINESTRING (-87.71372153083587 41.96997851894028, -87.71372153083587 41.96997851894028)"
892664c10bbffff,"H3:892664c10bbffff (suc=0, lamba_ariza=2)",1.85,"LINESTRING (-87.63023418863423 41.93311557543603, -87.63023418863423 41.93311557543603)"
892664cab53ffff,"H3:892664cab53ffff (suc=25, lamba_ariza=9)",61.71,"LINESTRING (-87.70430370641508 41.87017857754041, -87.70430370641508 41.87017857754041)"
892664cae4fffff,"H3:892664cae4fffff (suc=57, lamba_ariza=11)",80.05,"LINESTRING (-87.71910514673938 41.900785537919205, -87.71910514673938 41.900785537919205)"
892664565c3ffff,"H3:892664565c3ffff (suc=2, lamba_ariza=15)",20.05,"LINESTRING (-87.60800047147552 41.696058334858556, -87.60800047147552 41.696058334858556)"
892664c8c77ffff,"H3:892664c8c77ffff (suc=45, lamba_ariza=31)",89.97,"LINESTRING (-87.72608443304406 41.856005197107216, -87.72608443304406 41.856005197107216)"
892664cb123ffff,"H3:892664cb123ffff (suc=12, lamba_ariza=26)",53.79,"LINESTRING (-87.7731569255984 41.92281540689637, -87.7731569255984 41.92281540689637)"
892664c166fffff,"H3:892664c166fffff (suc=24, lamba_ariza=15)",67.0,"LINESTRING (-87.66756007631761 41.93852788494905, -87.66756007631761 41.93852788494905)"
89266456e8fffff,"H3:89266456e8fffff (suc=6, lamba_ariza=7)",23.44,"LINESTRING (-87.61505804103287 41.65139081927556, -87.61505804103287 41.65139081927556)"
89275936b23ffff,"H3:89275936b23ffff (suc=0, lamba_ariza=3)",2.45,"LINESTRING (-87.83614977638578 41.97086018439734, -87.83614977638578 41.97086018439734)"
892664cd627ffff,"H3:892664cd627ffff (suc=5, lamba_ariza=11)",24.84,"LINESTRING (-87.71214175227594 41.79524165070347, -87.71214175227594 41.79524165070347)"
892664c8d13ffff,"H3:892664c8d13ffff (suc=39, lamba_ariza=163)",91.02,"LINESTRING (-87.70147495726783 41.84873407346121, -87.70147495726783 41.84873407346121)"
892664c8037ffff,"H3:892664c8037ffff (suc=47, lamba_ariza=28)",89.82,"LINESTRING (-87.75654591144642 41.88700476112619, -87.75654591144642 41.88700476112619)"
892664ca9d7ffff,"H3:892664ca9d7ffff (suc=37, lamba_ariza=21)",82.41,"LINESTRING (-87.66509768848384 41.87873320746964, -87.66509768848384 41.87873320746964)"
892664d813bffff,"H3:892664d813bffff (suc=20, lamba_ariza=9)",55.09,"LINESTRING (-87.6825520722269 42.015671504233154, -87.6825520722269 42.015671504233154)"
89266452547ffff,"H3:89266452547ffff (suc=4, lamba_ariza=1)",13.8,"LINESTRING (-87.75778069843483 41.79936834941331, -87.75778069843483 41.79936834941331)"
892664cae2bffff,"H3:892664cae2bffff (suc=102, lamba_ariza=7)",79.68,"LINESTRING (-87.70590633291371 41.89454531082444, -87.70590633291371 41.89454531082444)"
892664c8497ffff,"H3:892664c8497ffff (suc=18, lamba_ariza=22)",64.37,"LINESTRING (-87.74605389282398 41.92138726616839, -87.74605389282398 41.92138726616839)"
892664d81afffff,"H3:892664d81afffff (suc=25, lamba_ariza=13)",65.77,"LINESTRING (-87.67408661039548 42.01692766230196, -87.67408661039548 42.01692766230196)"
892664cb587ffff,"H3:892664cb587ffff (suc=7, lamba_ariza=14)",33.28,"LINESTRING (-87.75967114866694 41.95492460542673, -87.75967114866694 41.95492460542673)"
892664cf417ffff,"H3:892664cf417ffff (suc=7, lamba_ariza=4)",25.43,"LINESTRING (-87.63943675172133 41.85520451029336, -87.63943675172133 41.85520451029336)"
892664564cbffff,"H3:892664564cbffff (suc=11, lamba_ariza=39)",54.12,"LINESTRING (-87.63303944111459 41.71144776800246, -87.63303944111459 41.71144776800246)"
892664c8523ffff,"H3:892664c8523ffff (suc=0, lamba_ariza=1)",0.54,"LINESTRING (-87.73122898595422 41.89077761290661, -87.73122898595422 41.89077761290661)"
892664caa87ffff,"H3:892664caa87ffff (suc=32, lamba_ariza=13)",72.2,"LINESTRING (-87.70537193691611 41.88642228837851, -87.70537193691611 41.88642228837851)"
892664cc517ffff,"H3:892664cc517ffff (suc=6, lamba_ariza=10)",26.15,"LINESTRING (-87.58541639431057 41.78671088615295, -87.58541639431057 41.78671088615295)"
892664cdb73ffff,"H3:892664cdb73ffff (suc=5, lamba_ariza=17)",30.87,"LINESTRING (-87.67982345627688 41.71269653611061, -87.67982345627688 41.71269653611061)"
892664cdc87ffff,"H3:892664cdc87ffff (suc=21, lamba_ariza=33)",72.19,"LINESTRING (-87.64756218984083 41.76114309449878, -87.64756218984083 41.76114309449878)"
892664ca5d7ffff,"H3:892664ca5d7ffff (suc=5, lamba_ariza=9)",23.32,"LINESTRING (-87.68975168688083 41.95164934092525, -87.68975168688083 41.95164934092525)"
892664cb577ffff,"H3:892664cb577ffff (suc=11, lamba_ariza=9)",39.3,"LINESTRING (-87.7717991823973 41.94490561297943, -87.7717991823973 41.94490561297943)"
892664c114fffff,"H3:892664c114fffff (suc=11, lamba_ariza=7)",36.17,"LINESTRING (-87.63042552845573 41.91394344267164, -87.63042552845573 41.91394344267164)"
892664575d7ffff,"H3:892664575d7ffff (suc=2, lamba_ariza=15)",20.66,"LINESTRING (-87.6834998626091 41.703966577796045, -87.6834998626091 41.703966577796045)"
892664cc10fffff,"H3:892664cc10fffff (suc=31, lamba_ariza=6)",65.7,"LINESTRING (-87.59949404318242 41.762794598949014, -87.59949404318242 41.762794598949014)"
892664ca393ffff,"H3:892664ca393ffff (suc=14, lamba_ariza=18)",53.27,"LINESTRING (-87.71948786852386 41.928078743363066, -87.71948786852386 41.928078743363066)"
89266419697ffff,"H3:89266419697ffff (suc=25, lamba_ariza=13)",66.68,"LINESTRING (-87.56296722349981 41.6999772332728, -87.56296722349981 41.6999772332728)"
89266452d4fffff,"H3:89266452d4fffff (suc=5, lamba_ariza=22)",35.03,"LINESTRING (-87.72875005480455 41.74635473381561, -87.72875005480455 41.74635473381561)"
892664ca42fffff,"H3:892664ca42fffff (suc=11, lamba_ariza=12)",41.95,"LINESTRING (-87.70665653678998 41.94913751908284, -87.70665653678998 41.94913751908284)"
892664cb593ffff,"H3:892664cb593ffff (suc=13, lamba_ariza=12)",44.85,"LINESTRING (-87.76144278284423 41.960133634648905, -87.76144278284423 41.960133634648905)"
892664c84b3ffff,"H3:892664c84b3ffff (suc=21, lamba_ariza=10)",59.02,"LINESTRING (-87.74428541219052 41.916180228747045, -87.74428541219052 41.916180228747045)"
892664cd97bffff,"H3:892664cd97bffff (suc=14, lamba_ariza=19)",54.71,"LINESTRING (-87.65459078615169 41.716439570094956, -87.65459078615169 41.716439570094956)"
892664cc10bffff,"H3:892664cc10bffff (suc=18, lamba_ariza=24)",64.4,"LINESTRING (-87.60247329303468 41.76508395526905, -87.60247329303468 41.76508395526905)"
892664cc62bffff,"H3:892664cc62bffff (suc=1, lamba_ariza=5)",6.41,"LINESTRING (-87.63947608760664 41.78964112068127, -87.63947608760664 41.78964112068127)"
892664cd497ffff,"H3:892664cd497ffff (suc=0, lamba_ariza=2)",1.69,"LINESTRING (-87.67950062397082 41.81647979811291, -87.67950062397082 41.81647979811291)"
892664ccac7ffff,"H3:892664ccac7ffff (suc=2, lamba_ariza=13)",18.22,"LINESTRING (-87.61724825450347 41.73015288158472, -87.61724825450347 41.73015288158472)"
892664cd323ffff,"H3:892664cd323ffff (suc=14, lamba_ariza=25)",58.41,"LINESTRING (-87.70281315723072 41.7611326758793, -87.70281315723072 41.7611326758793)"
892664c16cfffff,"H3:892664c16cfffff (suc=13, lamba_ariza=14)",47.8,"LINESTRING (-87.6656227418368 41.95249390869628, -87.6656227418368 41.95249390869628)"
892664c8883ffff,"H3:892664c8883ffff (suc=16, lamba_ariza=35)",65.59,"LINESTRING (-87.72554696426371 41.84788620278345, -87.72554696426371 41.84788620278345)"
892664c160bffff,"H3:892664c160bffff (suc=31, lamba_ariza=23)",79.9,"LINESTRING (-87.66386179411363 41.94728325111975, -87.66386179411363 41.94728325111975)"
892664cc0a7ffff,"H3:892664cc0a7ffff (suc=46, lamba_ariza=13)",79.7,"LINESTRING (-87.60473611296217 41.77839818056812, -87.60473611296217 41.77839818056812)"
892664cb58bffff,"H3:892664cb58bffff (suc=7, lamba_ariza=10)",28.55,"LINESTRING (-87.76689477958155 41.95658349797796, -87.76689477958155 41.95658349797796)"
892664d9bd3ffff,"H3:892664d9bd3ffff (suc=1, lamba_ariza=7)",6.87,"LINESTRING (-87.76430584627953 41.9816032882429, -87.76430584627953 41.9816032882429)"
892664d810fffff,"H3:892664d810fffff (suc=12, lamba_ariza=11)",42.12,"LINESTRING (-87.68555119334921 42.017964484464954, -87.68555119334921 42.017964484464954)"
892664cd503ffff,"H3:892664cd503ffff (suc=23, lamba_ariza=5)",56.1,"LINESTRING (-87.66948968911177 41.793384738118064, -87.66948968911177 41.793384738118064)"
892664d99a3ffff,"H3:892664d99a3ffff (suc=1, lamba_ariza=37)",27.48,"LINESTRING (-87.71971674437485 41.97456049070944, -87.71971674437485 41.97456049070944)"
892664cea77ffff,"H3:892664cea77ffff (suc=19, lamba_ariza=11)",55.65,"LINESTRING (-87.57124437945447 41.7642340364002, -87.57124437945447 41.7642340364002)"
892664cb5dbffff,"H3:892664cb5dbffff (suc=24, lamba_ariza=26)",74.03,"LINESTRING (-87.77711805276395 41.96053092218828, -87.77711805276395 41.96053092218828)"
8926645648bffff,"H3:8926645648bffff (suc=11, lamba_ariza=26)",50.3,"LINESTRING (-87.62165036167616 41.710405178294224, -87.62165036167616 41.710405178294224)"
892664cdc6bffff,"H3:892664cdc6bffff (suc=52, lamba_ariza=9)",77.63,"LINESTRING (-87.66808464642571 41.74991233224731, -87.66808464642571 41.74991233224731)"
892664ccc03ffff,"H3:892664ccc03ffff (suc=15, lamba_ariza=21)",56.88,"LINESTRING (-87.57741357624865 41.749678971857406, -87.57741357624865 41.749678971857406)"
892664ca013ffff,"H3:892664ca013ffff (suc=17, lamba_ariza=16)",56.99,"LINESTRING (-87.71756692798427 41.942042969525374, -87.71756692798427 41.942042969525374)"
892664cde2fffff,"H3:892664cde2fffff (suc=6, lamba_ariza=14)",31.01,"LINESTRING (-87.68316270324175 41.74221604749337, -87.68316270324175 41.74221604749337)"
892664cd577ffff,"H3:892664cd577ffff (suc=12, lamba_ariza=27)",53.85,"LINESTRING (-87.67194642848237 41.78755889009117, -87.67194642848237 41.78755889009117)"
892664d8d5bffff,"H3:892664d8d5bffff (suc=38, lamba_ariza=11)",75.08,"LINESTRING (-87.65680714135681 41.99211299535988, -87.65680714135681 41.99211299535988)"
892664ca9abffff,"H3:892664ca9abffff (suc=48, lamba_ariza=18)",84.44,"LINESTRING (-87.65736224859802 41.86894654891639, -87.65736224859802 41.86894654891639)"
892664cd5c3ffff,"H3:892664cd5c3ffff (suc=24, lamba_ariza=64)",78.21,"LINESTRING (-87.67422996965014 41.80087414859826, -87.67422996965014 41.80087414859826)"
892664d8a53ffff,"H3:892664d8a53ffff (suc=25, lamba_ariza=8)",61.23,"LINESTRING (-87.71179707208981 41.98394983997907, -87.71179707208981 41.98394983997907)"
89275936d6fffff,"H3:89275936d6fffff (suc=5, lamba_ariza=14)",26.75,"LINESTRING (-87.8106818630014 41.99383860997626, -87.8106818630014 41.99383860997626)"
892664cd0dbffff,"H3:892664cd0dbffff (suc=14, lamba_ariza=32)",58.91,"LINESTRING (-87.70670383042723 41.79878148651137, -87.70670383042723 41.79878148651137)"
892664c1a2fffff,"H3:892664c1a2fffff (suc=0, lamba_ariza=3)",2.41,"LINESTRING (-87.63151966991717 41.86457470750251, -87.63151966991717 41.86457470750251)"
892664c8087ffff,"H3:892664c8087ffff (suc=20, lamba_ariza=9)",56.36,"LINESTRING (-87.755863729985 41.89804449037784, -87.755863729985 41.89804449037784)"
892664cd273ffff,"H3:892664cd273ffff (suc=5, lamba_ariza=5)",20.65,"LINESTRING (-87.7338843791479 41.78108173415166, -87.7338843791479 41.78108173415166)"
892664cc19bffff,"H3:892664cc19bffff (suc=31, lamba_ariza=7)",66.42,"LINESTRING (-87.59456343238345 41.77444100636165, -87.59456343238345 41.77444100636165)"
892664cc107ffff,"H3:892664cc107ffff (suc=15, lamba_ariza=11)",48.9,"LINESTRING (-87.5952825165286 41.76341656197921, -87.5952825165286 41.76341656197921)"
892664d8a23ffff,"H3:892664d8a23ffff (suc=3, lamba_ariza=18)",27.16,"LINESTRING (-87.69680972648676 41.972492416513475, -87.69680972648676 41.972492416513475)"
89266452d47ffff,"H3:89266452d47ffff (suc=6, lamba_ariza=9)",27.02,"LINESTRING (-87.72454311615051 41.74698110483102, -87.72454311615051 41.74698110483102)"
892664c812fffff,"H3:892664c812fffff (suc=5, lamba_ariza=4)",19.67,"LINESTRING (-87.74104017495871 41.86744460467147, -87.74104017495871 41.86744460467147)"
892664ca5d3ffff,"H3:892664ca5d3ffff (suc=9, lamba_ariza=13)",36.99,"LINESTRING (-87.69274695420867 41.95394060082533, -87.69274695420867 41.95394060082533)"
892664cd8a3ffff,"H3:892664cd8a3ffff (suc=34, lamba_ariza=14)",74.85,"LINESTRING (-87.65441026512336 41.735565620297514, -87.65441026512336 41.735565620297514)"
89275936ca3ffff,"H3:89275936ca3ffff (suc=4, lamba_ariza=27)",34.64,"LINESTRING (-87.81234463237439 42.018236405624684, -87.81234463237439 42.018236405624684)"
892664ccc07ffff,"H3:892664ccc07ffff (suc=16, lamba_ariza=32)",63.22,"LINESTRING (-87.57443637496357 41.747389267314084, -87.57443637496357 41.747389267314084)"
892664cc23bffff,"H3:892664cc23bffff (suc=32, lamba_ariza=18)",77.08,"LINESTRING (-87.64685569542699 41.77216684657055, -87.64685569542699 41.77216684657055)"
8926645202fffff,"H3:8926645202fffff (suc=3, lamba_ariza=24)",30.15,"LINESTRING (-87.77529955726534 41.78582850418008, -87.77529955726534 41.78582850418008)"
892664d9a9bffff,"H3:892664d9a9bffff (suc=0, lamba_ariza=3)",2.27,"LINESTRING (-87.77808374745882 41.99597317068947, -87.77808374745882 41.99597317068947)"
8926641b20bffff,"H3:8926641b20bffff (suc=3, lamba_ariza=0)",8.8,"LINESTRING (-87.53996635962592 41.717001109651, -87.53996635962592 41.717001109651)"
892664d9993ffff,"H3:892664d9993ffff (suc=0, lamba_ariza=2)",1.08,"LINESTRING (-87.7232532409664 41.98498292418277, -87.7232532409664 41.98498292418277)"
892664cf633ffff,"H3:892664cf633ffff (suc=2, lamba_ariza=6)",10.4,"LINESTRING (-87.6672078824401 41.84562407839205, -87.6672078824401 41.84562407839205)"
892664cc06fffff,"H3:892664cc06fffff (suc=23, lamba_ariza=22)",70.33,"LINESTRING (-87.62702872247512 41.77237229576333, -87.62702872247512 41.77237229576333)"
892664d8913ffff,"H3:892664d8913ffff (suc=21, lamba_ariza=6)",55.18,"LINESTRING (-87.64976347353199 41.971261734687076, -87.64976347353199 41.971261734687076)"
89275934e97ffff,"H3:89275934e97ffff (suc=1, lamba_ariza=0)",2.9,"LINESTRING (-87.88918830853204 41.97658680291442, -87.88918830853204 41.97658680291442)"
892664ca157ffff,"H3:892664ca157ffff (suc=31, lamba_ariza=17)",75.53,"LINESTRING (-87.70505162238109 41.924754993607664, -87.70505162238109 41.924754993607664)"
892664d8307ffff,"H3:892664d8307ffff (suc=0, lamba_ariza=1)",0.07,"LINESTRING (-87.71094457833338 42.01419172741851, -87.71094457833338 42.01419172741851)"
892664cdd97ffff,"H3:892664cdd97ffff (suc=16, lamba_ariza=4)",44.84,"LINESTRING (-87.6254715035135 41.74803766403593, -87.6254715035135 41.74803766403593)"
892664cdcd7ffff,"H3:892664cdcd7ffff (suc=34, lamba_ariza=6)",67.84,"LINESTRING (-87.65773514584598 41.765094867276176, -87.65773514584598 41.765094867276176)"
892664c1e23ffff,"H3:892664c1e23ffff (suc=50, lamba_ariza=12)",80.09,"LINESTRING (-87.62165110357193 41.887900688586456, -87.62165110357193 41.887900688586456)"
892664cf0a3ffff,"H3:892664cf0a3ffff (suc=17, lamba_ariza=26)",63.38,"LINESTRING (-87.64085550889571 41.83313617245734, -87.64085550889571 41.83313617245734)"
892664c117bffff,"H3:892664c117bffff (suc=25, lamba_ariza=47)",79.45,"LINESTRING (-87.62743548621373 41.911651336805555, -87.62743548621373 41.911651336805555)"
892664d8bbbffff,"H3:892664d8bbbffff (suc=10, lamba_ariza=12)",38.8,"LINESTRING (-87.67214093506952 41.965208168530104, -87.67214093506952 41.965208168530104)"
892664cdc57ffff,"H3:892664cdc57ffff (suc=21, lamba_ariza=13)",61.39,"LINESTRING (-87.66440153432544 41.75864702877323, -87.66440153432544 41.75864702877323)"
892664cc80fffff,"H3:892664cc80fffff (suc=34, lamba_ariza=16)",76.97,"LINESTRING (-87.58727602687749 41.72639596352909, -87.58727602687749 41.72639596352909)"
892664cf287ffff,"H3:892664cf287ffff (suc=11, lamba_ariza=8)",36.88,"LINESTRING (-87.67212688439866 41.83396519121173, -87.67212688439866 41.83396519121173)"
892664c1a57ffff,"H3:892664c1a57ffff (suc=74, lamba_ariza=49)",97.18,"LINESTRING (-87.64223752477739 41.87665381979458, -87.64223752477739 41.87665381979458)"
892664d8c1bffff,"H3:892664d8c1bffff (suc=53, lamba_ariza=13)",81.83,"LINESTRING (-87.6663262483677 42.0071268625209, -87.6663262483677 42.0071268625209)"
89266456303ffff,"H3:89266456303ffff (suc=14, lamba_ariza=31)",59.15,"LINESTRING (-87.64130179193442 41.66386352114155, -87.64130179193442 41.66386352114155)"
892664cc05bffff,"H3:892664cc05bffff (suc=8, lamba_ariza=12)",33.53,"LINESTRING (-87.63351157649826 41.78506332326612, -87.63351157649826 41.78506332326612)"
892664ca413ffff,"H3:892664ca413ffff (suc=38, lamba_ariza=9)",73.24,"LINESTRING (-87.70895791485054 41.96247689533883, -87.70895791485054 41.96247689533883)"
892664d8a0bffff,"H3:892664d8a0bffff (suc=2, lamba_ariza=4)",10.8,"LINESTRING (-87.70580130759382 41.97936696761062, -87.70580130759382 41.97936696761062)"
892759369c7ffff,"H3:892759369c7ffff (suc=3, lamba_ariza=8)",17.13,"LINESTRING (-87.81313055092244 41.98799614849383, -87.81313055092244 41.98799614849383)"
89266452303ffff,"H3:89266452303ffff (suc=9, lamba_ariza=11)",35.13,"LINESTRING (-87.78737943831302 41.77583094810959, -87.78737943831302 41.77583094810959)"
892664cc89bffff,"H3:892664cc89bffff (suc=8, lamba_ariza=41)",47.7,"LINESTRING (-87.58234607227516 41.73803668351532, -87.58234607227516 41.73803668351532)"
892664cdd6bffff,"H3:892664cdd6bffff (suc=17, lamba_ariza=7)",50.28,"LINESTRING (-87.64722312747553 41.73390190322784, -87.64722312747553 41.73390190322784)"
892664c1623ffff,"H3:892664c1623ffff (suc=53, lamba_ariza=33)",92.61,"LINESTRING (-87.65488177317792 41.94040735186616, -87.65488177317792 41.94040735186616)"
892664cd32bffff,"H3:892664cd32bffff (suc=6, lamba_ariza=8)",24.66,"LINESTRING (-87.7070219052102 41.76050689951004, -87.7070219052102 41.76050689951004)"
892664cc007ffff,"H3:892664cc007ffff (suc=88, lamba_ariza=26)",93.85,"LINESTRING (-87.6161420386425 41.77944236380032, -87.6161420386425 41.77944236380032)"
892664cde43ffff,"H3:892664cde43ffff (suc=2, lamba_ariza=10)",13.91,"LINESTRING (-87.698072658862 41.753648061862265, -87.698072658862 41.753648061862265)"
892664c1b63ffff,"H3:892664c1b63ffff (suc=50, lamba_ariza=10)",78.1,"LINESTRING (-87.62080713424044 41.85249603151511, -87.62080713424044 41.85249603151511)"
892664cf547ffff,"H3:892664cf547ffff (suc=16, lamba_ariza=29)",63.5,"LINESTRING (-87.63118930108719 41.837299011095716, -87.63118930108719 41.837299011095716)"
892664cb4cfffff,"H3:892664cb4cfffff (suc=1, lamba_ariza=25)",22.55,"LINESTRING (-87.79634428496101 41.97134366645898, -87.79634428496101 41.97134366645898)"
8927593699bffff,"H3:8927593699bffff (suc=1, lamba_ariza=7)",8.08,"LINESTRING (-87.80767903062919 41.991549813285026, -87.80767903062919 41.991549813285026)"
892664d8387ffff,"H3:892664d8387ffff (suc=1, lamba_ariza=0)",3.41,"LINESTRING (-87.70424850284722 42.02066379564604, -87.70424850284722 42.02066379564604)"
892664cc81bffff,"H3:892664cc81bffff (suc=11, lamba_ariza=23)",50.06,"LINESTRING (-87.58902030347964 41.73159493459851, -87.58902030347964 41.73159493459851)"
892664cca93ffff,"H3:892664cca93ffff (suc=16, lamba_ariza=35)",64.35,"LINESTRING (-87.60760086891914 41.73430747435052, -87.60760086891914 41.73430747435052)"
892664cc0cbffff,"H3:892664cc0cbffff (suc=8, lamba_ariza=9)",32.48,"LINESTRING (-87.62806777598763 41.788599290735455, -87.62806777598763 41.788599290735455)"
892664d8803ffff,"H3:892664d8803ffff (suc=5, lamba_ariza=13)",27.52,"LINESTRING (-87.67196674271138 41.98439113902085, -87.67196674271138 41.98439113902085)"
892664d8b6fffff,"H3:892664d8b6fffff (suc=22, lamba_ariza=13)",63.32,"LINESTRING (-87.68852020609923 41.95456833366747, -87.68852020609923 41.95456833366747)"
892664cf50bffff,"H3:892664cf50bffff (suc=11, lamba_ariza=20)",49.33,"LINESTRING (-87.62697173914349 41.83792305401383, -87.62697173914349 41.83792305401383)"
89266452013ffff,"H3:89266452013ffff (suc=3, lamba_ariza=6)",15.57,"LINESTRING (-87.77761218648915 41.7991397161487, -87.77761218648915 41.7991397161487)"
892664ca60bffff,"H3:892664ca60bffff (suc=16, lamba_ariza=14)",53.86,"LINESTRING (-87.74399725277148 41.95452485354709, -87.74399725277148 41.95452485354709)"
892664caa73ffff,"H3:892664caa73ffff (suc=42, lamba_ariza=42)",91.31,"LINESTRING (-87.72048695569299 41.878706253756164, -87.72048695569299 41.878706253756164)"
892664c81d7ffff,"H3:892664c81d7ffff (suc=82, lamba_ariza=24)",92.21,"LINESTRING (-87.74511423087003 41.885974842391796, -87.74511423087003 41.885974842391796)"
892664ce30fffff,"H3:892664ce30fffff (suc=9, lamba_ariza=3)",28.69,"LINESTRING (-87.58222577164466 41.80356387735307, -87.58222577164466 41.80356387735307)"
892664cf1c7ffff,"H3:892664cf1c7ffff (suc=42, lamba_ariza=9)",74.95,"LINESTRING (-87.63313236458374 41.82335252085246, -87.63313236458374 41.82335252085246)"
892664ceb07ffff,"H3:892664ceb07ffff (suc=4, lamba_ariza=5)",16.44,"LINESTRING (-87.54495804683938 41.75173237401324, -87.54495804683938 41.75173237401324)"
892664d8c33ffff,"H3:892664d8c33ffff (suc=4, lamba_ariza=0)",12.84,"LINESTRING (-87.65733426519142 42.000246928446465, -87.65733426519142 42.000246928446465)"
892664ce24bffff,"H3:892664ce24bffff (suc=43, lamba_ariza=23)",86.48,"LINESTRING (-87.61749927506597 41.822933619375085, -87.61749927506597 41.822933619375085)"
892664d8127ffff,"H3:892664d8127ffff (suc=21, lamba_ariza=13)",61.62,"LINESTRING (-87.67655465767304 42.01108544644311, -87.67655465767304 42.01108544644311)"
892664cc4dbffff,"H3:892664cc4dbffff (suc=42, lamba_ariza=25)",87.09,"LINESTRING (-87.61821360098718 41.81190285754604, -87.61821360098718 41.81190285754604)"
892664d9b3bffff,"H3:892664d9b3bffff (suc=12, lamba_ariza=25)",52.37,"LINESTRING (-87.75898871628308 41.965973345508345, -87.75898871628308 41.965973345508345)"
8926641928fffff,"H3:8926641928fffff (suc=0, lamba_ariza=2)",1.32,"LINESTRING (-87.57703087809392 41.676089587506475, -87.57703087809392 41.676089587506475)"
892664c1ad7ffff,"H3:892664c1ad7ffff (suc=61, lamba_ariza=43)",95.36,"LINESTRING (-87.63555063001516 41.883110687418785, -87.63555063001516 41.883110687418785)"
892664ca5cfffff,"H3:892664ca5cfffff (suc=2, lamba_ariza=8)",13.61,"LINESTRING (-87.69520916259823 41.94810269876382, -87.69520916259823 41.94810269876382)"
89266456c13ffff,"H3:89266456c13ffff (suc=0, lamba_ariza=6)",4.87,"LINESTRING (-87.58984951549168 41.65511530664404, -87.58984951549168 41.65511530664404)"
892664caaa3ffff,"H3:892664caaa3ffff (suc=72, lamba_ariza=14)",84.72,"LINESTRING (-87.70360920024717 41.8812164694124, -87.70360920024717 41.8812164694124)"
892664d98a7ffff,"H3:892664d98a7ffff (suc=3, lamba_ariza=2)",11.26,"LINESTRING (-87.73770899386712 41.988305627686664, -87.73770899386712 41.988305627686664)"
892664521cfffff,"H3:892664521cfffff (suc=4, lamba_ariza=16)",25.9,"LINESTRING (-87.76389299439678 41.78480027866702, -87.76389299439678 41.78480027866702)"
892664d8c67ffff,"H3:892664d8c67ffff (suc=8, lamba_ariza=17)",37.99,"LINESTRING (-87.6670316464684 41.996071952065506, -87.6670316464684 41.996071952065506)"
892664c8907ffff,"H3:892664c8907ffff (suc=12, lamba_ariza=15)",45.36,"LINESTRING (-87.7083052365572 41.82312735222667, -87.7083052365572 41.82312735222667)"
892664cd61bffff,"H3:892664cd61bffff (suc=22, lamba_ariza=13)",62.73,"LINESTRING (-87.72286244002018 41.807302918208336, -87.72286244002018 41.807302918208336)"
892664cdc13ffff,"H3:892664cdc13ffff (suc=73, lamba_ariza=24)",91.68,"LINESTRING (-87.65598217702386 41.75989534656844, -87.65598217702386 41.75989534656844)"
892664d8847ffff,"H3:892664d8847ffff (suc=0, lamba_ariza=2)",1.79,"LINESTRING (-87.68042633966299 41.98313596000867, -87.68042633966299 41.98313596000867)"
892664cb3b7ffff,"H3:892664cb3b7ffff (suc=9, lamba_ariza=10)",35.24,"LINESTRING (-87.79181676852275 41.92549937854171, -87.79181676852275 41.92549937854171)"
89266457393ffff,"H3:89266457393ffff (suc=0, lamba_ariza=2)",1.71,"LINESTRING (-87.71308083936 41.68047669890016, -87.71308083936 41.68047669890016)"
892664561d3ffff,"H3:892664561d3ffff (suc=9, lamba_ariza=14)",39.0,"LINESTRING (-87.61537761141537 41.678606006523104, -87.61537761141537 41.678606006523104)"
892664ca36bffff,"H3:892664ca36bffff (suc=9, lamba_ariza=5)",31.33,"LINESTRING (-87.73829570428663 41.911602436223504, -87.73829570428663 41.911602436223504)"
8926641938bffff,"H3:8926641938bffff (suc=3, lamba_ariza=7)",15.36,"LINESTRING (-87.55920022959458 41.66236146548908, -87.55920022959458 41.66236146548908)"
892664c85a7ffff,"H3:892664c85a7ffff (suc=171, lamba_ariza=23)",93.45,"LINESTRING (-87.72156103282666 41.89495113819739, -87.72156103282666 41.89495113819739)"
8926645214fffff,"H3:8926645214fffff (suc=18, lamba_ariza=39)",69.53,"LINESTRING (-87.77054565183953 41.77834546499407, -87.77054565183953 41.77834546499407)"
89266452357ffff,"H3:89266452357ffff (suc=4, lamba_ariza=2)",14.67,"LINESTRING (-87.7945756128834 41.77748610043262, -87.7945756128834 41.77748610043262)"
892664cc887ffff,"H3:892664cc887ffff (suc=9, lamba_ariza=26)",46.21,"LINESTRING (-87.57639302471206 41.73345808555134, -87.57639302471206 41.73345808555134)"
892664cf257ffff,"H3:892664cf257ffff (suc=0, lamba_ariza=8)",6.33,"LINESTRING (-87.68899041489952 41.83146189686246, -87.68899041489952 41.83146189686246)"
892664cf457ffff,"H3:892664cf457ffff (suc=22, lamba_ariza=30)",72.75,"LINESTRING (-87.65086144878141 41.856245095054874, -87.65086144878141 41.856245095054874)"
892664cc913ffff,"H3:892664cc913ffff (suc=9, lamba_ariza=22)",45.56,"LINESTRING (-87.56398236554782 41.71619197959653, -87.56398236554782 41.71619197959653)"
892664ca8c3ffff,"H3:892664ca8c3ffff (suc=24, lamba_ariza=17)",68.25,"LINESTRING (-87.69025130098125 41.894137343509136, -87.69025130098125 41.894137343509136)"
892664cd003ffff,"H3:892664cd003ffff (suc=21, lamba_ariza=17)",64.07,"LINESTRING (-87.69897375829677 41.78900676066437, -87.69897375829677 41.78900676066437)"
892664cab73ffff,"H3:892664cab73ffff (suc=1, lamba_ariza=0)",4.1,"LINESTRING (-87.69955178931836 41.86268484693583, -87.69955178931836 41.86268484693583)"
8926641944bffff,"H3:8926641944bffff (suc=7, lamba_ariza=25)",40.2,"LINESTRING (-87.55999382701707 41.697688310114614, -87.55999382701707 41.697688310114614)"
892664c1283ffff,"H3:892664c1283ffff (suc=12, lamba_ariza=18)",49.39,"LINESTRING (-87.66157394324108 41.933944612035695, -87.66157394324108 41.933944612035695)"
89266456657ffff,"H3:89266456657ffff (suc=6, lamba_ariza=24)",36.47,"LINESTRING (-87.66072615287496 41.701890328970684, -87.66072615287496 41.701890328970684)"
892664c108fffff,"H3:892664c108fffff (suc=1, lamba_ariza=7)",6.71,"LINESTRING (-87.63322573933986 41.93540811037489, -87.63322573933986 41.93540811037489)"
892664cc15bffff,"H3:892664cc15bffff (suc=20, lamba_ariza=61)",73.65,"LINESTRING (-87.61264439406125 41.769040063849346, -87.61264439406125 41.769040063849346)"
892664cc38bffff,"H3:892664cc38bffff (suc=48, lamba_ariza=26)",89.06,"LINESTRING (-87.62527879743973 41.76717167040899, -87.62527879743973 41.76717167040899)"
892664ca613ffff,"H3:892664ca613ffff (suc=5, lamba_ariza=17)",30.03,"LINESTRING (-87.73854342774892 41.95807390654507, -87.73854342774892 41.95807390654507)"
892664d8957ffff,"H3:892664d8957ffff (suc=37, lamba_ariza=44)",89.05,"LINESTRING (-87.65822173094732 41.97000848461037, -87.65822173094732 41.97000848461037)"
892664cb39bffff,"H3:892664cb39bffff (suc=7, lamba_ariza=14)",32.57,"LINESTRING (-87.80380990058829 41.93464997167725, -87.80380990058829 41.93464997167725)"
892664c1e43ffff,"H3:892664c1e43ffff (suc=41, lamba_ariza=19)",83.03,"LINESTRING (-87.63782859890809 41.896442298808445, -87.63782859890809 41.896442298808445)"
892664cc9abffff,"H3:892664cc9abffff (suc=1, lamba_ariza=0)",4.12,"LINESTRING (-87.55803367572415 41.711613381030936, -87.55803367572415 41.711613381030936)"
89266456037ffff,"H3:89266456037ffff (suc=25, lamba_ariza=49)",79.14,"LINESTRING (-87.623784127898 41.677362659700464, -87.623784127898 41.677362659700464)"
892664566afffff,"H3:892664566afffff (suc=12, lamba_ariza=27)",53.33,"LINESTRING (-87.64338567833789 41.69627751814598, -87.64338567833789 41.69627751814598)"
892664c864bffff,"H3:892664c864bffff (suc=9, lamba_ariza=19)",42.53,"LINESTRING (-87.80215460769877 41.91027596283846, -87.80215460769877 41.91027596283846)"
892664cd28bffff,"H3:892664cd28bffff (suc=14, lamba_ariza=24)",57.42,"LINESTRING (-87.72600096238388 41.79044822482386, -87.72600096238388 41.79044822482386)"
89266452c63ffff,"H3:89266452c63ffff (suc=3, lamba_ariza=2)",10.01,"LINESTRING (-87.74367091684054 41.75778069765718, -87.74367091684054 41.75778069765718)"
892664cc17bffff,"H3:892664cc17bffff (suc=12, lamba_ariza=10)",40.97,"LINESTRING (-87.60791662562973 41.76155024489336, -87.60791662562973 41.76155024489336)"
892664c8c27ffff,"H3:892664c8c27ffff (suc=26, lamba_ariza=37)",79.24,"LINESTRING (-87.7158873343608 41.85205661845786, -87.7158873343608 41.85205661845786)"
892664c8643ffff,"H3:892664c8643ffff (suc=3, lamba_ariza=36)",34.39,"LINESTRING (-87.79793449470074 41.91090706130824, -87.79793449470074 41.91090706130824)"
892664cf4d3ffff,"H3:892664cf4d3ffff (suc=19, lamba_ariza=30)",69.46,"LINESTRING (-87.64716643665386 41.86499110503196, -87.64716643665386 41.86499110503196)"
892664cb337ffff,"H3:892664cb337ffff (suc=3, lamba_ariza=26)",30.33,"LINESTRING (-87.7984853363945 41.91903107847794, -87.7984853363945 41.91903107847794)"
89275936917ffff,"H3:89275936917ffff (suc=3, lamba_ariza=14)",21.83,"LINESTRING (-87.80712571570929 41.98341893893634, -87.80712571570929 41.98341893893634)"
89275936b67ffff,"H3:89275936b67ffff (suc=0, lamba_ariza=1)",0.36,"LINESTRING (-87.844598954115 41.96959356356517, -87.844598954115 41.96959356356517)"
892664d8ab3ffff,"H3:892664d8ab3ffff (suc=10, lamba_ariza=22)",46.77,"LINESTRING (-87.68888529965841 41.981880205004416, -87.68888529965841 41.981880205004416)"
892664c1853ffff,"H3:892664c1853ffff (suc=13, lamba_ariza=2)",36.7,"LINESTRING (-87.61567540553278 41.88331717941383, -87.61567540553278 41.88331717941383)"
892664cf3d7ffff,"H3:892664cf3d7ffff (suc=4, lamba_ariza=2)",16.15,"LINESTRING (-87.66141190885749 41.821894930339546, -87.66141190885749 41.821894930339546)"
892664cd93bffff,"H3:892664cd93bffff (suc=51, lamba_ariza=32)",92.08,"LINESTRING (-87.64320059993173 41.71539914346019, -87.64320059993173 41.71539914346019)"
892664cb1bbffff,"H3:892664cb1bbffff (suc=15, lamba_ariza=44)",63.25,"LINESTRING (-87.76948089150507 41.93157128754834, -87.76948089150507 41.93157128754834)"
892664c1293ffff,"H3:892664c1293ffff (suc=12, lamba_ariza=27)",54.32,"LINESTRING (-87.66034106790484 41.93686276059143, -87.66034106790484 41.93686276059143)"
892664c8b23ffff,"H3:892664c8b23ffff (suc=0, lamba_ariza=4)",3.51,"LINESTRING (-87.7360380855196 41.813535968326654, -87.7360380855196 41.813535968326654)"
892664cf3a7ffff,"H3:892664cf3a7ffff (suc=15, lamba_ariza=11)",49.26,"LINESTRING (-87.64648765436827 41.810449499672174, -87.64648765436827 41.810449499672174)"
892664cf043ffff,"H3:892664cf043ffff (suc=2, lamba_ariza=11)",17.27,"LINESTRING (-87.66369417020371 41.835215980777846, -87.66369417020371 41.835215980777846)"
892664ca6afffff,"H3:892664ca6afffff (suc=9, lamba_ariza=25)",45.42,"LINESTRING (-87.72955184906021 41.95120369869887, -87.72955184906021 41.95120369869887)"
892664cc24fffff,"H3:892664cc24fffff (suc=32, lamba_ariza=29)",82.98,"LINESTRING (-87.66124224339885 41.775494740105266, -87.66124224339885 41.775494740105266)"
892664caedbffff,"H3:892664caedbffff (suc=18, lamba_ariza=12)",56.59,"LINESTRING (-87.71419146764413 41.91245551075396, -87.71419146764413 41.91245551075396)"
892664d9ba7ffff,"H3:892664d9ba7ffff (suc=11, lamba_ariza=18)",46.93,"LINESTRING (-87.7463094785346 41.967863706954894, -87.7463094785346 41.967863706954894)"
892664cc153ffff,"H3:892664cc153ffff (suc=40, lamba_ariza=19)",82.72,"LINESTRING (-87.60843261199645 41.76966257634043, -87.60843261199645 41.76966257634043)"
892664cd907ffff,"H3:892664cd907ffff (suc=18, lamba_ariza=19)",61.53,"LINESTRING (-87.64197232891856 41.71830916819559, -87.64197232891856 41.71830916819559)"
8926641961bffff,"H3:8926641961bffff (suc=1, lamba_ariza=0)",4.96,"LINESTRING (-87.57681843607938 41.69520798213953, -87.57681843607938 41.69520798213953)"
8926641b36fffff,"H3:8926641b36fffff (suc=2, lamba_ariza=3)",10.35,"LINESTRING (-87.52286467183936 41.69224529797373, -87.52286467183936 41.69224529797373)"
892664c8c43ffff,"H3:892664c8c43ffff (suc=22, lamba_ariza=4)",54.17,"LINESTRING (-87.73505705626614 41.86286893697911, -87.73505705626614 41.86286893697911)"
892664c8073ffff,"H3:892664c8073ffff (suc=12, lamba_ariza=37)",56.31,"LINESTRING (-87.77097221335507 41.890321027676656, -87.77097221335507 41.890321027676656)"
892664ca52bffff,"H3:892664ca52bffff (suc=9, lamba_ariza=9)",33.58,"LINESTRING (-87.68868740494207 41.935392565987115, -87.68868740494207 41.935392565987115)"
892664c80cfffff,"H3:892664c80cfffff (suc=23, lamba_ariza=15)",66.4,"LINESTRING (-87.7715181043454 41.898443456802, -87.7715181043454 41.898443456802)"
892664190c3ffff,"H3:892664190c3ffff (suc=0, lamba_ariza=3)",2.1,"LINESTRING (-87.5577475587928 41.68438524099066, -87.5577475587928 41.68438524099066)"
892664cc337ffff,"H3:892664cc337ffff (suc=15, lamba_ariza=31)",61.92,"LINESTRING (-87.61880057696877 41.75448264807472, -87.61880057696877 41.75448264807472)"
892664cf353ffff,"H3:892664cf353ffff (suc=1, lamba_ariza=1)",1.69,"LINESTRING (-87.67107145268771 41.81773066995009, -87.67107145268771 41.81773066995009)"
89266456003ffff,"H3:89266456003ffff (suc=13, lamba_ariza=27)",55.31,"LINESTRING (-87.63270927132183 41.6842223981023, -87.63270927132183 41.6842223981023)"
892664cc04bffff,"H3:892664cc04bffff (suc=15, lamba_ariza=3)",41.5,"LINESTRING (-87.63474217981626 41.78215090908789, -87.63474217981626 41.78215090908789)"
892664c8dcbffff,"H3:892664c8dcbffff (suc=18, lamba_ariza=19)",60.77,"LINESTRING (-87.71167045618051 41.85268388200308, -87.71167045618051 41.85268388200308)"
892664cea6fffff,"H3:892664cea6fffff (suc=50, lamba_ariza=11)",78.23,"LINESTRING (-87.57669041553389 41.7607017065182, -87.57669041553389 41.7607017065182)"
892664cd2d7ffff,"H3:892664cd2d7ffff (suc=9, lamba_ariza=15)",39.59,"LINESTRING (-87.72898732035137 41.79273461155392, -87.72898732035137 41.79273461155392)"
892664564b7ffff,"H3:892664564b7ffff (suc=19, lamba_ariza=39)",71.36,"LINESTRING (-87.60851574244128 41.70416428491801, -87.60851574244128 41.70416428491801)"
892664cb10bffff,"H3:892664cb10bffff (suc=16, lamba_ariza=19)",58.73,"LINESTRING (-87.78214848491913 41.92967982631087, -87.78214848491913 41.92967982631087)"
892664cb517ffff,"H3:892664cb517ffff (suc=7, lamba_ariza=7)",25.99,"LINESTRING (-87.7651226905147 41.95137480103656, -87.7651226905147 41.95137480103656)"
892664cf3cfffff,"H3:892664cf3cfffff (suc=9, lamba_ariza=2)",29.62,"LINESTRING (-87.66685663001037 41.818355891627775, -87.66685663001037 41.818355891627775)"
892664cd183ffff,"H3:892664cd183ffff (suc=31, lamba_ariza=11)",70.72,"LINESTRING (-87.6714191812015 41.77944574240307, -87.6714191812015 41.77944574240307)"
892664c8657ffff,"H3:892664c8657ffff (suc=4, lamba_ariza=35)",35.7,"LINESTRING (-87.79371422181552 41.911538016689924, -87.79371422181552 41.911538016689924)"
892664cb073ffff,"H3:892664cb073ffff (suc=9, lamba_ariza=21)",43.2,"LINESTRING (-87.80436205190419 41.9427761938381, -87.80436205190419 41.9427761938381)"
892664cd2a3ffff,"H3:892664cd2a3ffff (suc=19, lamba_ariza=7)",51.88,"LINESTRING (-87.71704352725375 41.78358887694831, -87.71704352725375 41.78358887694831)"
892664c839bffff,"H3:892664c839bffff (suc=47, lamba_ariza=8)",74.98,"LINESTRING (-87.77042651357759 41.882199376032986, -87.77042651357759 41.882199376032986)"
892664d9863ffff,"H3:892664d9863ffff (suc=0, lamba_ariza=1)",0.77,"LINESTRING (-87.75885065849573 41.98515454413561, -87.75885065849573 41.98515454413561)"
892664cb443ffff,"H3:892664cb443ffff (suc=1, lamba_ariza=9)",10.05,"LINESTRING (-87.80179444569367 41.96779148186628, -87.80179444569367 41.96779148186628)"
892664ccab7ffff,"H3:892664ccab7ffff (suc=3, lamba_ariza=3)",13.01,"LINESTRING (-87.5999006019935 41.724531915272436, -87.5999006019935 41.724531915272436)"
892664ca13bffff,"H3:892664ca13bffff (suc=19, lamba_ariza=71)",72.33,"LINESTRING (-87.69607076555536 41.917884255310355, -87.69607076555536 41.917884255310355)"
892664c1b3bffff,"H3:892664c1b3bffff (suc=1, lamba_ariza=0)",4.94,"LINESTRING (-87.61236858225716 41.85374361602059, -87.61236858225716 41.85374361602059)"
892664cb12fffff,"H3:892664cb12fffff (suc=19, lamba_ariza=26)",67.61,"LINESTRING (-87.77438195302221 41.919896975709115, -87.77438195302221 41.919896975709115)"
892664cb047ffff,"H3:892664cb047ffff (suc=16, lamba_ariza=12)",52.9,"LINESTRING (-87.80736157282253 41.94506393666379, -87.80736157282253 41.94506393666379)"
892664cf297ffff,"H3:892664cf297ffff (suc=1, lamba_ariza=3)",2.54,"LINESTRING (-87.67089737218102 41.83687976617314, -87.67089737218102 41.83687976617314)"
892664cd443ffff,"H3:892664cd443ffff (suc=12, lamba_ariza=55)",59.02,"LINESTRING (-87.70179771087551 41.810436197026945, -87.70179771087551 41.810436197026945)"
892664562bbffff,"H3:892664562bbffff (suc=8, lamba_ariza=11)",32.95,"LINESTRING (-87.65372487073984 41.68110951786774, -87.65372487073984 41.68110951786774)"
892664c883bffff,"H3:892664c883bffff (suc=25, lamba_ariza=11)",64.54,"LINESTRING (-87.73045077830665 41.83622534380117, -87.73045077830665 41.83622534380117)"
892664cd823ffff,"H3:892664cd823ffff (suc=34, lamba_ariza=62)",87.92,"LINESTRING (-87.66107291790568 41.72912049146798, -87.66107291790568 41.72912049146798)"
8926645231bffff,"H3:8926645231bffff (suc=5, lamba_ariza=6)",21.3,"LINESTRING (-87.79036742758751 41.77811522114743, -87.79036742758751 41.77811522114743)"
892664ca9c7ffff,"H3:892664ca9c7ffff (suc=19, lamba_ariza=13)",57.98,"LINESTRING (-87.6663286985036 41.875817144374494, -87.6663286985036 41.875817144374494)"
892664c12dbffff,"H3:892664c12dbffff (suc=16, lamba_ariza=6)",46.86,"LINESTRING (-87.67601148444372 41.93727418838723, -87.67601148444372 41.93727418838723)"
892664c8003ffff,"H3:892664c8003ffff (suc=50, lamba_ariza=31)",91.33,"LINESTRING (-87.76552840433317 41.89386807490132, -87.76552840433317 41.89386807490132)"
892664ccd97ffff,"H3:892664ccd97ffff (suc=17, lamba_ariza=39)",66.81,"LINESTRING (-87.54568868291204 41.740710612148305, -87.54568868291204 41.740710612148305)"
8926641960bffff,"H3:8926641960bffff (suc=1, lamba_ariza=0)",1.26,"LINESTRING (-87.57805038671943 41.69229926727025, -87.57805038671943 41.69229926727025)"
892664ccdb7ffff,"H3:892664ccdb7ffff (suc=4, lamba_ariza=30)",33.86,"LINESTRING (-87.54097386931807 41.73321983485065, -87.54097386931807 41.73321983485065)"
892664c869bffff,"H3:892664c869bffff (suc=31, lamba_ariza=22)",79.29,"LINESTRING (-87.78282480301439 41.91863609274463, -87.78282480301439 41.91863609274463)"
892664d8a2fffff,"H3:892664d8a2fffff (suc=13, lamba_ariza=8)",43.15,"LINESTRING (-87.698041135921 41.96957271307009, -87.698041135921 41.96957271307009)"
892664c16b3ffff,"H3:892664c16b3ffff (suc=61, lamba_ariza=10)",79.26,"LINESTRING (-87.64695351138462 41.94978883279405, -87.64695351138462 41.94978883279405)"
892664c1b6bffff,"H3:892664c1b6bffff (suc=77, lamba_ariza=34)",95.79,"LINESTRING (-87.62502617361143 41.8518720243805, -87.62502617361143 41.8518720243805)"
892664cd507ffff,"H3:892664cd507ffff (suc=31, lamba_ariza=10)",68.75,"LINESTRING (-87.66650579136984 41.7910966267077, -87.66650579136984 41.7910966267077)"
892664cb197ffff,"H3:892664cb197ffff (suc=39, lamba_ariza=28)",86.98,"LINESTRING (-87.76702940862762 41.937409030414926, -87.76702940862762 41.937409030414926)"
892664cced7ffff,"H3:892664cced7ffff (suc=33, lamba_ariza=42)",86.45,"LINESTRING (-87.60740081956185 41.75343869519016, -87.60740081956185 41.75343869519016)"
892664ce237ffff,"H3:892664ce237ffff (suc=0, lamba_ariza=9)",7.25,"LINESTRING (-87.59291790936183 41.815640248007554, -87.59291790936183 41.815640248007554)"
8926645288bffff,"H3:8926645288bffff (suc=2, lamba_ariza=1)",7.08,"LINESTRING (-87.74313152898141 41.749671501050976, -87.74313152898141 41.749671501050976)"
892664cc2cfffff,"H3:892664cc2cfffff (suc=23, lamba_ariza=6)",56.8,"LINESTRING (-87.65457293283545 41.7819438713648, -87.65457293283545 41.7819438713648)"
892664c815bffff,"H3:892664c815bffff (suc=69, lamba_ariza=18)",87.45,"LINESTRING (-87.75899610832745 41.881170842503785, -87.75899610832745 41.881170842503785)"
892664ca197ffff,"H3:892664ca197ffff (suc=32, lamba_ariza=16)",75.54,"LINESTRING (-87.68692460763265 41.93018343712978, -87.68692460763265 41.93018343712978)"
892664c85c7ffff,"H3:892664c85c7ffff (suc=17, lamba_ariza=3)",45.34,"LINESTRING (-87.7377554566881 41.90347824232978, -87.7377554566881 41.90347824232978)"
8926645667bffff,"H3:8926645667bffff (suc=8, lamba_ariza=12)",34.38,"LINESTRING (-87.66317919347917 41.696071321024675, -87.66317919347917 41.696071321024675)"
892664cea13ffff,"H3:892664cea13ffff (suc=38, lamba_ariza=2)",66.66,"LINESTRING (-87.56754095235125 41.77296824997116, -87.56754095235125 41.77296824997116)"
892664cccdbffff,"H3:892664cccdbffff (suc=65, lamba_ariza=14)",84.13,"LINESTRING (-87.58511370263841 41.75945903608989, -87.58511370263841 41.75945903608989)"
89266452283ffff,"H3:89266452283ffff (suc=0, lamba_ariza=1)",0.75,"LINESTRING (-87.80165240012434 41.79827804348624, -87.80165240012434 41.79827804348624)"
892664cc087ffff,"H3:892664cc087ffff (suc=36, lamba_ariza=17)",78.9,"LINESTRING (-87.60946512600444 41.78588958360896, -87.60946512600444 41.78588958360896)"
892664cc043ffff,"H3:892664cc043ffff (suc=1, lamba_ariza=11)",13.36,"LINESTRING (-87.63052973083889 41.7827743783537, -87.63052973083889 41.7827743783537)"
892664caea7ffff,"H3:892664caea7ffff (suc=30, lamba_ariza=21)",77.66,"LINESTRING (-87.69201308330973 41.89934423119708, -87.69201308330973 41.89934423119708)"
892664cf27bffff,"H3:892664cf27bffff (suc=7, lamba_ariza=16)",35.57,"LINESTRING (-87.6914466006234 41.82563298622309, -87.6914466006234 41.82563298622309)"
892664c80b3ffff,"H3:892664c80b3ffff (suc=54, lamba_ariza=23)",89.38,"LINESTRING (-87.75286942728752 41.89575637362351, -87.75286942728752 41.89575637362351)"
89266456173ffff,"H3:89266456173ffff (suc=2, lamba_ariza=1)",7.53,"LINESTRING (-87.61731885128513 41.66468659795691, -87.61731885128513 41.66468659795691)"
892664ca513ffff,"H3:892664ca513ffff (suc=20, lamba_ariza=13)",59.9,"LINESTRING (-87.68798815335039 41.946439258293225, -87.68798815335039 41.946439258293225)"
892664d8e6bffff,"H3:892664d8e6bffff (suc=11, lamba_ariza=13)",41.3,"LINESTRING (-87.70387402093654 41.99333988037802, -87.70387402093654 41.99333988037802)"
892664ca377ffff,"H3:892664ca377ffff (suc=33, lamba_ariza=19)",77.88,"LINESTRING (-87.72985198984958 41.91285994695085, -87.72985198984958 41.91285994695085)"
8926645256fffff,"H3:8926645256fffff (suc=1, lamba_ariza=0)",0.58,"LINESTRING (-87.75723836841814 41.79125531847016, -87.75723836841814 41.79125531847016)"
89266457593ffff,"H3:89266457593ffff (suc=2, lamba_ariza=22)",25.59,"LINESTRING (-87.67509136422304 41.7052148634238, -87.67509136422304 41.7052148634238)"
892664cb1a7ffff,"H3:892664cb1a7ffff (suc=19, lamba_ariza=16)",61.55,"LINESTRING (-87.76348706471993 41.926994219784056, -87.76348706471993 41.926994219784056)"
8926645259bffff,"H3:8926645259bffff (suc=11, lamba_ariza=16)",44.62,"LINESTRING (-87.74568736671445 41.8093663657967, -87.74568736671445 41.8093663657967)"
892664cd25bffff,"H3:892664cd25bffff (suc=13, lamba_ariza=1)",36.57,"LINESTRING (-87.74284345066926 41.78793945030643, -87.74284345066926 41.78793945030643)"
892664c89b7ffff,"H3:892664c89b7ffff (suc=13, lamba_ariza=20)",53.82,"LINESTRING (-87.6956614970944 41.82500679191358, -87.6956614970944 41.82500679191358)"
892664cf533ffff,"H3:892664cf533ffff (suc=50, lamba_ariza=43)",93.7,"LINESTRING (-87.61678460686865 41.83396586021798, -87.61678460686865 41.83396586021798)"
892664c8babffff,"H3:892664c8babffff (suc=0, lamba_ariza=1)",0.31,"LINESTRING (-87.73358843740624 41.81936461909088, -87.73358843740624 41.81936461909088)"
892664cdab7ffff,"H3:892664cdab7ffff (suc=1, lamba_ariza=12)",10.1,"LINESTRING (-87.67965339298887 41.731821158890945, -87.67965339298887 41.731821158890945)"
892664ca4dbffff,"H3:892664ca4dbffff (suc=42, lamba_ariza=60)",92.29,"LINESTRING (-87.71794908333037 41.96934968501801, -87.71794908333037 41.96934968501801)"
892664cc84fffff,"H3:892664cc84fffff (suc=15, lamba_ariza=12)",50.79,"LINESTRING (-87.59866923343964 41.727441969347886, -87.59866923343964 41.727441969347886)"
89275936cb7ffff,"H3:89275936cb7ffff (suc=1, lamba_ariza=18)",17.64,"LINESTRING (-87.80811488324713 42.01886925452887, -87.80811488324713 42.01886925452887)"
892664cd3b7ffff,"H3:892664cd3b7ffff (suc=15, lamba_ariza=8)",47.0,"LINESTRING (-87.69194274931863 41.76820811937316, -87.69194274931863 41.76820811937316)"
892664cd22fffff,"H3:892664cd22fffff (suc=4, lamba_ariza=5)",17.65,"LINESTRING (-87.72492776477974 41.774223736442174, -87.72492776477974 41.774223736442174)"
892664cb16fffff,"H3:892664cb16fffff (suc=21, lamba_ariza=43)",74.42,"LINESTRING (-87.78582185027024 41.920923887089224, -87.78582185027024 41.920923887089224)"
892664caabbffff,"H3:892664caabbffff (suc=24, lamba_ariza=31)",75.74,"LINESTRING (-87.70660048656583 41.88350566039266, -87.70660048656583 41.88350566039266)"
892664cc587ffff,"H3:892664cc587ffff (suc=73, lamba_ariza=6)",77.21,"LINESTRING (-87.57996807807346 41.79024487264476, -87.57996807807346 41.79024487264476)"
892664c1eafffff,"H3:892664c1eafffff (suc=51, lamba_ariza=14)",81.94,"LINESTRING (-87.61619410775552 41.89144121121345, -87.61619410775552 41.89144121121345)"
892664ca31bffff,"H3:892664ca31bffff (suc=14, lamba_ariza=4)",41.41,"LINESTRING (-87.73039096705865 41.92098516426613, -87.73039096705865 41.92098516426613)"
892664cf173ffff,"H3:892664cf173ffff (suc=6, lamba_ariza=36)",41.45,"LINESTRING (-87.6368268312492 41.814611374981695, -87.6368268312492 41.814611374981695)"
89266452dd3ffff,"H3:89266452dd3ffff (suc=0, lamba_ariza=1)",0.91,"LINESTRING (-87.71964720118463 41.75862871665291, -87.71964720118463 41.75862871665291)"
892664cc85bffff,"H3:892664cc85bffff (suc=6, lamba_ariza=10)",26.83,"LINESTRING (-87.60041478077234 41.73264075862635, -87.60041478077234 41.73264075862635)"
892664d9aa7ffff,"H3:892664d9aa7ffff (suc=8, lamba_ariza=32)",46.17,"LINESTRING (-87.76730620446237 41.98389310430726, -87.76730620446237 41.98389310430726)"
892664c126fffff,"H3:892664c126fffff (suc=30, lamba_ariza=15)",73.55,"LINESTRING (-87.67618381842871 41.918102110677296, -87.67618381842871 41.918102110677296)"
892664cac0fffff,"H3:892664cac0fffff (suc=35, lamba_ariza=34)",86.36,"LINESTRING (-87.67811646853592 41.90414191758492, -87.67811646853592 41.90414191758492)"
892664cd30bffff,"H3:892664cd30bffff (suc=6, lamba_ariza=4)",22.23,"LINESTRING (-87.7117644496963 41.76799164181556, -87.7117644496963 41.76799164181556)"
892664ce36fffff,"H3:892664ce36fffff (suc=20, lamba_ariza=24)",68.16,"LINESTRING (-87.58890948274694 41.79711650088224, -87.58890948274694 41.79711650088224)"
892664ca127ffff,"H3:892664ca127ffff (suc=12, lamba_ariza=5)",38.59,"LINESTRING (-87.69008490126514 41.91330360344778, -87.69008490126514 41.91330360344778)"
892664ca09bffff,"H3:892664ca09bffff (suc=56, lamba_ariza=9)",78.03,"LINESTRING (-87.71510800632566 41.94788074609464, -87.71510800632566 41.94788074609464)"
89275936963ffff,"H3:89275936963ffff (suc=1, lamba_ariza=12)",10.65,"LINESTRING (-87.81802602199687 41.976312398310846, -87.81802602199687 41.976312398310846)"
892664cc2c7ffff,"H3:892664cc2c7ffff (suc=17, lamba_ariza=3)",46.01,"LINESTRING (-87.65036097663504 41.78256804707707, -87.65036097663504 41.78256804707707)"
892664ccebbffff,"H3:892664ccebbffff (suc=37, lamba_ariza=0)",65.26,"LINESTRING (-87.59846551549224 41.74657179587069, -87.59846551549224 41.74657179587069)"
892664cc62fffff,"H3:892664cc62fffff (suc=1, lamba_ariza=10)",11.82,"LINESTRING (-87.63649369541372 41.787352237385036, -87.63649369541372 41.787352237385036)"
892664cce87ffff,"H3:892664cce87ffff (suc=29, lamba_ariza=8)",64.94,"LINESTRING (-87.59723346550867 41.749482648607426, -87.59723346550867 41.749482648607426)"
892664ca81bffff,"H3:892664ca81bffff (suc=12, lamba_ariza=9)",40.29,"LINESTRING (-87.68848990811433 41.88893073112181, -87.68848990811433 41.88893073112181)"
892664cd9b3ffff,"H3:892664cd9b3ffff (suc=21, lamba_ariza=27)",70.35,"LINESTRING (-87.63233022172561 41.7224649653058, -87.63233022172561 41.7224649653058)"
892664cdbcbffff,"H3:892664cdbcbffff (suc=4, lamba_ariza=1)",14.27,"LINESTRING (-87.68333135264497 41.72308909557447, -87.68333135264497 41.72308909557447)"
892664ca343ffff,"H3:892664ca343ffff (suc=12, lamba_ariza=46)",58.2,"LINESTRING (-87.73883614128842 41.91972740721841, -87.73883614128842 41.91972740721841)"
892664cc00bffff,"H3:892664cc00bffff (suc=45, lamba_ariza=18)",83.91,"LINESTRING (-87.62333568940159 41.781108593507454, -87.62333568940159 41.781108593507454)"
892664c80c3ffff,"H3:892664c80c3ffff (suc=25, lamba_ariza=7)",61.35,"LINESTRING (-87.7702934562613 41.90136108527981, -87.7702934562613 41.90136108527981)"
892664cf033ffff,"H3:892664cf033ffff (suc=20, lamba_ariza=26)",68.28,"LINESTRING (-87.64630340498674 41.829597460538196, -87.64630340498674 41.829597460538196)"
89266419317ffff,"H3:89266419317ffff (suc=6, lamba_ariza=2)",18.68,"LINESTRING (-87.55746177799551 41.657166064867944, -87.55746177799551 41.657166064867944)"
8926645620fffff,"H3:8926645620fffff (suc=10, lamba_ariza=10)",36.73,"LINESTRING (-87.66335593556133 41.67695461965802, -87.66335593556133 41.67695461965802)"
89266452517ffff,"H3:89266452517ffff (suc=20, lamba_ariza=66)",73.76,"LINESTRING (-87.74514702562917 41.8012521847075, -87.74514702562917 41.8012521847075)"
892664ca337ffff,"H3:892664ca337ffff (suc=21, lamba_ariza=7)",56.11,"LINESTRING (-87.718413744862 41.91182739363937, -87.718413744862 41.91182739363937)"
892664cc9d3ffff,"H3:892664cc9d3ffff (suc=8, lamba_ariza=7)",30.27,"LINESTRING (-87.56869890174252 41.72368016115654, -87.56869890174252 41.72368016115654)"
892664c187bffff,"H3:892664c187bffff (suc=4, lamba_ariza=1)",15.13,"LINESTRING (-87.6151568850329 41.87519392612648, -87.6151568850329 41.87519392612648)"
892664c103bffff,"H3:892664c103bffff (suc=34, lamba_ariza=21)",81.17,"LINESTRING (-87.63692915731107 41.92665469422863, -87.63692915731107 41.92665469422863)"
892664cf213ffff,"H3:892664cf213ffff (suc=14, lamba_ariza=24)",56.53,"LINESTRING (-87.68055896606195 41.83271382985775, -87.68055896606195 41.83271382985775)"
892664c1633ffff,"H3:892664c1633ffff (suc=36, lamba_ariza=37)",87.27,"LINESTRING (-87.65364828188649 41.943325688173545, -87.65364828188649 41.943325688173545)"
892664cc357ffff,"H3:892664cc357ffff (suc=18, lamba_ariza=25)",65.02,"LINESTRING (-87.63493102867965 41.76301364757874, -87.63493102867965 41.76301364757874)"
89266452ca7ffff,"H3:89266452ca7ffff (suc=0, lamba_ariza=9)",6.99,"LINESTRING (-87.7226312380192 41.76091452639781, -87.7226312380192 41.76091452639781)"
892664c162bffff,"H3:892664c162bffff (suc=19, lamba_ariza=1)",48.33,"LINESTRING (-87.65910803296852 41.93978100664174, -87.65910803296852 41.93978100664174)"
892664cdc07ffff,"H3:892664cdc07ffff (suc=41, lamba_ariza=6)",71.49,"LINESTRING (-87.65422959467186 41.75469610310294, -87.65422959467186 41.75469610310294)"
892664cd8d3ffff,"H3:892664cd8d3ffff (suc=17, lamba_ariza=2)",45.38,"LINESTRING (-87.6693120339123 41.747000963148565, -87.6693120339123 41.747000963148565)"
8927593694fffff,"H3:8927593694fffff (suc=2, lamba_ariza=7)",12.41,"LINESTRING (-87.82403084975891 41.98088864268652, -87.82403084975891 41.98088864268652)"
89266456373ffff,"H3:89266456373ffff (suc=5, lamba_ariza=10)",23.87,"LINESTRING (-87.64672975033201 41.660333158451145, -87.64672975033201 41.660333158451145)"
892664cf513ffff,"H3:892664cf513ffff (suc=34, lamba_ariza=34)",85.59,"LINESTRING (-87.62152112155606 41.841461346665234, -87.62152112155606 41.841461346665234)"
892664ce347ffff,"H3:892664ce347ffff (suc=16, lamba_ariza=9)",49.85,"LINESTRING (-87.58942255362582 41.805232563943115, -87.58942255362582 41.805232563943115)"
892664cad93ffff,"H3:892664cad93ffff (suc=0, lamba_ariza=4)",3.36,"LINESTRING (-87.64803078994038 41.9003997106312, -87.64803078994038 41.9003997106312)"
892664c85cfffff,"H3:892664c85cfffff (suc=3, lamba_ariza=0)",11.24,"LINESTRING (-87.74197634540558 41.90284939526084, -87.74197634540558 41.90284939526084)"
892664ca463ffff,"H3:892664ca463ffff (suc=11, lamba_ariza=12)",42.78,"LINESTRING (-87.71687453714644 41.95309032495738, -87.71687453714644 41.95309032495738)"
8926645208fffff,"H3:8926645208fffff (suc=3, lamba_ariza=3)",13.54,"LINESTRING (-87.77340162001941 41.799768509382, -87.77340162001941 41.799768509382)"
892664cf61bffff,"H3:892664cf61bffff (suc=30, lamba_ariza=52)",84.88,"LINESTRING (-87.67617105240902 41.85249215947029, -87.67617105240902 41.85249215947029)"
892664cc6a7ffff,"H3:892664cc6a7ffff (suc=62, lamba_ariza=26)",91.81,"LINESTRING (-87.62560518581375 41.79442459495951, -87.62560518581375 41.79442459495951)"
89266419023ffff,"H3:89266419023ffff (suc=0, lamba_ariza=5)",3.78,"LINESTRING (-87.54832724726442 41.669414853101344, -87.54832724726442 41.669414853101344)"
892664cd643ffff,"H3:892664cd643ffff (suc=13, lamba_ariza=24)",53.97,"LINESTRING (-87.73128722282932 41.80604860843285, -87.73128722282932 41.80604860843285)"
892664cf3abffff,"H3:892664cf3abffff (suc=2, lamba_ariza=1)",9.42,"LINESTRING (-87.65368668492074 41.81211411984689, -87.65368668492074 41.81211411984689)"
892664d8c7bffff,"H3:892664d8c7bffff (suc=19, lamba_ariza=12)",58.22,"LINESTRING (-87.67302630425041 42.00065785046478, -87.67302630425041 42.00065785046478)"
892664cf5cbffff,"H3:892664cf5cbffff (suc=36, lamba_ariza=21)",82.0,"LINESTRING (-87.63171019277095 41.845418361148205, -87.63171019277095 41.845418361148205)"
8926645638bffff,"H3:8926645638bffff (suc=30, lamba_ariza=30)",81.86,"LINESTRING (-87.63884757585545 41.66967985104842, -87.63884757585545 41.66967985104842)"
892664ca843ffff,"H3:892664ca843ffff (suc=8, lamba_ariza=7)",29.83,"LINESTRING (-87.69693124000112 41.88767679625663, -87.69693124000112 41.88767679625663)"
892664cc20fffff,"H3:892664cc20fffff (suc=26, lamba_ariza=6)",60.94,"LINESTRING (-87.64983754475647 41.77445506943214, -87.64983754475647 41.77445506943214)"
89266419ec7ffff,"H3:89266419ec7ffff (suc=8, lamba_ariza=1)",25.18,"LINESTRING (-87.54261241513147 41.64572552587988, -87.54261241513147 41.64572552587988)"
89266452dd7ffff,"H3:89266452dd7ffff (suc=6, lamba_ariza=14)",29.69,"LINESTRING (-87.71666343712954 41.75634287583338, -87.71666343712954 41.75634287583338)"
892664c1273ffff,"H3:892664c1273ffff (suc=9, lamba_ariza=4)",28.69,"LINESTRING (-87.67372068928951 41.92393755835456, -87.67372068928951 41.92393755835456)"
892664cb0a3ffff,"H3:892664cb0a3ffff (suc=10, lamba_ariza=69)",53.76,"LINESTRING (-87.78746896610924 41.94530171269211, -87.78746896610924 41.94530171269211)"
892664c134fffff,"H3:892664c134fffff (suc=42, lamba_ariza=11)",76.12,"LINESTRING (-87.65999317354208 41.909564505415474, -87.65999317354208 41.909564505415474)"
892664d8a43ffff,"H3:892664d8a43ffff (suc=15, lamba_ariza=21)",57.51,"LINESTRING (-87.71302779326095 41.98102961401119, -87.71302779326095 41.98102961401119)"
89266456147ffff,"H3:89266456147ffff (suc=10, lamba_ariza=39)",52.76,"LINESTRING (-87.620292540804 41.66697308743915, -87.620292540804 41.66697308743915)"
892664c8d93ffff,"H3:892664c8d93ffff (suc=34, lamba_ariza=20)",80.37,"LINESTRING (-87.69480135736539 41.85519150647735, -87.69480135736539 41.85519150647735)"
892664cf6cfffff,"H3:892664cf6cfffff (suc=21, lamba_ariza=46)",74.33,"LINESTRING (-87.67915932364959 41.85478145702435, -87.67915932364959 41.85478145702435)"
892664ccddbffff,"H3:892664ccddbffff (suc=15, lamba_ariza=48)",65.08,"LINESTRING (-87.56427234626074 41.74343036852708, -87.56427234626074 41.74343036852708)"
892664d98abffff,"H3:892664d98abffff (suc=4, lamba_ariza=11)",21.85,"LINESTRING (-87.74493745634139 41.989966303966376, -87.74493745634139 41.989966303966376)"
89266452cb7ffff,"H3:89266452cb7ffff (suc=21, lamba_ariza=42)",74.47,"LINESTRING (-87.72140700106809 41.76382677994049, -87.72140700106809 41.76382677994049)"
892664cd213ffff,"H3:892664cd213ffff (suc=8, lamba_ariza=14)",37.02,"LINESTRING (-87.72722560084247 41.78753496278816, -87.72722560084247 41.78753496278816)"
89275936957ffff,"H3:89275936957ffff (suc=9, lamba_ariza=9)",34.36,"LINESTRING (-87.8185811572553 41.98444242491084, -87.8185811572553 41.98444242491084)"
892664cd92fffff,"H3:892664cd92fffff (suc=24, lamba_ariza=42)",77.14,"LINESTRING (-87.6414510822536 41.71020232404636, -87.6414510822536 41.71020232404636)"
89275934dc3ffff,"H3:89275934dc3ffff (suc=0, lamba_ariza=1)",0.69,"LINESTRING (-87.85426842473088 41.96540572370829, -87.85426842473088 41.96540572370829)"
892664cd90bffff,"H3:892664cd90bffff (suc=15, lamba_ariza=8)",46.48,"LINESTRING (-87.64915694936555 41.71997304812427, -87.64915694936555 41.71997304812427)"
8926645750fffff,"H3:8926645750fffff (suc=3, lamba_ariza=13)",20.47,"LINESTRING (-87.68419653232625 41.69295225114298, -87.68419653232625 41.69295225114298)"
8926641b22fffff,"H3:8926641b22fffff (suc=8, lamba_ariza=16)",38.54,"LINESTRING (-87.53228198052817 41.707222111899284, -87.53228198052817 41.707222111899284)"
892664523abffff,"H3:892664523abffff (suc=4, lamba_ariza=9)",18.82,"LINESTRING (-87.78018364923892 41.77417534998966, -87.78018364923892 41.77417534998966)"
892664566abffff,"H3:892664566abffff (suc=4, lamba_ariza=4)",16.68,"LINESTRING (-87.64636249427211 41.69856402132671, -87.64636249427211 41.69856402132671)"
892664cd8dbffff,"H3:892664cd8dbffff (suc=5, lamba_ariza=13)",27.41,"LINESTRING (-87.6735202990357 41.746376563825784, -87.6735202990357 41.746376563825784)"
892664575c7ffff,"H3:892664575c7ffff (suc=1, lamba_ariza=14)",16.46,"LINESTRING (-87.68472501570743 41.70105678852556, -87.68472501570743 41.70105678852556)"
892664cd8bbffff,"H3:892664cd8bbffff (suc=12, lamba_ariza=20)",50.2,"LINESTRING (-87.65739007353145 41.73785275018542, -87.65739007353145 41.73785275018542)"
892664cadbbffff,"H3:892664cadbbffff (suc=61, lamba_ariza=15)",84.05,"LINESTRING (-87.6475064288515 41.89227527489, -87.6475064288515 41.89227527489)"
892664ca96bffff,"H3:892664ca96bffff (suc=7, lamba_ariza=6)",25.41,"LINESTRING (-87.6754700436154 41.863527907076694, -87.6754700436154 41.863527907076694)"
892664d8babffff,"H3:892664d8babffff (suc=17, lamba_ariza=23)",62.6,"LINESTRING (-87.67337378544049 41.962288904758246, -87.67337378544049 41.962288904758246)"
892664c1adbffff,"H3:892664c1adbffff (suc=48, lamba_ariza=38)",92.65,"LINESTRING (-87.64276078886746 41.884776821062076, -87.64276078886746 41.884776821062076)"
892664c1e07ffff,"H3:892664c1e07ffff (suc=134, lamba_ariza=20)",91.72,"LINESTRING (-87.62340521229784 41.89310868786125, -87.62340521229784 41.89310868786125)"
892664575afffff,"H3:892664575afffff (suc=5, lamba_ariza=16)",30.84,"LINESTRING (-87.67281229686496 41.69191474940282, -87.67281229686496 41.69191474940282)"
892664c8547ffff,"H3:892664c8547ffff (suc=18, lamba_ariza=6)",50.81,"LINESTRING (-87.74442931247727 41.897014523831444, -87.74442931247727 41.897014523831444)"
892664cc4a7ffff,"H3:892664cc4a7ffff (suc=27, lamba_ariza=22)",75.84,"LINESTRING (-87.59610538418832 41.79878468413014, -87.59610538418832 41.79878468413014)"
892664d9853ffff,"H3:892664d9853ffff (suc=5, lamba_ariza=10)",25.01,"LINESTRING (-87.76239646325763 41.995576538514904, -87.76239646325763 41.995576538514904)"
8926645206bffff,"H3:8926645206bffff (suc=3, lamba_ariza=26)",31.26,"LINESTRING (-87.78969497526234 41.78914013983201, -87.78969497526234 41.78914013983201)"
89266452d17ffff,"H3:89266452d17ffff (suc=12, lamba_ariza=23)",52.99,"LINESTRING (-87.7119213520522 41.74885936490938, -87.7119213520522 41.74885936490938)"
892664cb0d7ffff,"H3:892664cb0d7ffff (suc=0, lamba_ariza=1)",0.96,"LINESTRING (-87.79946651276173 41.95445467864548, -87.79946651276173 41.95445467864548)"
892664cd4abffff,"H3:892664cd4abffff (suc=40, lamba_ariza=30)",87.67,"LINESTRING (-87.68318535197483 41.80773842434944, -87.68318535197483 41.80773842434944)"
892664ca30bffff,"H3:892664ca30bffff (suc=24, lamba_ariza=14)",65.5,"LINESTRING (-87.73161877917522 41.9180670994914, -87.73161877917522 41.9180670994914)"
8926641935bffff,"H3:8926641935bffff (suc=0, lamba_ariza=2)",1.85,"LINESTRING (-87.57601208056154 41.659883044252425, -87.57601208056154 41.659883044252425)"
89266457597ffff,"H3:89266457597ffff (suc=2, lamba_ariza=2)",7.61,"LINESTRING (-87.67211291323684 41.702929023535575, -87.67211291323684 41.702929023535575)"
892664cb10fffff,"H3:892664cb10fffff (suc=9, lamba_ariza=25)",45.26,"LINESTRING (-87.7791510238228 41.92739171890401, -87.7791510238228 41.92739171890401)"
892664ccdd3ffff,"H3:892664ccdd3ffff (suc=28, lamba_ariza=36)",81.44,"LINESTRING (-87.56006174491516 41.744050826938064, -87.56006174491516 41.744050826938064)"
892664cc5d7ffff,"H3:892664cc5d7ffff (suc=26, lamba_ariza=31)",77.76,"LINESTRING (-87.59014335178762 41.79420396189228, -87.59014335178762 41.79420396189228)"
89266419323ffff,"H3:89266419323ffff (suc=1, lamba_ariza=0)",4.53,"LINESTRING (-87.55695589790943 41.64906396913057, -87.55695589790943 41.64906396913057)"
89266452db3ffff,"H3:89266452db3ffff (suc=19, lamba_ariza=43)",70.59,"LINESTRING (-87.7035060529046 41.750110827305576, -87.7035060529046 41.750110827305576)"
892664cd917ffff,"H3:892664cd917ffff (suc=12, lamba_ariza=31)",54.87,"LINESTRING (-87.6407438996647 41.7212192911906, -87.6407438996647 41.7212192911906)"
892664c1367ffff,"H3:892664c1367ffff (suc=6, lamba_ariza=12)",27.89,"LINESTRING (-87.65102097389341 41.90269095675502, -87.65102097389341 41.90269095675502)"
892664cab17ffff,"H3:892664cab17ffff (suc=7, lamba_ariza=14)",33.97,"LINESTRING (-87.68988609490022 41.86685413681056, -87.68988609490022 41.86685413681056)"
892664c856fffff,"H3:892664c856fffff (suc=8, lamba_ariza=3)",25.85,"LINESTRING (-87.74388816514038 41.88889183100044, -87.74388816514038 41.88889183100044)"
892664ca99bffff,"H3:892664ca99bffff (suc=12, lamba_ariza=10)",41.36,"LINESTRING (-87.6608771549491 41.87935899177404, -87.6608771549491 41.87935899177404)"
892664cdda7ffff,"H3:892664cdda7ffff (suc=28, lamba_ariza=30)",79.72,"LINESTRING (-87.6219742161447 41.73763957463975, -87.6219742161447 41.73763957463975)"
892664cae93ffff,"H3:892664cae93ffff (suc=30, lamba_ariza=17)",74.71,"LINESTRING (-87.69853061193228 41.912048932914686, -87.69853061193228 41.912048932914686)"
892664575b7ffff,"H3:892664575b7ffff (suc=2, lamba_ariza=21)",23.42,"LINESTRING (-87.66738297560667 41.69544779094365, -87.66738297560667 41.69544779094365)"
89266452c83ffff,"H3:89266452c83ffff (suc=17, lamba_ariza=4)",47.37,"LINESTRING (-87.73036115816836 41.770684336596695, -87.73036115816836 41.770684336596695)"
892664ccea3ffff,"H3:892664ccea3ffff (suc=14, lamba_ariza=24)",57.45,"LINESTRING (-87.59548762656623 41.74428276863103, -87.59548762656623 41.74428276863103)"
892664cc243ffff,"H3:892664cc243ffff (suc=44, lamba_ariza=16)",81.68,"LINESTRING (-87.6600135666698 41.778407097520905, -87.6600135666698 41.778407097520905)"
892664cce8fffff,"H3:892664cce8fffff (suc=42, lamba_ariza=26)",87.42,"LINESTRING (-87.6014436772859 41.74886079272986, -87.6014436772859 41.74886079272986)"
892664cd403ffff,"H3:892664cd403ffff (suc=16, lamba_ariza=26)",61.27,"LINESTRING (-87.69038462651005 41.809400647556835, -87.69038462651005 41.809400647556835)"
892664cd88bffff,"H3:892664cd88bffff (suc=32, lamba_ariza=35)",84.85,"LINESTRING (-87.66335050832957 41.742426918042945, -87.66335050832957 41.742426918042945)"
892664d9b57ffff,"H3:892664d9b57ffff (suc=4, lamba_ariza=11)",22.64,"LINESTRING (-87.76798689616498 41.972842050435986, -87.76798689616498 41.972842050435986)"
892664d9897ffff,"H3:892664d9897ffff (suc=0, lamba_ariza=1)",0.41,"LINESTRING (-87.74125045098224 41.99872892394341, -87.74125045098224 41.99872892394341)"
892664d8cc3ffff,"H3:892664d8cc3ffff (suc=13, lamba_ariza=17)",51.02,"LINESTRING (-87.66808974886669 42.012341056736474, -87.66808974886669 42.012341056736474)"
8926645651bffff,"H3:8926645651bffff (suc=27, lamba_ariza=29)",78.42,"LINESTRING (-87.60625548438702 41.69086193192465, -87.60625548438702 41.69086193192465)"
892664cf44bffff,"H3:892664cf44bffff (suc=33, lamba_ariza=21)",80.18,"LINESTRING (-87.65929861602967 41.8549946890405, -87.65929861602967 41.8549946890405)"
892664c1337ffff,"H3:892664c1337ffff (suc=38, lamba_ariza=6)",70.48,"LINESTRING (-87.63835131730715 41.90456727837471, -87.63835131730715 41.90456727837471)"
892664ca247ffff,"H3:892664ca247ffff (suc=22, lamba_ariza=5)",55.23,"LINESTRING (-87.75681186031339 41.933461458803514, -87.75681186031339 41.933461458803514)"
892664d8d4fffff,"H3:892664d8d4fffff (suc=39, lamba_ariza=23)",85.0,"LINESTRING (-87.65504563912756 41.98689976847841, -87.65504563912756 41.98689976847841)"
892664ca39bffff,"H3:892664ca39bffff (suc=12, lamba_ariza=17)",47.7,"LINESTRING (-87.72371144688788 41.92745023692946, -87.72371144688788 41.92745023692946)"
892664cc307ffff,"H3:892664cc307ffff (suc=51, lamba_ariza=23)",88.63,"LINESTRING (-87.62475990605476 41.75905982531012, -87.62475990605476 41.75905982531012)"
892664563d3ffff,"H3:892664563d3ffff (suc=1, lamba_ariza=1)",0.55,"LINESTRING (-87.64479767800111 41.67425180834695, -87.64479767800111 41.67425180834695)"
892664cd543ffff,"H3:892664cd543ffff (suc=17, lamba_ariza=42)",68.4,"LINESTRING (-87.68089894349828 41.79442240906065, -87.68089894349828 41.79442240906065)"
89275936d27ffff,"H3:89275936d27ffff (suc=2, lamba_ariza=6)",10.02,"LINESTRING (-87.79499630035606 41.99344640009059, -87.79499630035606 41.99344640009059)"
892664d810bffff,"H3:892664d810bffff (suc=6, lamba_ariza=1)",19.38,"LINESTRING (-87.68855059039727 42.02025743221531, -87.68855059039727 42.02025743221531)"
892664d8e4fffff,"H3:892664d8e4fffff (suc=21, lamba_ariza=25)",70.14,"LINESTRING (-87.70564107281764 41.99855243141481, -87.70564107281764 41.99855243141481)"
892664cc993ffff,"H3:892664cc993ffff (suc=2, lamba_ariza=11)",16.61,"LINESTRING (-87.55730646064897 41.72263115150862, -87.55730646064897 41.72263115150862)"
892664566cbffff,"H3:892664566cbffff (suc=3, lamba_ariza=21)",27.15,"LINESTRING (-87.66247743710831 41.70708622673875, -87.66247743710831 41.70708622673875)"
892664d8b53ffff,"H3:892664d8b53ffff (suc=21, lamba_ariza=15)",63.62,"LINESTRING (-87.69081671592188 41.96790922109581, -87.69081671592188 41.96790922109581)"
892664d816fffff,"H3:892664d816fffff (suc=30, lamba_ariza=16)",74.28,"LINESTRING (-87.69224980912256 42.0114935836998, -87.69224980912256 42.0114935836998)"
892664ce353ffff,"H3:892664ce353ffff (suc=20, lamba_ariza=51)",73.6,"LINESTRING (-87.59117003853422 41.81043626740749, -87.59117003853422 41.81043626740749)"
892664c8ccfffff,"H3:892664c8ccfffff (suc=52, lamba_ariza=38)",93.69,"LINESTRING (-87.72961323875836 41.866413092536646, -87.72961323875836 41.866413092536646)"
892664ca2cfffff,"H3:892664ca2cfffff (suc=15, lamba_ariza=11)",49.81,"LINESTRING (-87.75435859756278 41.93929916196194, -87.75435859756278 41.93929916196194)"
892664c8463ffff,"H3:892664c8463ffff (suc=52, lamba_ariza=8)",76.53,"LINESTRING (-87.76362302295503 41.90782646567275, -87.76362302295503 41.90782646567275)"
89266452837ffff,"H3:89266452837ffff (suc=4, lamba_ariza=35)",35.61,"LINESTRING (-87.73662534962173 41.73699350679796, -87.73662534962173 41.73699350679796)"
892664ca23bffff,"H3:892664ca23bffff (suc=22, lamba_ariza=23)",70.22,"LINESTRING (-87.74659579938387 41.92951306750413, -87.74659579938387 41.92951306750413)"
892664c185bffff,"H3:892664c185bffff (suc=15, lamba_ariza=1)",40.64,"LINESTRING (-87.61989738272057 41.88269296524081, -87.61989738272057 41.88269296524081)"
892664562d7ffff,"H3:892664562d7ffff (suc=13, lamba_ariza=16)",48.74,"LINESTRING (-87.66265451141231 41.68796695497915, -87.66265451141231 41.68796695497915)"
892664cdc0fffff,"H3:892664cdc0fffff (suc=26, lamba_ariza=31)",77.47,"LINESTRING (-87.65843892080979 41.754072144332355, -87.65843892080979 41.754072144332355)"
892664ca617ffff,"H3:892664ca617ffff (suc=1, lamba_ariza=3)",5.25,"LINESTRING (-87.73554595977339 41.955783869610755, -87.73554595977339 41.955783869610755)"
892664cd48fffff,"H3:892664cd48fffff (suc=11, lamba_ariza=35)",55.07,"LINESTRING (-87.68494307865221 41.812940251948504, -87.68494307865221 41.812940251948504)"
892664c852fffff,"H3:892664c852fffff (suc=9, lamba_ariza=8)",34.15,"LINESTRING (-87.73245593981046 41.88786064420677, -87.73245593981046 41.88786064420677)"
89275936b2bffff,"H3:89275936b2bffff (suc=7, lamba_ariza=1)",21.95,"LINESTRING (-87.84037444560664 41.97022694566921, -87.84037444560664 41.97022694566921)"
892664523a3ffff,"H3:892664523a3ffff (suc=17, lamba_ariza=8)",50.98,"LINESTRING (-87.77597541781626 41.77480391427163, -87.77597541781626 41.77480391427163)"
892664cd03bffff,"H3:892664cd03bffff (suc=18, lamba_ariza=9)",53.23,"LINESTRING (-87.69721542454319 41.783806685339535, -87.69721542454319 41.783806685339535)"
892664cb08bffff,"H3:892664cb08bffff (suc=12, lamba_ariza=50)",58.34,"LINESTRING (-87.79646671373376 41.95216648610013, -87.79646671373376 41.95216648610013)"
892664cb0d3ffff,"H3:892664cb0d3ffff (suc=0, lamba_ariza=5)",4.28,"LINESTRING (-87.80246658673515 41.956742838513144, -87.80246658673515 41.956742838513144)"
892664cb48fffff,"H3:892664cb48fffff (suc=6, lamba_ariza=10)",27.32,"LINESTRING (-87.78489195230502 41.97031791463534, -87.78489195230502 41.97031791463534)"
89266456613ffff,"H3:89266456613ffff (suc=8, lamba_ariza=6)",27.82,"LINESTRING (-87.65231694279724 41.703136936652555, -87.65231694279724 41.703136936652555)"
892664cf12bffff,"H3:892664cf12bffff (suc=14, lamba_ariza=16)",50.66,"LINESTRING (-87.63085932162373 41.81003223205449, -87.63085932162373 41.81003223205449)"
892664cb067ffff,"H3:892664cb067ffff (suc=12, lamba_ariza=20)",50.94,"LINESTRING (-87.80258643242894 41.93756914608761, -87.80258643242894 41.93756914608761)"
8926645604bffff,"H3:8926645604bffff (suc=24, lamba_ariza=36)",76.57,"LINESTRING (-87.64829510327878 41.68464120909653, -87.64829510327878 41.68464120909653)"
892664560c3ffff,"H3:892664560c3ffff (suc=11, lamba_ariza=20)",47.93,"LINESTRING (-87.63743286301987 41.691704420894375, -87.63743286301987 41.691704420894375)"
8926645282fffff,"H3:8926645282fffff (suc=0, lamba_ariza=1)",0.22,"LINESTRING (-87.74205331828215 41.73345545200977, -87.74205331828215 41.73345545200977)"
892664c84afffff,"H3:892664c84afffff (suc=66, lamba_ariza=12)",81.83,"LINESTRING (-87.74673878147952 41.91034435233626, -87.74673878147952 41.91034435233626)"
892664cf2cbffff,"H3:892664cf2cbffff (suc=1, lamba_ariza=1)",3.44,"LINESTRING (-87.69074967228978 41.836665032106914, -87.69074967228978 41.836665032106914)"
892664cb417ffff,"H3:892664cb417ffff (suc=1, lamba_ariza=2)",3.17,"LINESTRING (-87.78611746252508 41.96739767085338, -87.78611746252508 41.96739767085338)"
89266456273ffff,"H3:89266456273ffff (suc=2, lamba_ariza=4)",11.09,"LINESTRING (-87.66755797755317 41.6763313275196, -87.66755797755317 41.6763313275196)"
892664c8d33ffff,"H3:892664c8d33ffff (suc=11, lamba_ariza=7)",36.18,"LINESTRING (-87.6967256700074 41.84124200380511, -87.6967256700074 41.84124200380511)"
892664cd2c3ffff,"H3:892664cd2c3ffff (suc=23, lamba_ariza=23)",71.67,"LINESTRING (-87.7331983164537 41.7921074955618, -87.7331983164537 41.7921074955618)"
892664d890fffff,"H3:892664d890fffff (suc=35, lamba_ariza=11)",72.7,"LINESTRING (-87.65223230447388 41.96542318228157, -87.65223230447388 41.96542318228157)"
8926645633bffff,"H3:8926645633bffff (suc=15, lamba_ariza=26)",60.52,"LINESTRING (-87.63955442579582 41.65866979531216, -87.63955442579582 41.65866979531216)"
892664c888fffff,"H3:892664c888fffff (suc=56, lamba_ariza=41)",94.59,"LINESTRING (-87.726773155415 41.84497084099062, -87.726773155415 41.84497084099062)"
892664ca547ffff,"H3:892664ca547ffff (suc=12, lamba_ariza=20)",51.26,"LINESTRING (-87.69767073337171 41.94226518689625, -87.69767073337171 41.94226518689625)"
892664cc1afffff,"H3:892664cc1afffff (suc=39, lamba_ariza=30)",87.61,"LINESTRING (-87.58809213127124 41.76174872441459, -87.58809213127124 41.76174872441459)"
892664cf387ffff,"H3:892664cf387ffff (suc=1, lamba_ariza=4)",6.56,"LINESTRING (-87.65122622709524 41.81794150845494, -87.65122622709524 41.81794150845494)"
892664cd337ffff,"H3:892664cd337ffff (suc=11, lamba_ariza=7)",35.54,"LINESTRING (-87.6986042513181 41.76175830992655, -87.6986042513181 41.76175830992655)"
89266452507ffff,"H3:89266452507ffff (suc=16, lamba_ariza=17)",55.93,"LINESTRING (-87.7463706851788 41.79833839297351, -87.7463706851788 41.79833839297351)"
892664c13d7ffff,"H3:892664c13d7ffff (suc=18, lamba_ariza=14)",58.12,"LINESTRING (-87.64784682269905 41.91956834551703, -87.64784682269905 41.91956834551703)"
8926641b273ffff,"H3:8926641b273ffff (suc=0, lamba_ariza=5)",3.82,"LINESTRING (-87.54120131888477 41.71409185661614, -87.54120131888477 41.71409185661614)"
892664cde6fffff,"H3:892664cde6fffff (suc=7, lamba_ariza=11)",30.11,"LINESTRING (-87.694559260695 41.743252432900945, -87.694559260695 41.743252432900945)"
892664cea47ffff,"H3:892664cea47ffff (suc=29, lamba_ariza=10)",67.27,"LINESTRING (-87.577200954549 41.768814406076515, -87.577200954549 41.768814406076515)"
892664c135bffff,"H3:892664c135bffff (suc=21, lamba_ariza=1)",51.78,"LINESTRING (-87.66175226377487 41.91477297885791, -87.66175226377487 41.91477297885791)"
892664c803bffff,"H3:892664c803bffff (suc=95, lamba_ariza=34)",96.57,"LINESTRING (-87.76375886834029 41.88866311851406, -87.76375886834029 41.88866311851406)"
892664cb5cbffff,"H3:892664cb5cbffff (suc=7, lamba_ariza=51)",45.69,"LINESTRING (-87.77834381868487 41.95761108904405, -87.77834381868487 41.95761108904405)"
892664ca8d7ffff,"H3:892664ca8d7ffff (suc=33, lamba_ariza=32)",84.64,"LINESTRING (-87.68602996351822 41.894764225472855, -87.68602996351822 41.894764225472855)"
892664ca923ffff,"H3:892664ca923ffff (suc=46, lamba_ariza=10)",76.78,"LINESTRING (-87.65982461139276 41.86311534455068, -87.65982461139276 41.86311534455068)"
892664cf0b3ffff,"H3:892664cf0b3ffff (suc=30, lamba_ariza=34)",83.07,"LINESTRING (-87.63962395166703 41.8360504959631, -87.63962395166703 41.8360504959631)"
892759369afffff,"H3:892759369afffff (suc=5, lamba_ariza=11)",25.61,"LINESTRING (-87.80112198159891 41.97884159780074, -87.80112198159891 41.97884159780074)"
892664cadabffff,"H3:892664cadabffff (suc=91, lamba_ariza=10)",82.43,"LINESTRING (-87.64873896388177 41.889358842299075, -87.64873896388177 41.889358842299075)"
892664cdd2fffff,"H3:892664cdd2fffff (suc=5, lamba_ariza=13)",28.09,"LINESTRING (-87.63285001980037 41.73057313735472, -87.63285001980037 41.73057313735472)"
892664ca4bbffff,"H3:892664ca4bbffff (suc=26, lamba_ariza=18)",71.51,"LINESTRING (-87.70173440716262 41.96081418764967, -87.70173440716262 41.96081418764967)"
892664cab3bffff,"H3:892664cab3bffff (suc=17, lamba_ariza=6)",48.66,"LINESTRING (-87.69234404378575 41.861022625909065, -87.69234404378575 41.861022625909065)"
89266456073ffff,"H3:89266456073ffff (suc=6, lamba_ariza=19)",34.26,"LINESTRING (-87.63814038834403 41.680691393081716, -87.63814038834403 41.680691393081716)"
892664c1e57ffff,"H3:892664c1e57ffff (suc=63, lamba_ariza=19)",87.97,"LINESTRING (-87.63360579379012 41.89706733040248, -87.63360579379012 41.89706733040248)"
892664ccc2fffff,"H3:892664ccc2fffff (suc=10, lamba_ariza=5)",33.23,"LINESTRING (-87.57392655348224 41.739278613041186, -87.57392655348224 41.739278613041186)"
892664cc143ffff,"H3:892664cc143ffff (suc=14, lamba_ariza=20)",55.26,"LINESTRING (-87.60966446059489 41.766750904199235, -87.60966446059489 41.766750904199235)"
892664cd023ffff,"H3:892664cd023ffff (suc=24, lamba_ariza=33)",75.74,"LINESTRING (-87.69423097844121 41.78151959881251, -87.69423097844121 41.78151959881251)"
89266456607ffff,"H3:89266456607ffff (suc=3, lamba_ariza=10)",18.8,"LINESTRING (-87.65056690460548 41.69794105929086, -87.65056690460548 41.69794105929086)"
892664c8c93ffff,"H3:892664c8c93ffff (suc=63, lamba_ariza=11)",80.62,"LINESTRING (-87.71573172741738 41.871212624208155, -87.71573172741738 41.871212624208155)"
892664cae43ffff,"H3:892664cae43ffff (suc=86, lamba_ariza=14)",85.08,"LINESTRING (-87.71787696537521 41.903702884475486, -87.71787696537521 41.903702884475486)"
892664cb0b7ffff,"H3:892664cb0b7ffff (suc=13, lamba_ariza=14)",48.55,"LINESTRING (-87.78324529450957 41.945932734024126, -87.78324529450957 41.945932734024126)"
892664cf0c7ffff,"H3:892664cf0c7ffff (suc=18, lamba_ariza=33)",67.73,"LINESTRING (-87.65403013002994 41.83938074565199, -87.65403013002994 41.83938074565199)"
892664cf497ffff,"H3:892664cf497ffff (suc=0, lamba_ariza=1)",0.6,"LINESTRING (-87.6327525234279 41.86165939930555, -87.6327525234279 41.86165939930555)"
8926645258bffff,"H3:8926645258bffff (suc=13, lamba_ariza=27)",57.18,"LINESTRING (-87.74691120534685 41.80645227299131, -87.74691120534685 41.80645227299131)"
892664191c3ffff,"H3:892664191c3ffff (suc=1, lamba_ariza=9)",9.65,"LINESTRING (-87.53694804800917 41.66836373916999, -87.53694804800917 41.66836373916999)"
892664ca917ffff,"H3:892664ca917ffff (suc=41, lamba_ariza=6)",71.6,"LINESTRING (-87.66035079100034 41.87123677886733, -87.66035079100034 41.87123677886733)"
892664cdb8fffff,"H3:892664cdb8fffff (suc=7, lamba_ariza=9)",28.06,"LINESTRING (-87.66896029293542 41.719765220350695, -87.66896029293542 41.719765220350695)"
892664cc987ffff,"H3:892664cc987ffff (suc=9, lamba_ariza=10)",33.78,"LINESTRING (-87.55556594887712 41.717432043284624, -87.55556594887712 41.717432043284624)"
8927593694bffff,"H3:8927593694bffff (suc=0, lamba_ariza=1)",0.21,"LINESTRING (-87.82703367644734 41.98317671544036, -87.82703367644734 41.98317671544036)"
892664c8163ffff,"H3:892664c8163ffff (suc=6, lamba_ariza=9)",26.61,"LINESTRING (-87.75124218134509 41.871391368420326, -87.75124218134509 41.871391368420326)"
8926641b343ffff,"H3:8926641b343ffff (suc=16, lamba_ariza=36)",65.04,"LINESTRING (-87.52633711762863 41.702642133023545, -87.52633711762863 41.702642133023545)"
892664cb0cbffff,"H3:892664cb0cbffff (suc=3, lamba_ariza=19)",26.74,"LINESTRING (-87.80791446922179 41.953191110573194, -87.80791446922179 41.953191110573194)"
892664c8513ffff,"H3:892664c8513ffff (suc=28, lamba_ariza=16)",72.01,"LINESTRING (-87.73476156403868 41.90118947485686, -87.73476156403868 41.90118947485686)"
89266452c77ffff,"H3:89266452c77ffff (suc=1, lamba_ariza=4)",7.48,"LINESTRING (-87.73946329754261 41.758407747806565, -87.73946329754261 41.758407747806565)"
892664cd62fffff,"H3:892664cd62fffff (suc=11, lamba_ariza=28)",50.8,"LINESTRING (-87.71635338177158 41.79461510467558, -87.71635338177158 41.79461510467558)"
892664cb32bffff,"H3:892664cb32bffff (suc=5, lamba_ariza=7)",19.95,"LINESTRING (-87.8069268607944 41.91776849031496, -87.8069268607944 41.91776849031496)"
8926645601bffff,"H3:8926645601bffff (suc=14, lamba_ariza=31)",60.51,"LINESTRING (-87.63568486323933 41.68650891725049, -87.63568486323933 41.68650891725049)"
89266456053ffff,"H3:89266456053ffff (suc=6, lamba_ariza=13)",28.64,"LINESTRING (-87.64286443408116 41.68817284348821, -87.64286443408116 41.68817284348821)"
892664cdacfffff,"H3:892664cdacfffff (suc=1, lamba_ariza=3)",4.42,"LINESTRING (-87.70121676189272 41.73680464441365, -87.70121676189272 41.73680464441365)"
89266456143ffff,"H3:89266456143ffff (suc=7, lamba_ariza=17)",34.69,"LINESTRING (-87.62326650221252 41.66925954691021, -87.62326650221252 41.66925954691021)"
892664c13cfffff,"H3:892664c13cfffff (suc=13, lamba_ariza=50)",61.26,"LINESTRING (-87.65330428890883 41.916025080255636, -87.65330428890883 41.916025080255636)"
892664d83abffff,"H3:892664d83abffff (suc=6, lamba_ariza=8)",23.45,"LINESTRING (-87.70671274666807 42.01482088067408, -87.70671274666807 42.01482088067408)"
89275936b63ffff,"H3:89275936b63ffff (suc=11, lamba_ariza=0)",31.07,"LINESTRING (-87.84760191060303 41.97188077539676, -87.84760191060303 41.97188077539676)"
892664cf6abffff,"H3:892664cf6abffff (suc=2, lamba_ariza=30)",30.03,"LINESTRING (-87.66597773473161 41.848539044862335, -87.66597773473161 41.848539044862335)"
892664c1a23ffff,"H3:892664c1a23ffff (suc=30, lamba_ariza=29)",80.75,"LINESTRING (-87.63028665707974 41.867490113385934, -87.63028665707974 41.867490113385934)"
892664ceac7ffff,"H3:892664ceac7ffff (suc=18, lamba_ariza=0)",45.36,"LINESTRING (-87.5705195094594 41.77525876545926, -87.5705195094594 41.77525876545926)"
892664cdd0bffff,"H3:892664cdd0bffff (suc=15, lamba_ariza=43)",65.09,"LINESTRING (-87.64055762780848 41.74034675434107, -87.64055762780848 41.74034675434107)"
892664d9a83ffff,"H3:892664d9a83ffff (suc=0, lamba_ariza=2)",1.37,"LINESTRING (-87.7750821493889 41.99368338129625, -87.7750821493889 41.99368338129625)"
892664cdb93ffff,"H3:892664cdb93ffff (suc=5, lamba_ariza=6)",19.64,"LINESTRING (-87.6665067583404 41.72558605151884, -87.6665067583404 41.72558605151884)"
89266452d2bffff,"H3:89266452d2bffff (suc=11, lamba_ariza=18)",46.11,"LINESTRING (-87.71559427907711 41.74012474646407, -87.71559427907711 41.74012474646407)"
892664cd883ffff,"H3:892664cd883ffff (suc=21, lamba_ariza=26)",70.32,"LINESTRING (-87.65914235922064 41.74305090377334, -87.65914235922064 41.74305090377334)"
892664d8bd7ffff,"H3:892664d8bd7ffff (suc=7, lamba_ariza=12)",31.41,"LINESTRING (-87.68112797083889 41.97208433723543, -87.68112797083889 41.97208433723543)"
892664d9b13ffff,"H3:892664d9b13ffff (suc=9, lamba_ariza=14)",37.04,"LINESTRING (-87.75953340780092 41.97410325660222, -87.75953340780092 41.97410325660222)"
8926645622bffff,"H3:8926645622bffff (suc=0, lamba_ariza=16)",14.2,"LINESTRING (-87.66160569625671 41.67176057318418, -87.66160569625671 41.67176057318418)"
892664cf4dbffff,"H3:892664cf4dbffff (suc=26, lamba_ariza=16)",70.23,"LINESTRING (-87.65138598638465 41.86436599476632, -87.65138598638465 41.86436599476632)"
892664cce47ffff,"H3:892664cce47ffff (suc=36, lamba_ariza=31)",86.08,"LINESTRING (-87.61530424432644 41.74408348893369, -87.61530424432644 41.74408348893369)"
892664c1b1bffff,"H3:892664c1b1bffff (suc=6, lamba_ariza=2)",20.47,"LINESTRING (-87.61710645961155 41.86124099055523, -87.61710645961155 41.86124099055523)"
892664cae37ffff,"H3:892664cae37ffff (suc=32, lamba_ariza=34)",84.48,"LINESTRING (-87.69746417715247 41.89580006413994, -87.69746417715247 41.89580006413994)"
892664c184bffff,"H3:892664c184bffff (suc=15, lamba_ariza=20)",56.98,"LINESTRING (-87.62113148858406 41.879777078403585, -87.62113148858406 41.879777078403585)"
892664c1e6fffff,"H3:892664c1e6fffff (suc=118, lamba_ariza=44)",98.4,"LINESTRING (-87.63431738907389 41.88602679842976, -87.63431738907389 41.88602679842976)"
892664cab37ffff,"H3:892664cab37ffff (suc=4, lamba_ariza=6)",19.05,"LINESTRING (-87.68513668813563 41.85935995774884, -87.68513668813563 41.85935995774884)"
892664ccc6fffff,"H3:892664ccc6fffff (suc=10, lamba_ariza=40)",51.85,"LINESTRING (-87.58532300524178 41.74032593714258, -87.58532300524178 41.74032593714258)"
892664ca10bffff,"H3:892664ca10bffff (suc=28, lamba_ariza=19)",74.65,"LINESTRING (-87.70205772869183 41.922464779480585, -87.70205772869183 41.922464779480585)"
892664ca80fffff,"H3:892664ca80fffff (suc=34, lamba_ariza=18)",77.93,"LINESTRING (-87.68672890458318 41.883724394114246, -87.68672890458318 41.883724394114246)"
892664ccb8bffff,"H3:892664ccb8bffff (suc=0, lamba_ariza=3)",2.35,"LINESTRING (-87.59220344194638 41.71475681280688, -87.59220344194638 41.71475681280688)"
892664c1ec3ffff,"H3:892664c1ec3ffff (suc=130, lamba_ariza=24)",93.89,"LINESTRING (-87.63113814957205 41.90290064035325, -87.63113814957205 41.90290064035325)"
892664d9977ffff,"H3:892664d9977ffff (suc=12, lamba_ariza=4)",36.35,"LINESTRING (-87.73362880278309 41.969752775368654, -87.73362880278309 41.969752775368654)"
892664cd51bffff,"H3:892664cd51bffff (suc=40, lamba_ariza=21)",83.74,"LINESTRING (-87.67247386013973 41.79567281849992, -87.67247386013973 41.79567281849992)"
892664cde0fffff,"H3:892664cde0fffff (suc=8, lamba_ariza=12)",33.08,"LINESTRING (-87.68789979299888 41.74970044630276, -87.68789979299888 41.74970044630276)"
892664c1e1bffff,"H3:892664c1e1bffff (suc=69, lamba_ariza=31)",94.05,"LINESTRING (-87.629382830483 41.89769221846785, -87.629382830483 41.89769221846785)"
8926645288fffff,"H3:8926645288fffff (suc=10, lamba_ariza=1)",28.88,"LINESTRING (-87.74014735709993 41.747386548786444, -87.74014735709993 41.747386548786444)"
892664cab7bffff,"H3:892664cab7bffff (suc=62, lamba_ariza=28)",92.59,"LINESTRING (-87.70376987171518 41.8620578895816, -87.70376987171518 41.8620578895816)"
892664c86d7ffff,"H3:892664c86d7ffff (suc=32, lamba_ariza=35)",84.83,"LINESTRING (-87.78704598833849 41.918005436462366, -87.78704598833849 41.918005436462366)"
892664cd167ffff,"H3:892664cd167ffff (suc=33, lamba_ariza=24)",81.57,"LINESTRING (-87.68176704906709 41.76425942252976, -87.68176704906709 41.76425942252976)"
892664cd3dbffff,"H3:892664cd3dbffff (suc=16, lamba_ariza=32)",63.78,"LINESTRING (-87.7152834467233 41.77838952200709, -87.7152834467233 41.77838952200709)"
892664ce377ffff,"H3:892664ce377ffff (suc=45, lamba_ariza=5)",72.22,"LINESTRING (-87.58346025403699 41.80065115001658, -87.58346025403699 41.80065115001658)"
892664cc32fffff,"H3:892664cc32fffff (suc=155, lamba_ariza=50)",99.25,"LINESTRING (-87.62424119596744 41.75094876192989, -87.62424119596744 41.75094876192989)"
892664cc3b3ffff,"H3:892664cc3b3ffff (suc=31, lamba_ariza=18)",76.27,"LINESTRING (-87.61510734346645 41.763216803467685, -87.61510734346645 41.763216803467685)"
892664cde67ffff,"H3:892664cde67ffff (suc=14, lamba_ariza=15)",51.63,"LINESTRING (-87.69035178367929 41.743877543599886, -87.69035178367929 41.743877543599886)"
892664c1eabffff,"H3:892664c1eabffff (suc=40, lamba_ariza=29)",87.81,"LINESTRING (-87.61918236693309 41.89373315986156, -87.61918236693309 41.89373315986156)"
892664cd9c7ffff,"H3:892664cd9c7ffff (suc=3, lamba_ariza=6)",13.54,"LINESTRING (-87.6467007917721 41.72579361588949, -87.6467007917721 41.72579361588949)"
892664c1353ffff,"H3:892664c1353ffff (suc=4, lamba_ariza=12)",25.02,"LINESTRING (-87.65752835561621 41.915399101348214, -87.65752835561621 41.915399101348214)"
892664cd667ffff,"H3:892664cd667ffff (suc=26, lamba_ariza=7)",61.67,"LINESTRING (-87.72355121119892 41.7962750435498, -87.72355121119892 41.7962750435498)"
892664cf323ffff,"H3:892664cf323ffff (suc=22, lamba_ariza=47)",75.44,"LINESTRING (-87.65614650757645 41.806287123013256, -87.65614650757645 41.806287123013256)"
892664c8837ffff,"H3:892664c8837ffff (suc=15, lamba_ariza=8)",46.91,"LINESTRING (-87.72324660106312 41.83456540932361, -87.72324660106312 41.83456540932361)"
892664c10c7ffff,"H3:892664c10c7ffff (suc=26, lamba_ariza=19)",72.36,"LINESTRING (-87.64044402456153 41.937074972772734, -87.64044402456153 41.937074972772734)"
892664ccbc3ffff,"H3:892664ccbc3ffff (suc=5, lamba_ariza=19)",32.47,"LINESTRING (-87.59938660274128 41.716423854668435, -87.59938660274128 41.716423854668435)"
89266456497ffff,"H3:89266456497ffff (suc=8, lamba_ariza=45)",47.18,"LINESTRING (-87.61323773949573 41.71164921382395, -87.61323773949573 41.71164921382395)"
892664c86abffff,"H3:892664c86abffff (suc=4, lamba_ariza=6)",19.22,"LINESTRING (-87.77928047713901 41.90822422982531, -87.77928047713901 41.90822422982531)"
892664cf233ffff,"H3:892664cf233ffff (suc=18, lamba_ariza=19)",62.18,"LINESTRING (-87.67581446837853 41.82522205386186, -87.67581446837853 41.82522205386186)"
892664caa23ffff,"H3:892664caa23ffff (suc=59, lamba_ariza=18)",86.16,"LINESTRING (-87.71028518241718 41.87475636342744, -87.71028518241718 41.87475636342744)"
892664c1e4fffff,"H3:892664c1e4fffff (suc=31, lamba_ariza=32)",82.49,"LINESTRING (-87.6390618855693 41.8935257829594, -87.6390618855693 41.8935257829594)"
892664cc407ffff,"H3:892664cc407ffff (suc=18, lamba_ariza=3)",48.76,"LINESTRING (-87.60751638705824 41.799829702415394, -87.60751638705824 41.799829702415394)"
892664ca303ffff,"H3:892664ca303ffff (suc=60, lamba_ariza=20)",88.03,"LINESTRING (-87.72739624953994 41.91869576971346, -87.72739624953994 41.91869576971346)"
892664ca893ffff,"H3:892664ca893ffff (suc=36, lamba_ariza=25)",83.85,"LINESTRING (-87.67758681257313 41.89601755936125, -87.67758681257313 41.89601755936125)"
89266452ca3ffff,"H3:89266452ca3ffff (suc=1, lamba_ariza=1)",5.28,"LINESTRING (-87.72561554765446 41.76320030503896, -87.72561554765446 41.76320030503896)"
892664cc6dbffff,"H3:892664cc6dbffff (suc=3, lamba_ariza=3)",11.55,"LINESTRING (-87.64771807635324 41.807536064087415, -87.64771807635324 41.807536064087415)"
892664cc35bffff,"H3:892664cc35bffff (suc=15, lamba_ariza=29)",60.53,"LINESTRING (-87.64212246733717 41.764678482578134, -87.64212246733717 41.764678482578134)"
89275934187ffff,"H3:89275934187ffff (suc=11, lamba_ariza=0)",31.14,"LINESTRING (-87.88187245336532 41.99411603723898, -87.88187245336532 41.99411603723898)"
892664cb003ffff,"H3:892664cb003ffff (suc=11, lamba_ariza=22)",49.28,"LINESTRING (-87.79891507691026 41.94632725656024, -87.79891507691026 41.94632725656024)"
892664cf667ffff,"H3:892664cf667ffff (suc=0, lamba_ariza=2)",1.34,"LINESTRING (-87.6768717252603 41.841457889635016, -87.6768717252603 41.841457889635016)"
892664c833bffff,"H3:892664c833bffff (suc=23, lamba_ariza=11)",61.98,"LINESTRING (-87.77232875117507 41.86824534163794, -87.77232875117507 41.86824534163794)"
892664cc397ffff,"H3:892664cc397ffff (suc=28, lamba_ariza=88)",82.88,"LINESTRING (-87.61685601901452 41.768417408684975, -87.61685601901452 41.768417408684975)"
892664d98c7ffff,"H3:892664d98c7ffff (suc=1, lamba_ariza=10)",8.57,"LINESTRING (-87.75393853847103 41.99683792426945, -87.75393853847103 41.99683792426945)"
892664cf68bffff,"H3:892664cf68bffff (suc=25, lamba_ariza=10)",63.36,"LINESTRING (-87.67072314726865 41.85603328036624, -87.67072314726865 41.85603328036624)"
892664cd837ffff,"H3:892664cd837ffff (suc=26, lamba_ariza=27)",76.96,"LINESTRING (-87.65686592459295 41.72974422614756, -87.65686592459295 41.72974422614756)"
892664ccd13ffff,"H3:892664ccd13ffff (suc=29, lamba_ariza=37)",82.29,"LINESTRING (-87.55534443023214 41.73656048619705, -87.55534443023214 41.73656048619705)"
892664ce37bffff,"H3:892664ce37bffff (suc=57, lamba_ariza=15)",83.72,"LINESTRING (-87.59065660537517 41.80231972426417, -87.59065660537517 41.80231972426417)"
892664d8c23ffff,"H3:892664d8c23ffff (suc=19, lamba_ariza=4)",49.94,"LINESTRING (-87.65856903397871 41.997326496584186, -87.65856903397871 41.997326496584186)"
89266419687ffff,"H3:89266419687ffff (suc=1, lamba_ariza=5)",6.86,"LINESTRING (-87.56420021354961 41.697068441572036, -87.56420021354961 41.697068441572036)"
8926645648fffff,"H3:8926645648fffff (suc=24, lamba_ariza=24)",73.51,"LINESTRING (-87.61867382344883 41.708117683119966, -87.61867382344883 41.708117683119966)"
892664cf073ffff,"H3:892664cf073ffff (suc=4, lamba_ariza=13)",26.04,"LINESTRING (-87.65772173444088 41.83063739751043, -87.65772173444088 41.83063739751043)"
892664cf14fffff,"H3:892664cf14fffff (suc=15, lamba_ariza=29)",61.86,"LINESTRING (-87.64402633385714 41.81627666461734, -87.64402633385714 41.81627666461734)"
8926645754bffff,"H3:8926645754bffff (suc=2, lamba_ariza=15)",20.48,"LINESTRING (-87.69855981647915 41.69627356582991, -87.69855981647915 41.69627356582991)"
892664ca347ffff,"H3:892664ca347ffff (suc=27, lamba_ariza=18)",72.27,"LINESTRING (-87.73584114951997 41.9174382859107, -87.73584114951997 41.9174382859107)"
892664c1b67ffff,"H3:892664c1b67ffff (suc=11, lamba_ariza=5)",36.54,"LINESTRING (-87.6178214721937 41.85020511164933, -87.6178214721937 41.85020511164933)"
892664d81a7ffff,"H3:892664d81a7ffff (suc=30, lamba_ariza=23)",79.13,"LINESTRING (-87.66985364034582 42.01755552494979, -87.66985364034582 42.01755552494979)"
892664cd60fffff,"H3:892664cd60fffff (suc=6, lamba_ariza=13)",29.72,"LINESTRING (-87.72110082746029 41.802102255053825, -87.72110082746029 41.802102255053825)"
89266457513ffff,"H3:89266457513ffff (suc=3, lamba_ariza=14)",23.06,"LINESTRING (-87.68174642779745 41.6987713244927, -87.68174642779745 41.6987713244927)"
892664c8453ffff,"H3:892664c8453ffff (suc=29, lamba_ariza=14)",71.03,"LINESTRING (-87.767163925856 41.918238965492655, -87.767163925856 41.918238965492655)"
89275936c27ffff,"H3:89275936c27ffff (suc=0, lamba_ariza=4)",2.74,"LINESTRING (-87.81601903740783 42.00947016442722, -87.81601903740783 42.00947016442722)"
892664cc423ffff,"H3:892664cc423ffff (suc=13, lamba_ariza=27)",57.45,"LINESTRING (-87.60576753398061 41.794626993174134, -87.60576753398061 41.794626993174134)"
89266452287ffff,"H3:89266452287ffff (suc=3, lamba_ariza=9)",17.55,"LINESTRING (-87.79866263432928 41.79599361510294, -87.79866263432928 41.79599361510294)"
892664c852bffff,"H3:892664c852bffff (suc=0, lamba_ariza=1)",0.43,"LINESTRING (-87.73544887149723 41.890149162076185, -87.73544887149723 41.890149162076185)"
892664c18cfffff,"H3:892664c18cfffff (suc=1, lamba_ariza=4)",3.6,"LINESTRING (-87.61145327042516 41.88394125009894, -87.61145327042516 41.88394125009894)"
892664d9a3bffff,"H3:892664d9a3bffff (suc=2, lamba_ariza=19)",21.45,"LINESTRING (-87.77998832261191 41.98199986673405, -87.77998832261191 41.98199986673405)"
892664cb56bffff,"H3:892664cb56bffff (suc=2, lamba_ariza=15)",18.74,"LINESTRING (-87.78024673182827 41.943644274202434, -87.78024673182827 41.943644274202434)"
892664cae03ffff,"H3:892664cae03ffff (suc=22, lamba_ariza=15)",65.21,"LINESTRING (-87.70644091620713 41.9026691109991, -87.70644091620713 41.9026691109991)"
892664c8ed7ffff,"H3:892664c8ed7ffff (suc=1, lamba_ariza=9)",8.44,"LINESTRING (-87.753692252274 41.865558664665, -87.753692252274 41.865558664665)"
892664d9b97ffff,"H3:892664d9b97ffff (suc=6, lamba_ariza=12)",29.52,"LINESTRING (-87.7498512334006 41.97828417611677, -87.7498512334006 41.97828417611677)"
892664cd697ffff,"H3:892664cd697ffff (suc=16, lamba_ariza=31)",64.39,"LINESTRING (-87.70899774185654 41.81209724954574, -87.70899774185654 41.81209724954574)"
892664c1e2fffff,"H3:892664c1e2fffff (suc=131, lamba_ariza=51)",99.05,"LINESTRING (-87.62288523252923 41.88498459929929, -87.62288523252923 41.88498459929929)"
892664cb4a3ffff,"H3:892664cb4a3ffff (suc=16, lamba_ariza=20)",59.5,"LINESTRING (-87.77889179430588 41.965739906235754, -87.77889179430588 41.965739906235754)"
892664cc37bffff,"H3:892664cc37bffff (suc=34, lamba_ariza=14)",74.91,"LINESTRING (-87.6373907163068 41.757190513657854, -87.6373907163068 41.757190513657854)"
8926641b64fffff,"H3:8926641b64fffff (suc=3, lamba_ariza=2)",13.03,"LINESTRING (-87.5397383844436 41.73612978825005, -87.5397383844436 41.73612978825005)"
892664d832fffff,"H3:892664d832fffff (suc=3, lamba_ariza=4)",12.35,"LINESTRING (-87.71040791416229 42.00605723821376, -87.71040791416229 42.00605723821376)"
892664cc577ffff,"H3:892664cc577ffff (suc=26, lamba_ariza=12)",66.46,"LINESTRING (-87.59209717313729 41.78026479764957, -87.59209717313729 41.78026479764957)"
892664cd64bffff,"H3:892664cd64bffff (suc=4, lamba_ariza=10)",22.16,"LINESTRING (-87.73549937647704 41.805421239708174, -87.73549937647704 41.805421239708174)"
892664caebbffff,"H3:892664caebbffff (suc=48, lamba_ariza=22)",87.42,"LINESTRING (-87.6979973010968 41.90392410976499, -87.6979973010968 41.90392410976499)"
892664cf263ffff,"H3:892664cf263ffff (suc=21, lamba_ariza=36)",73.88,"LINESTRING (-87.68845969607536 41.82334473612813, -87.68845969607536 41.82334473612813)"
892664ccd1bffff,"H3:892664ccd1bffff (suc=24, lamba_ariza=20)",70.57,"LINESTRING (-87.55955446194348 41.735940291246706, -87.55955446194348 41.735940291246706)"
89266456083ffff,"H3:89266456083ffff (suc=33, lamba_ariza=17)",77.09,"LINESTRING (-87.62604866597398 41.690662242155724, -87.62604866597398 41.690662242155724)"
892664cdda3ffff,"H3:892664cdda3ffff (suc=8, lamba_ariza=9)",30.51,"LINESTRING (-87.62495279316146 41.73992768384518, -87.62495279316146 41.73992768384518)"
892664cf57bffff,"H3:892664cf57bffff (suc=17, lamba_ariza=22)",62.34,"LINESTRING (-87.63242144903971 41.83438470174431, -87.63242144903971 41.83438470174431)"
892664ca193ffff,"H3:892664ca193ffff (suc=22, lamba_ariza=12)",61.6,"LINESTRING (-87.68991836328912 41.93247427017792, -87.68991836328912 41.93247427017792)"
892664cea3bffff,"H3:892664cea3bffff (suc=58, lamba_ariza=28)",92.0,"LINESTRING (-87.567032049718 41.764855007508665, -87.567032049718 41.764855007508665)"
892664cd8cfffff,"H3:892664cd8cfffff (suc=6, lamba_ariza=19)",35.61,"LINESTRING (-87.6717663342421 41.74117851965083, -87.6717663342421 41.74117851965083)"
892664c126bffff,"H3:892664c126bffff (suc=31, lamba_ariza=15)",73.98,"LINESTRING (-87.67917633761182 41.920392966696106, -87.67917633761182 41.920392966696106)"
892664c88cfffff,"H3:892664c88cfffff (suc=0, lamba_ariza=8)",6.46,"LINESTRING (-87.73819480732124 41.84600267755654, -87.73819480732124 41.84600267755654)"
892664cf333ffff,"H3:892664cf333ffff (suc=10, lamba_ariza=10)",37.64,"LINESTRING (-87.65491667563 41.80920057245114, -87.65491667563 41.80920057245114)"
892664d9b83ffff,"H3:892664d9b83ffff (suc=1, lamba_ariza=11)",12.66,"LINESTRING (-87.75407867461477 41.97765393899279, -87.75407867461477 41.97765393899279)"
892664ca493ffff,"H3:892664ca493ffff (suc=19, lamba_ariza=8)",53.33,"LINESTRING (-87.70226902898936 41.968944447378085, -87.70226902898936 41.968944447378085)"
892664d9973ffff,"H3:892664d9973ffff (suc=4, lamba_ariza=11)",23.08,"LINESTRING (-87.73662709722387 41.9720431976266, -87.73662709722387 41.9720431976266)"
892664c8393ffff,"H3:892664c8393ffff (suc=47, lamba_ariza=23)",87.55,"LINESTRING (-87.76620819813152 41.88282897796324, -87.76620819813152 41.88282897796324)"
892664520cfffff,"H3:892664520cfffff (suc=0, lamba_ariza=3)",2.17,"LINESTRING (-87.78481181647835 41.800795753661916, -87.78481181647835 41.800795753661916)"
892664d992fffff,"H3:892664d992fffff (suc=13, lamba_ariza=20)",53.41,"LINESTRING (-87.72763303965023 41.96517183358251, -87.72763303965023 41.96517183358251)"
892664cd65bffff,"H3:892664cd65bffff (suc=2, lamba_ariza=27)",26.32,"LINESTRING (-87.73427481090704 41.808335215034305, -87.73427481090704 41.808335215034305)"
892664d98dbffff,"H3:892664d98dbffff (suc=0, lamba_ariza=1)",0.7,"LINESTRING (-87.75994063755698 42.00141884100271, -87.75994063755698 42.00141884100271)"
892664c1463ffff,"H3:892664c1463ffff (suc=2, lamba_ariza=0)",6.62,"LINESTRING (-87.63674046916789 41.94582960201827, -87.63674046916789 41.94582960201827)"
892664cb217ffff,"H3:892664cb217ffff (suc=3, lamba_ariza=23)",28.14,"LINESTRING (-87.82425264176304 41.94253557737652, -87.82425264176304 41.94253557737652)"
892664cc5cfffff,"H3:892664cc5cfffff (suc=4, lamba_ariza=35)",35.59,"LINESTRING (-87.59559122050494 41.7906693437527, -87.59559122050494 41.7906693437527)"
892664cc463ffff,"H3:892664cc463ffff (suc=16, lamba_ariza=10)",49.58,"LINESTRING (-87.61717745756309 41.7956710490657, -87.61717745756309 41.7956710490657)"
892664cabcfffff,"H3:892664cabcfffff (suc=37, lamba_ariza=11)",74.16,"LINESTRING (-87.70008489537902 41.870805657622164, -87.70008489537902 41.870805657622164)"
892664d8e4bffff,"H3:892664d8e4bffff (suc=5, lamba_ariza=12)",25.32,"LINESTRING (-87.70864005719571 42.00084434134713, -87.70864005719571 42.00084434134713)"
892664d9937ffff,"H3:892664d9937ffff (suc=22, lamba_ariza=16)",65.66,"LINESTRING (-87.7221764763137 41.968720707321154, -87.7221764763137 41.968720707321154)"
89266452cd7ffff,"H3:89266452cd7ffff (suc=9, lamba_ariza=14)",38.16,"LINESTRING (-87.73755551462675 41.772343107982614, -87.73755551462675 41.772343107982614)"
892664c868fffff,"H3:892664c868fffff (suc=7, lamba_ariza=33)",43.13,"LINESTRING (-87.7810524442038 41.913430024121325, -87.7810524442038 41.913430024121325)"
89266457517ffff,"H3:89266457517ffff (suc=0, lamba_ariza=10)",8.01,"LINESTRING (-87.67876811203452 41.69648582994191, -87.67876811203452 41.69648582994191)"
892664528a3ffff,"H3:892664528a3ffff (suc=4, lamba_ariza=28)",34.73,"LINESTRING (-87.73417983113792 41.74281655095234, -87.73417983113792 41.74281655095234)"
892664cad27ffff,"H3:892664cad27ffff (suc=72, lamba_ariza=12)",83.08,"LINESTRING (-87.64821460448756 41.88123548474539, -87.64821460448756 41.88123548474539)"
892664d997bffff,"H3:892664d997bffff (suc=5, lamba_ariza=11)",26.1,"LINESTRING (-87.74085428624755 41.97141351497834, -87.74085428624755 41.97141351497834)"
892664c1023ffff,"H3:892664c1023ffff (suc=14, lamba_ariza=3)",39.98,"LINESTRING (-87.63393801704494 41.924362473596396, -87.63393801704494 41.924362473596396)"
89275936dc3ffff,"H3:89275936dc3ffff (suc=7, lamba_ariza=5)",26.0,"LINESTRING (-87.80756116438587 42.01073575765231, -87.80756116438587 42.01073575765231)"
892664ca6a7ffff,"H3:892664ca6a7ffff (suc=8, lamba_ariza=23)",42.49,"LINESTRING (-87.72532623787217 41.95183271774806, -87.72532623787217 41.95183271774806)"
89266452d73ffff,"H3:89266452d73ffff (suc=6, lamba_ariza=10)",28.17,"LINESTRING (-87.72155989785495 41.744695683032226, -87.72155989785495 41.744695683032226)"
892664c8dbbffff,"H3:892664c8dbbffff (suc=25, lamba_ariza=31)",76.67,"LINESTRING (-87.69426935270945 41.84707213055368, -87.69426935270945 41.84707213055368)"
892664c134bffff,"H3:892664c134bffff (suc=31, lamba_ariza=5)",64.57,"LINESTRING (-87.66298445609328 41.911855624967465, -87.66298445609328 41.911855624967465)"
892664c129bffff,"H3:892664c129bffff (suc=19, lamba_ariza=18)",62.22,"LINESTRING (-87.66456687228406 41.93623626442902, -87.66456687228406 41.93623626442902)"
8926641942fffff,"H3:8926641942fffff (suc=0, lamba_ariza=5)",3.66,"LINESTRING (-87.54092507473328 41.68686229721931, -87.54092507473328 41.68686229721931)"
892664cad9bffff,"H3:892664cad9bffff (suc=5, lamba_ariza=1)",16.03,"LINESTRING (-87.65225355424246 41.89977411939097, -87.65225355424246 41.89977411939097)"
89266456203ffff,"H3:89266456203ffff (suc=22, lamba_ariza=28)",72.27,"LINESTRING (-87.66213001237004 41.67986337229478, -87.66213001237004 41.67986337229478)"
892664c13c7ffff,"H3:892664c13c7ffff (suc=8, lamba_ariza=33)",45.2,"LINESTRING (-87.64908006368975 41.91665091556181, -87.64908006368975 41.91665091556181)"
892664cc973ffff,"H3:892664cc973ffff (suc=2, lamba_ariza=10)",13.77,"LINESTRING (-87.57065630346789 41.7097530286859, -87.57065630346789 41.7097530286859)"
892664cd8d7ffff,"H3:892664cd8d7ffff (suc=28, lamba_ariza=14)",70.4,"LINESTRING (-87.66633113476222 41.74471395595432, -87.66633113476222 41.74471395595432)"
89266457013ffff,"H3:89266457013ffff (suc=1, lamba_ariza=5)",5.99,"LINESTRING (-87.71116820489497 41.69439875713389, -87.71116820489497 41.69439875713389)"
892664ca597ffff,"H3:892664ca597ffff (suc=13, lamba_ariza=42)",60.4,"LINESTRING (-87.67830359048705 41.950612824162235, -87.67830359048705 41.950612824162235)"
892664cca57ffff,"H3:892664cca57ffff (suc=8, lamba_ariza=28)",45.03,"LINESTRING (-87.62268615254268 41.726620264240665, -87.62268615254268 41.726620264240665)"
89266419153ffff,"H3:89266419153ffff (suc=0, lamba_ariza=2)",1.18,"LINESTRING (-87.54238588468984 41.6648376134508, -87.54238588468984 41.6648376134508)"
892664cf3d3ffff,"H3:892664cf3d3ffff (suc=9, lamba_ariza=6)",30.26,"LINESTRING (-87.66439758058593 41.82418392310902, -87.66439758058593 41.82418392310902)"
892664d99a7ffff,"H3:892664d99a7ffff (suc=9, lamba_ariza=22)",44.71,"LINESTRING (-87.71671899994557 41.97226952100573, -87.71671899994557 41.97226952100573)"
892664cb1abffff,"H3:892664cb1abffff (suc=24, lamba_ariza=23)",72.66,"LINESTRING (-87.77070639486953 41.9286525628303, -87.77070639486953 41.9286525628303)"
892664d9887ffff,"H3:892664d9887ffff (suc=0, lamba_ariza=16)",13.79,"LINESTRING (-87.7424796121202 41.995807953114195, -87.7424796121202 41.995807953114195)"
89266456437ffff,"H3:89266456437ffff (suc=16, lamba_ariza=26)",62.63,"LINESTRING (-87.6151810194242 41.697724149081985, -87.6151810194242 41.697724149081985)"
892664d8b97ffff,"H3:892664d8b97ffff (suc=16, lamba_ariza=34)",64.47,"LINESTRING (-87.66967475518722 41.9710469883203, -87.66967475518722 41.9710469883203)"
892664cea2bffff,"H3:892664cea2bffff (suc=23, lamba_ariza=54)",76.9,"LINESTRING (-87.56826650160859 41.76194380602572, -87.56826650160859 41.76194380602572)"
892664cc2cbffff,"H3:892664cc2cbffff (suc=16, lamba_ariza=9)",50.07,"LINESTRING (-87.65755573764677 41.78423210659736, -87.65755573764677 41.78423210659736)"
892664cccd3ffff,"H3:892664cccd3ffff (suc=26, lamba_ariza=20)",72.97,"LINESTRING (-87.58090213745714 41.76008044266007, -87.58090213745714 41.76008044266007)"
892664ca28fffff,"H3:892664ca28fffff (suc=14, lamba_ariza=20)",54.98,"LINESTRING (-87.74291395043309 41.93826912221744, -87.74291395043309 41.93826912221744)"
892664cad23ffff,"H3:892664cad23ffff (suc=111, lamba_ariza=15)",87.52,"LINESTRING (-87.6512035558833 41.883526270054865, -87.6512035558833 41.883526270054865)"
892664cd083ffff,"H3:892664cd083ffff (suc=13, lamba_ariza=8)",41.09,"LINESTRING (-87.69230838694466 41.795458934754755, -87.69230838694466 41.795458934754755)"
892664cb107ffff,"H3:892664cb107ffff (suc=11, lamba_ariza=23)",49.71,"LINESTRING (-87.77492878923698 41.92802221251102, -87.77492878923698 41.92802221251102)"
892664cc80bffff,"H3:892664cc80bffff (suc=2, lamba_ariza=11)",15.07,"LINESTRING (-87.59025241870029 41.728684796527354, -87.59025241870029 41.728684796527354)"
892664c104fffff,"H3:892664c104fffff (suc=11, lamba_ariza=18)",46.21,"LINESTRING (-87.65136351948753 41.92998729836094, -87.65136351948753 41.92998729836094)"
89266452dbbffff,"H3:89266452dbbffff (suc=11, lamba_ariza=14)",44.16,"LINESTRING (-87.70771378142895 41.749485167218594, -87.70771378142895 41.749485167218594)"
892664c848fffff,"H3:892664c848fffff (suc=15, lamba_ariza=9)",47.94,"LINESTRING (-87.75150270724812 41.917839696591265, -87.75150270724812 41.917839696591265)"
8926645624fffff,"H3:8926645624fffff (suc=3, lamba_ariza=9)",17.69,"LINESTRING (-87.6747365473292 41.67799308994735, -87.6747365473292 41.67799308994735)"
892664cc1dbffff,"H3:892664cc1dbffff (suc=48, lamba_ariza=18)",84.69,"LINESTRING (-87.6059684382097 41.77548621453909, -87.6059684382097 41.77548621453909)"
892664cf4c3ffff,"H3:892664cf4c3ffff (suc=22, lamba_ariza=9)",59.32,"LINESTRING (-87.64839826653062 41.86207567062575, -87.64839826653062 41.86207567062575)"
892664ceb4bffff,"H3:892664ceb4bffff (suc=77, lamba_ariza=10)",81.31,"LINESTRING (-87.56354612853394 41.7544523611267, -87.56354612853394 41.7544523611267)"
892664570d7ffff,"H3:892664570d7ffff (suc=3, lamba_ariza=18)",26.53,"LINESTRING (-87.71292464831974 41.699593106860796, -87.71292464831974 41.699593106860796)"
89266452c2fffff,"H3:89266452c2fffff (suc=1, lamba_ariza=15)",16.84,"LINESTRING (-87.73349440691815 41.753837183936604, -87.73349440691815 41.753837183936604)"
892664cc207ffff,"H3:892664cc207ffff (suc=60, lamba_ariza=22)",89.52,"LINESTRING (-87.64562615739148 41.775078980488296, -87.64562615739148 41.775078980488296)"
892664ceb73ffff,"H3:892664ceb73ffff (suc=30, lamba_ariza=29)",80.7,"LINESTRING (-87.55338120853365 41.75049219995584, -87.55338120853365 41.75049219995584)"
892664cd0afffff,"H3:892664cd0afffff (suc=32, lamba_ariza=13)",72.39,"LINESTRING (-87.68879305760075 41.78505799046571, -87.68879305760075 41.78505799046571)"
892664cc8b3ffff,"H3:892664cc8b3ffff (suc=14, lamba_ariza=19)",54.28,"LINESTRING (-87.57341691007271 41.731168741272846, -87.57341691007271 41.731168741272846)"
892664cd0d7ffff,"H3:892664cd0d7ffff (suc=13, lamba_ariza=12)",45.35,"LINESTRING (-87.69950591439425 41.7971204334927, -87.69950591439425 41.7971204334927)"
892664cea43ffff,"H3:892664cea43ffff (suc=6, lamba_ariza=13)",28.48,"LINESTRING (-87.58017965184062 41.771104545320036, -87.58017965184062 41.771104545320036)"
89266419e9bffff,"H3:89266419e9bffff (suc=1, lamba_ariza=6)",6.3,"LINESTRING (-87.53717684290844 41.649250715864646, -87.53717684290844 41.649250715864646)"
892664c80c7ffff,"H3:892664c80c7ffff (suc=22, lamba_ariza=11)",60.84,"LINESTRING (-87.76729833140591 41.899073305985794, -87.76729833140591 41.899073305985794)"
89266456453ffff,"H3:89266456453ffff (suc=6, lamba_ariza=30)",38.91,"LINESTRING (-87.63426811884727 41.708538058378416, -87.63426811884727 41.708538058378416)"
892664565cbffff,"H3:892664565cbffff (suc=34, lamba_ariza=21)",80.31,"LINESTRING (-87.61220556884615 41.69543677349482, -87.61220556884615 41.69543677349482)"
892664cc3c7ffff,"H3:892664cc3c7ffff (suc=32, lamba_ariza=28)",82.4,"LINESTRING (-87.62948995083826 41.76654858733383, -87.62948995083826 41.76654858733383)"
892664ca0c7ffff,"H3:892664ca0c7ffff (suc=17, lamba_ariza=3)",46.11,"LINESTRING (-87.72056274576313 41.94433320016395, -87.72056274576313 41.94433320016395)"
892664ca473ffff,"H3:892664ca473ffff (suc=11, lamba_ariza=8)",38.04,"LINESTRING (-87.7156448157776 41.95600956175315, -87.7156448157776 41.95600956175315)"
892664c83afffff,"H3:892664c83afffff (suc=1, lamba_ariza=6)",6.26,"LINESTRING (-87.76389460101619 41.869504181074646, -87.76389460101619 41.869504181074646)"
89266452d37ffff,"H3:89266452d37ffff (suc=17, lamba_ariza=19)",59.97,"LINESTRING (-87.70718074520951 41.74137624755422, -87.70718074520951 41.74137624755422)"
8926645204fffff,"H3:8926645204fffff (suc=1, lamba_ariza=20)",18.02,"LINESTRING (-87.79146350587725 41.79433852364134, -87.79146350587725 41.79433852364134)"
8926641903bffff,"H3:8926641903bffff (suc=2, lamba_ariza=15)",18.87,"LINESTRING (-87.55129833662004 41.67170342845515, -87.55129833662004 41.67170342845515)"
892664d9a6bffff,"H3:892664d9a6bffff (suc=6, lamba_ariza=16)",31.44,"LINESTRING (-87.79266899891483 41.98010533620938, -87.79266899891483 41.98010533620938)"
892664ccda3ffff,"H3:892664ccda3ffff (suc=26, lamba_ariza=24)",75.53,"LINESTRING (-87.54518393796313 41.732600195790994, -87.54518393796313 41.732600195790994)"
892664cb307ffff,"H3:892664cb307ffff (suc=22, lamba_ariza=37)",74.46,"LINESTRING (-87.8044810738644 41.92360574925625, -87.8044810738644 41.92360574925625)"
892664cc12bffff,"H3:892664cc12bffff (suc=9, lamba_ariza=24)",44.77,"LINESTRING (-87.59774745736289 41.757593960288695, -87.59774745736289 41.757593960288695)"
892664cd8abffff,"H3:892664cd8abffff (suc=23, lamba_ariza=12)",63.13,"LINESTRING (-87.65861784653806 41.73494189903107, -87.65861784653806 41.73494189903107)"
892664c880bffff,"H3:892664c880bffff (suc=3, lamba_ariza=30)",30.14,"LINESTRING (-87.73643006038623 41.84080001029873, -87.73643006038623 41.84080001029873)"
892664cc843ffff,"H3:892664cc843ffff (suc=8, lamba_ariza=24)",42.29,"LINESTRING (-87.5974377062462 41.730352121529904, -87.5974377062462 41.730352121529904)"
892664cd207ffff,"H3:892664cd207ffff (suc=10, lamba_ariza=41)",52.36,"LINESTRING (-87.72546426979636 41.782335590350584, -87.72546426979636 41.782335590350584)"
892664c81abffff,"H3:892664c81abffff (suc=40, lamba_ariza=20)",83.52,"LINESTRING (-87.7373621685656 41.87619374832299, -87.7373621685656 41.87619374832299)"
892664d990bffff,"H3:892664d990bffff (suc=7, lamba_ariza=15)",33.58,"LINESTRING (-87.73539818078741 41.97496326322698, -87.73539818078741 41.97496326322698)"
892664c8607ffff,"H3:892664c8607ffff (suc=1, lamba_ariza=0)",3.7,"LINESTRING (-87.7835007965482 41.90759383406861, -87.7835007965482 41.90759383406861)"
892664c8407ffff,"H3:892664c8407ffff (suc=24, lamba_ariza=6)",58.14,"LINESTRING (-87.75395520854227 41.91200359798057, -87.75395520854227 41.91200359798057)"
89266452d63ffff,"H3:89266452d63ffff (suc=5, lamba_ariza=30)",37.51,"LINESTRING (-87.72278361845886 41.74178413074749, -87.72278361845886 41.74178413074749)"
89266457033ffff,"H3:89266457033ffff (suc=1, lamba_ariza=0)",4.39,"LINESTRING (-87.70643328704384 41.686920212979715, -87.70643328704384 41.686920212979715)"
892664cdddbffff,"H3:892664cdddbffff (suc=118, lamba_ariza=14)",86.09,"LINESTRING (-87.64405913670228 41.75074436951845, -87.64405913670228 41.75074436951845)"
892664d9b73ffff,"H3:892664d9b73ffff (suc=22, lamba_ariza=23)",70.07,"LINESTRING (-87.7662140643595 41.967632401742605, -87.7662140643595 41.967632401742605)"
892664d8e8bffff,"H3:892664d8e8bffff (suc=11, lamba_ariza=11)",40.17,"LINESTRING (-87.69048371620859 42.00627996569342, -87.69048371620859 42.00627996569342)"
892664ca0b7ffff,"H3:892664ca0b7ffff (suc=20, lamba_ariza=25)",69.06,"LINESTRING (-87.70312638474442 41.93871866572113, -87.70312638474442 41.93871866572113)"
89266456383ffff,"H3:89266456383ffff (suc=11, lamba_ariza=12)",41.52,"LINESTRING (-87.63464545239083 41.67030203471065, -87.63464545239083 41.67030203471065)"
8926641939bffff,"H3:8926641939bffff (suc=16, lamba_ariza=16)",54.83,"LINESTRING (-87.55796783453127 41.665268945325536, -87.55796783453127 41.665268945325536)"
892664cd063ffff,"H3:892664cd063ffff (suc=20, lamba_ariza=25)",68.16,"LINESTRING (-87.70563715935059 41.78255481019949, -87.70563715935059 41.78255481019949)"
89266457023ffff,"H3:89266457023ffff (suc=1, lamba_ariza=3)",7.02,"LINESTRING (-87.70765647759626 41.68401089057746, -87.70765647759626 41.68401089057746)"
892664ccb87ffff,"H3:892664ccb87ffff (suc=0, lamba_ariza=1)",0.18,"LINESTRING (-87.58502067167325 41.71308932779944, -87.58502067167325 41.71308932779944)"
892664cda97ffff,"H3:892664cda97ffff (suc=0, lamba_ariza=2)",1.26,"LINESTRING (-87.68438889179917 41.73930485500774, -87.68438889179917 41.73930485500774)"
892664cad0fffff,"H3:892664cad0fffff (suc=98, lamba_ariza=10)",82.5,"LINESTRING (-87.65718228186361 41.88810774619537, -87.65718228186361 41.88810774619537)"
892664ca2a3ffff,"H3:892664ca2a3ffff (suc=15, lamba_ariza=14)",52.53,"LINESTRING (-87.736921492209 41.933690204806844, -87.736921492209 41.933690204806844)"
892664d9e33ffff,"H3:892664d9e33ffff (suc=0, lamba_ariza=8)",6.3,"LINESTRING (-87.76717155491163 42.00307821806359, -87.76717155491163 42.00307821806359)"
892664ca2a7ffff,"H3:892664ca2a7ffff (suc=12, lamba_ariza=7)",38.95,"LINESTRING (-87.73392567533857 41.93140069774264, -87.73392567533857 41.93140069774264)"
892664cc3c3ffff,"H3:892664cc3c3ffff (suc=18, lamba_ariza=11)",53.95,"LINESTRING (-87.6324707066461 41.76883717379796, -87.6324707066461 41.76883717379796)"
892664cceabffff,"H3:892664cceabffff (suc=35, lamba_ariza=19)",80.0,"LINESTRING (-87.59969740670343 41.74366104116907, -87.59969740670343 41.74366104116907)"
89266452053ffff,"H3:89266452053ffff (suc=4, lamba_ariza=5)",17.34,"LINESTRING (-87.78902220098065 41.80016653957902, -87.78902220098065 41.80016653957902)"
89266456253ffff,"H3:89266456253ffff (suc=3, lamba_ariza=12)",18.82,"LINESTRING (-87.6722859879118 41.68381092976968, -87.6722859879118 41.68381092976968)"
892664cf243ffff,"H3:892664cf243ffff (suc=17, lamba_ariza=17)",59.03,"LINESTRING (-87.69320590191681 41.83083571604514, -87.69320590191681 41.83083571604514)"
89266452583ffff,"H3:89266452583ffff (suc=31, lamba_ariza=28)",81.66,"LINESTRING (-87.74269923248931 41.80708006286687, -87.74269923248931 41.80708006286687)"
892664ca603ffff,"H3:892664ca603ffff (suc=3, lamba_ariza=28)",32.37,"LINESTRING (-87.73977168608559 41.9551544333789, -87.73977168608559 41.9551544333789)"
892664574afffff,"H3:892664574afffff (suc=0, lamba_ariza=2)",1.17,"LINESTRING (-87.69366241253158 41.70791299722585, -87.69366241253158 41.70791299722585)"
892664c86afffff,"H3:892664c86afffff (suc=4, lamba_ariza=1)",12.04,"LINESTRING (-87.77628452910652 41.90593654722893, -87.77628452910652 41.90593654722893)"
892664c8cabffff,"H3:892664c8cabffff (suc=40, lamba_ariza=25)",86.26,"LINESTRING (-87.71642316695709 41.8601761593173, -87.71642316695709 41.8601761593173)"
892664ca45bffff,"H3:892664ca45bffff (suc=14, lamba_ariza=7)",42.77,"LINESTRING (-87.72463557091517 41.96288131411318, -87.72463557091517 41.96288131411318)"
892664c164bffff,"H3:892664c164bffff (suc=14, lamba_ariza=15)",51.91,"LINESTRING (-87.67530914901035 41.948321226808424, -87.67530914901035 41.948321226808424)"
892664c89afffff,"H3:892664c89afffff (suc=23, lamba_ariza=34)",75.12,"LINESTRING (-87.70110349979981 41.82146613304226, -87.70110349979981 41.82146613304226)"
89266452d3bffff,"H3:89266452d3bffff (suc=10, lamba_ariza=12)",39.52,"LINESTRING (-87.71437012792488 41.743036187583755, -87.71437012792488 41.743036187583755)"
892664ca0c3ffff,"H3:892664ca0c3ffff (suc=8, lamba_ariza=41)",46.49,"LINESTRING (-87.72355883852109 41.946623398591996, -87.72355883852109 41.946623398591996)"
892664cf153ffff,"H3:892664cf153ffff (suc=5, lamba_ariza=11)",25.23,"LINESTRING (-87.64156437776029 41.82210422116838, -87.64156437776029 41.82210422116838)"
892664cca53ffff,"H3:892664cca53ffff (suc=7, lamba_ariza=43)",45.39,"LINESTRING (-87.62566405016202 41.72890808872027, -87.62566405016202 41.72890808872027)"
892664cc693ffff,"H3:892664cc693ffff (suc=12, lamba_ariza=3)",36.81,"LINESTRING (-87.63209076482434 41.8071189223647, -87.63209076482434 41.8071189223647)"
892664cac3bffff,"H3:892664cac3bffff (suc=37, lamba_ariza=7)",71.06,"LINESTRING (-87.67512504686395 41.90185141667838, -87.67512504686395 41.90185141667838)"
892664c8c6bffff,"H3:892664c8c6bffff (suc=7, lamba_ariza=13)",31.61,"LINESTRING (-87.73451794300115 41.85474941025027, -87.73451794300115 41.85474941025027)"
89275936bb3ffff,"H3:89275936bb3ffff (suc=0, lamba_ariza=1)",0.37,"LINESTRING (-87.82825673179487 41.980255709809384, -87.82825673179487 41.980255709809384)"
892664c1b4bffff,"H3:892664c1b4bffff (suc=15, lamba_ariza=11)",48.96,"LINESTRING (-87.62976576493791 41.85936860416739, -87.62976576493791 41.85936860416739)"
892664cd04fffff,"H3:892664cd04fffff (suc=24, lamba_ariza=33)",76.45,"LINESTRING (-87.71160741738437 41.787128346219845, -87.71160741738437 41.787128346219845)"
892664c1073ffff,"H3:892664c1073ffff (suc=36, lamba_ariza=26)",84.38,"LINESTRING (-87.64414614213649 41.928321220476015, -87.64414614213649 41.928321220476015)"
892664cc2abffff,"H3:892664cc2abffff (suc=27, lamba_ariza=1)",57.82,"LINESTRING (-87.64141461255333 41.77570274893516, -87.64141461255333 41.77570274893516)"
892664cac03ffff,"H3:892664cac03ffff (suc=59, lamba_ariza=14)",83.38,"LINESTRING (-87.67688548382804 41.90705909743359, -87.67688548382804 41.90705909743359)"
892664cad37ffff,"H3:892664cad37ffff (suc=85, lamba_ariza=19)",89.79,"LINESTRING (-87.64698225149105 41.884151617254254, -87.64698225149105 41.884151617254254)"
892664cd253ffff,"H3:892664cd253ffff (suc=3, lamba_ariza=1)",10.14,"LINESTRING (-87.73863306626363 41.788566857556994, -87.73863306626363 41.788566857556994)"
892664cc52bffff,"H3:892664cc52bffff (suc=10, lamba_ariza=4)",31.75,"LINESTRING (-87.58911738295065 41.77797478032221, -87.58911738295065 41.77797478032221)"
892664cd84fffff,"H3:892664cd84fffff (suc=1, lamba_ariza=7)",7.7,"LINESTRING (-87.67842709039604 41.734732043308206, -87.67842709039604 41.734732043308206)"
892664c13dbffff,"H3:892664c13dbffff (suc=13, lamba_ariza=35)",59.29,"LINESTRING (-87.65506289979497 41.92123408755124, -87.65506289979497 41.92123408755124)"
892664cdc27ffff,"H3:892664cdc27ffff (suc=23, lamba_ariza=25)",72.73,"LINESTRING (-87.64949704680424 41.74720958724355, -87.64949704680424 41.74720958724355)"
892664cf43bffff,"H3:892664cf43bffff (suc=13, lamba_ariza=7)",41.85,"LINESTRING (-87.6419007527634 41.84937456372296, -87.6419007527634 41.84937456372296)"
89266452037ffff,"H3:89266452037ffff (suc=5, lamba_ariza=28)",36.66,"LINESTRING (-87.76986843537433 41.78937057211864, -87.76986843537433 41.78937057211864)"
892664cc3a7ffff,"H3:892664cc3a7ffff (suc=61, lamba_ariza=28)",92.25,"LINESTRING (-87.61335905356532 41.75801647577889, -87.61335905356532 41.75801647577889)"
892664c8697ffff,"H3:892664c8697ffff (suc=8, lamba_ariza=9)",30.36,"LINESTRING (-87.7756068218585 41.91697864239406, -87.7756068218585 41.91697864239406)"
892664cc5d3ffff,"H3:892664cc5d3ffff (suc=21, lamba_ariza=14)",62.09,"LINESTRING (-87.59312423125427 41.79649433833904, -87.59312423125427 41.79649433833904)"
892664cb17bffff,"H3:892664cb17bffff (suc=7, lamba_ariza=0)",22.54,"LINESTRING (-87.78759501350247 41.92613030190085, -87.78759501350247 41.92613030190085)"
892664ce273ffff,"H3:892664ce273ffff (suc=26, lamba_ariza=15)",69.29,"LINESTRING (-87.60731601894612 41.8189760682357, -87.60731601894612 41.8189760682357)"
8926641b35bffff,"H3:8926641b35bffff (suc=9, lamba_ariza=21)",45.13,"LINESTRING (-87.52930941282554 41.70493213734848, -87.52930941282554 41.70493213734848)"
892664ceb4fffff,"H3:892664ceb4fffff (suc=46, lamba_ariza=10)",76.99,"LINESTRING (-87.56056920515738 41.75216214508315, -87.56056920515738 41.75216214508315)"
892664563b7ffff,"H3:892664563b7ffff (suc=24, lamba_ariza=7)",59.91,"LINESTRING (-87.62572274809384 41.66344346736634, -87.62572274809384 41.66344346736634)"
892664522b7ffff,"H3:892664522b7ffff (suc=8, lamba_ariza=37)",47.49,"LINESTRING (-87.79268392191942 41.791424663246616, -87.79268392191942 41.791424663246616)"
892664ca58bffff,"H3:892664ca58bffff (suc=4, lamba_ariza=11)",22.84,"LINESTRING (-87.68675669467879 41.94935804892821, -87.68675669467879 41.94935804892821)"
892664ccc2bffff,"H3:892664ccc2bffff (suc=11, lamba_ariza=14)",43.45,"LINESTRING (-87.57690321134568 41.74156813748974, -87.57690321134568 41.74156813748974)"
892664cd853ffff,"H3:892664cd853ffff (suc=12, lamba_ariza=12)",43.97,"LINESTRING (-87.67597401097254 41.74055410702557, -87.67597401097254 41.74055410702557)"
89266452227ffff,"H3:89266452227ffff (suc=3, lamba_ariza=4)",13.52,"LINESTRING (-87.80055268146123 41.782054279615345, -87.80055268146123 41.782054279615345)"
892664c8c3bffff,"H3:892664c8c3bffff (suc=33, lamba_ariza=16)",76.26,"LINESTRING (-87.72186743983333 41.856632876151544, -87.72186743983333 41.856632876151544)"
892664d892bffff,"H3:892664d892bffff (suc=17, lamba_ariza=19)",60.12,"LINESTRING (-87.65047231710341 41.96021145763185, -87.65047231710341 41.96021145763185)"
89266419393ffff,"H3:89266419393ffff (suc=5, lamba_ariza=10)",24.81,"LINESTRING (-87.55376418883796 41.66588818837572, -87.55376418883796 41.66588818837572)"
89266456417ffff,"H3:89266456417ffff (suc=17, lamba_ariza=20)",61.2,"LINESTRING (-87.6199033595776 41.70520819729385, -87.6199033595776 41.70520819729385)"
892664ccb0bffff,"H3:892664ccb0bffff (suc=3, lamba_ariza=3)",14.12,"LINESTRING (-87.59887278292175 41.70831657702769, -87.59887278292175 41.70831657702769)"
89266452993ffff,"H3:89266452993ffff (suc=2, lamba_ariza=17)",20.98,"LINESTRING (-87.71681827241248 41.737213403725335, -87.71681827241248 41.737213403725335)"
892664cc02bffff,"H3:892664cc02bffff (suc=12, lamba_ariza=13)",43.97,"LINESTRING (-87.61860508033394 41.77361829135247, -87.61860508033394 41.77361829135247)"
892664c8da7ffff,"H3:892664c8da7ffff (suc=1, lamba_ariza=0)",0.63,"LINESTRING (-87.68829280797641 41.84249473998489, -87.68829280797641 41.84249473998489)"
8926645235bffff,"H3:8926645235bffff (suc=1, lamba_ariza=1)",4.05,"LINESTRING (-87.80177217275403 41.77914080687503, -87.80177217275403 41.77914080687503)"
892664cf1b3ffff,"H3:892664cf1b3ffff (suc=42, lamba_ariza=16)",81.11,"LINESTRING (-87.61873194462551 41.82001993245428, -87.61873194462551 41.82001993245428)"
892664ca88bffff,"H3:892664ca88bffff (suc=26, lamba_ariza=22)",74.3,"LINESTRING (-87.68303881531718 41.89247417500045, -87.68303881531718 41.89247417500045)"
892664ca417ffff,"H3:892664ca417ffff (suc=13, lamba_ariza=16)",49.04,"LINESTRING (-87.70596140915494 41.96018590088271, -87.70596140915494 41.96018590088271)"
8926641b277ffff,"H3:8926641b277ffff (suc=22, lamba_ariza=11)",60.86,"LINESTRING (-87.53822793353629 41.71180197156219, -87.53822793353629 41.71180197156219)"
892664ce257ffff,"H3:892664ce257ffff (suc=38, lamba_ariza=20)",82.66,"LINESTRING (-87.6090659610673 41.82418021701098, -87.6090659610673 41.82418021701098)"
89275936953ffff,"H3:89275936953ffff (suc=2, lamba_ariza=11)",14.53,"LINESTRING (-87.82158398593424 41.98673073896166, -87.82158398593424 41.98673073896166)"
89266452d93ffff,"H3:89266452d93ffff (suc=3, lamba_ariza=11)",18.46,"LINESTRING (-87.70824700388137 41.757594868401554, -87.70824700388137 41.757594868401554)"
892664c1a4fffff,"H3:892664c1a4fffff (suc=3, lamba_ariza=9)",16.54,"LINESTRING (-87.64769042877705 41.87311290558416, -87.64769042877705 41.87311290558416)"
892664c146fffff,"H3:892664c146fffff (suc=0, lamba_ariza=4)",3.44,"LINESTRING (-87.63797514743987 41.942911294855016, -87.63797514743987 41.942911294855016)"
892664cc187ffff,"H3:892664cc187ffff (suc=35, lamba_ariza=19)",79.6,"LINESTRING (-87.58860466751321 41.76986136155337, -87.58860466751321 41.76986136155337)"
892664cd0d3ffff,"H3:892664cd0d3ffff (suc=26, lamba_ariza=18)",71.32,"LINESTRING (-87.70249158957203 41.79940774084714, -87.70249158957203 41.79940774084714)"
892664cde33ffff,"H3:892664cde33ffff (suc=11, lamba_ariza=5)",36.11,"LINESTRING (-87.68070985184623 41.74803872730337, -87.68070985184623 41.74803872730337)"
892664cf48fffff,"H3:892664cf48fffff (suc=10, lamba_ariza=6)",34.19,"LINESTRING (-87.63820451241487 41.8581196302008, -87.63820451241487 41.8581196302008)"
892664c84cbffff,"H3:892664c84cbffff (suc=10, lamba_ariza=16)",41.91,"LINESTRING (-87.76593846414976 41.92115728575022, -87.76593846414976 41.92115728575022)"
892664d8c0bffff,"H3:892664d8c0bffff (suc=20, lamba_ariza=9)",55.98,"LINESTRING (-87.66756060474438 42.004206116884205, -87.66756060474438 42.004206116884205)"
8926641b2bbffff,"H3:8926641b2bbffff (suc=2, lamba_ariza=5)",9.56,"LINESTRING (-87.5273395718606 41.71885844798468, -87.5273395718606 41.71885844798468)"
892664d888bffff,"H3:892664d888bffff (suc=13, lamba_ariza=18)",51.75,"LINESTRING (-87.66949951438497 41.990231350906285, -87.66949951438497 41.990231350906285)"
892664cf047ffff,"H3:892664cf047ffff (suc=0, lamba_ariza=1)",1.01,"LINESTRING (-87.66070781543694 41.83292670475601, -87.66070781543694 41.83292670475601)"
892664cb32fffff,"H3:892664cb32fffff (suc=8, lamba_ariza=37)",47.69,"LINESTRING (-87.80392913096408 41.915481379765005, -87.80392913096408 41.915481379765005)"
89266452d0fffff,"H3:89266452d0fffff (suc=10, lamba_ariza=21)",45.33,"LINESTRING (-87.71735293737368 41.74532177613161, -87.71735293737368 41.74532177613161)"
892664cb543ffff,"H3:892664cb543ffff (suc=5, lamba_ariza=39)",40.44,"LINESTRING (-87.78079487410955 41.951771715993985, -87.78079487410955 41.951771715993985)"
892664cc59bffff,"H3:892664cc59bffff (suc=51, lamba_ariza=47)",94.22,"LINESTRING (-87.58592874106844 41.79482598873529, -87.58592874106844 41.79482598873529)"
8927593690fffff,"H3:8927593690fffff (suc=1, lamba_ariza=9)",8.77,"LINESTRING (-87.8125763256718 41.97986569795972, -87.8125763256718 41.97986569795972)"
892664cb083ffff,"H3:892664cb083ffff (suc=9, lamba_ariza=8)",33.9,"LINESTRING (-87.79224263189421 41.952797918118215, -87.79224263189421 41.952797918118215)"
892664ccc93ffff,"H3:892664ccc93ffff (suc=18, lamba_ariza=14)",57.42,"LINESTRING (-87.5695007943865 41.75903270243733, -87.5695007943865 41.75903270243733)"
892664c120bffff,"H3:892664c120bffff (suc=10, lamba_ariza=6)",33.59,"LINESTRING (-87.67248888562605 41.92685542857065, -87.67248888562605 41.92685542857065)"
892664c8c0fffff,"H3:892664c8c0fffff (suc=53, lamba_ariza=29)",91.54,"LINESTRING (-87.7248579034603 41.85892095749023, -87.7248579034603 41.85892095749023)"
892664cf647ffff,"H3:892664cf647ffff (suc=23, lamba_ariza=48)",76.79,"LINESTRING (-87.68161804918932 41.84895097957142, -87.68161804918932 41.84895097957142)"
892664ca17bffff,"H3:892664ca17bffff (suc=24, lamba_ariza=28)",74.21,"LINESTRING (-87.70751064507496 41.91891904366601, -87.70751064507496 41.91891904366601)"
892664cd0cfffff,"H3:892664cd0cfffff (suc=45, lamba_ariza=25)",87.95,"LINESTRING (-87.70494428923453 41.793580987552865, -87.70494428923453 41.793580987552865)"
892664ca1d7ffff,"H3:892664ca1d7ffff (suc=91, lamba_ariza=51)",98.26,"LINESTRING (-87.69836758882383 41.93121912309743, -87.69836758882383 41.93121912309743)"
892664d9933ffff,"H3:892664d9933ffff (suc=18, lamba_ariza=17)",60.12,"LINESTRING (-87.7251742205509 41.971011435712846, -87.7251742205509 41.971011435712846)"
892664ccc97ffff,"H3:892664ccc97ffff (suc=39, lamba_ariza=15)",79.3,"LINESTRING (-87.56652332493651 41.75674254692114, -87.56652332493651 41.75674254692114)"
89266419123ffff,"H3:89266419123ffff (suc=1, lamba_ariza=1)",5.46,"LINESTRING (-87.52753723805179 41.653393996844876, -87.52753723805179 41.653393996844876)"
892664cccbbffff,"H3:892664cccbbffff (suc=44, lamba_ariza=36)",90.9,"LINESTRING (-87.56899170383112 41.7509208438398, -87.56899170383112 41.7509208438398)"
892664cde73ffff,"H3:892664cde73ffff (suc=11, lamba_ariza=5)",34.46,"LINESTRING (-87.69210785847616 41.749075348712374, -87.69210785847616 41.749075348712374)"
892664cf147ffff,"H3:892664cf147ffff (suc=23, lamba_ariza=12)",62.78,"LINESTRING (-87.63981099645012 41.81690089997505, -87.63981099645012 41.81690089997505)"
892664c12b3ffff,"H3:892664c12b3ffff (suc=17, lamba_ariza=30)",65.26,"LINESTRING (-87.65558891004054 41.92936121174657, -87.65558891004054 41.92936121174657)"
892664cadb7ffff,"H3:892664cadb7ffff (suc=29, lamba_ariza=3)",61.59,"LINESTRING (-87.64029501276308 41.890609364709086, -87.64029501276308 41.890609364709086)"
892664ca527ffff,"H3:892664ca527ffff (suc=20, lamba_ariza=11)",57.62,"LINESTRING (-87.68146850182369 41.933728842858244, -87.68146850182369 41.933728842858244)"
89266456493ffff,"H3:89266456493ffff (suc=8, lamba_ariza=18)",40.31,"LINESTRING (-87.61621427610623 41.713936949457626, -87.61621427610623 41.713936949457626)"
89266419037ffff,"H3:89266419037ffff (suc=1, lamba_ariza=0)",0.76,"LINESTRING (-87.54412299668908 41.67003380471975, -87.54412299668908 41.67003380471975)"
892664575abffff,"H3:892664575abffff (suc=2, lamba_ariza=6)",11.93,"LINESTRING (-87.67579006839743 41.69420030490226, -87.67579006839743 41.69420030490226)"
89266456627ffff,"H3:89266456627ffff (suc=9, lamba_ariza=17)",40.87,"LINESTRING (-87.64584070684892 41.690459166875094, -87.64584070684892 41.690459166875094)"
892664c8d0fffff,"H3:892664c8d0fffff (suc=24, lamba_ariza=17)",68.59,"LINESTRING (-87.70393040994358 41.84290372382483, -87.70393040994358 41.84290372382483)"
892664d8973ffff,"H3:892664d8973ffff (suc=98, lamba_ariza=36)",96.89,"LINESTRING (-87.65646091849712 41.964796614627865, -87.65646091849712 41.964796614627865)"
89275936ca7ffff,"H3:89275936ca7ffff (suc=0, lamba_ariza=19)",15.73,"LINESTRING (-87.80934014154522 42.015947083047934, -87.80934014154522 42.015947083047934)"
892664c8d67ffff,"H3:892664c8d67ffff (suc=12, lamba_ariza=22)",50.99,"LINESTRING (-87.706385228174 41.837073766056456, -87.706385228174 41.837073766056456)"
892664c184fffff,"H3:892664c184fffff (suc=10, lamba_ariza=8)",34.9,"LINESTRING (-87.61814404961838 41.877485517903246, -87.61814404961838 41.877485517903246)"
892664d9bb7ffff,"H3:892664d9bb7ffff (suc=6, lamba_ariza=14)",31.72,"LINESTRING (-87.74508131552186 41.970783688616066, -87.74508131552186 41.970783688616066)"
892664cdecfffff,"H3:892664cdecfffff (suc=0, lamba_ariza=2)",1.21,"LINESTRING (-87.69263836029361 41.757185239351095, -87.69263836029361 41.757185239351095)"
892664cf58fffff,"H3:892664cf58fffff (suc=100, lamba_ariza=14)",86.41,"LINESTRING (-87.61730294878238 41.842085096139904, -87.61730294878238 41.842085096139904)"
892664cddbbffff,"H3:892664cddbbffff (suc=10, lamba_ariza=61)",53.58,"LINESTRING (-87.62793164291763 41.74221576257455, -87.62793164291763 41.74221576257455)"
89266419edbffff,"H3:89266419edbffff (suc=6, lamba_ariza=19)",35.87,"LINESTRING (-87.54855134477249 41.650301830133884, -87.54855134477249 41.650301830133884)"
892664ce2dbffff,"H3:892664ce2dbffff (suc=26, lamba_ariza=8)",62.68,"LINESTRING (-87.60958284732583 41.832298615698726, -87.60958284732583 41.832298615698726)"
89266452887ffff,"H3:89266452887ffff (suc=6, lamba_ariza=18)",35.24,"LINESTRING (-87.73594059857847 41.748013339849834, -87.73594059857847 41.748013339849834)"
892664c1a43ffff,"H3:892664c1a43ffff (suc=18, lamba_ariza=9)",52.26,"LINESTRING (-87.64645825776267 41.87602873794078, -87.64645825776267 41.87602873794078)"
89275936b8bffff,"H3:89275936b8bffff (suc=10, lamba_ariza=0)",28.36,"LINESTRING (-87.83848892793264 41.98419819735442, -87.83848892793264 41.98419819735442)"
892664cc687ffff,"H3:892664cc687ffff (suc=5, lamba_ariza=5)",20.51,"LINESTRING (-87.630338976747 41.80191630258046, -87.630338976747 41.80191630258046)"
89266456663ffff,"H3:89266456663ffff (suc=19, lamba_ariza=30)",69.32,"LINESTRING (-87.66020183122279 41.69378535933588, -87.66020183122279 41.69378535933588)"
89266419483ffff,"H3:89266419483ffff (suc=21, lamba_ariza=42)",74.6,"LINESTRING (-87.53772480143438 41.703694265862225, -87.53772480143438 41.703694265862225)"
892664cdc63ffff,"H3:892664cdc63ffff (suc=101, lamba_ariza=16)",87.76,"LINESTRING (-87.66387592953049 41.75053658254318, -87.66387592953049 41.75053658254318)"
89275936b77ffff,"H3:89275936b77ffff (suc=4, lamba_ariza=0)",12.5,"LINESTRING (-87.8433772657486 41.972514294625, -87.8433772657486 41.972514294625)"
89275936b57ffff,"H3:89275936b57ffff (suc=0, lamba_ariza=5)",4.21,"LINESTRING (-87.84816216201217 41.98000993059737, -87.84816216201217 41.98000993059737)"
892664cac6bffff,"H3:892664cac6bffff (suc=21, lamba_ariza=21)",67.58,"LINESTRING (-87.68779131226881 41.89997124264388, -87.68779131226881 41.89997124264388)"
892664190a7ffff,"H3:892664190a7ffff (suc=2, lamba_ariza=4)",8.22,"LINESTRING (-87.53868470511738 41.673560261745024, -87.53868470511738 41.673560261745024)"
892664c86a7ffff,"H3:892664c86a7ffff (suc=10, lamba_ariza=35)",50.84,"LINESTRING (-87.77206418664909 41.906566663191924, -87.77206418664909 41.906566663191924)"
892664d982bffff,"H3:892664d982bffff (suc=0, lamba_ariza=7)",5.87,"LINESTRING (-87.7516226990308 41.98349482138766, -87.7516226990308 41.98349482138766)"
8926645623bffff,"H3:8926645623bffff (suc=5, lamba_ariza=10)",25.96,"LINESTRING (-87.66037979532388 41.67466912233159, -87.66037979532388 41.67466912233159)"
892664cf2dbffff,"H3:892664cf2dbffff (suc=0, lamba_ariza=3)",2.42,"LINESTRING (-87.6895213194837 41.83957983707602, -87.6895213194837 41.83957983707602)"
892664cca33ffff,"H3:892664cca33ffff (suc=0, lamba_ariza=5)",4.07,"LINESTRING (-87.60954682413178 41.72037853452179, -87.60954682413178 41.72037853452179)"
892664cd517ffff,"H3:892664cd517ffff (suc=61, lamba_ariza=13)",82.59,"LINESTRING (-87.66527704761533 41.79400959296223, -87.66527704761533 41.79400959296223)"
892664d9a7bffff,"H3:892664d9a7bffff (suc=9, lamba_ariza=14)",38.66,"LINESTRING (-87.79144358589065 41.983026088203815, -87.79144358589065 41.983026088203815)"
8926645743bffff,"H3:8926645743bffff (suc=6, lamba_ariza=2)",21.37,"LINESTRING (-87.70207051158965 41.70666331776311, -87.70207051158965 41.70666331776311)"
892664cd6afffff,"H3:892664cd6afffff (suc=7, lamba_ariza=8)",28.43,"LINESTRING (-87.70968991558235 41.80106862664032, -87.70968991558235 41.80106862664032)"
892664c814bffff,"H3:892664c814bffff (suc=37, lamba_ariza=22)",83.29,"LINESTRING (-87.76022096908936 41.878254030148135, -87.76022096908936 41.878254030148135)"
892664cd637ffff,"H3:892664cd637ffff (suc=6, lamba_ariza=8)",25.64,"LINESTRING (-87.71091591305412 41.79815508959545, -87.71091591305412 41.79815508959545)"
8926645210bffff,"H3:8926645210bffff (suc=8, lamba_ariza=18)",38.8,"LINESTRING (-87.76212780621327 41.77960187016861, -87.76212780621327 41.77960187016861)"
892664c138bffff,"H3:892664c138bffff (suc=14, lamba_ariza=20)",53.42,"LINESTRING (-87.64485567999594 41.91727660724837, -87.64485567999594 41.91727660724837)"
892664cdc9bffff,"H3:892664cdc9bffff (suc=34, lamba_ariza=12)",73.78,"LINESTRING (-87.65352479957257 41.765718941380925, -87.65352479957257 41.765718941380925)"
892664574a3ffff,"H3:892664574a3ffff (suc=1, lamba_ariza=3)",2.67,"LINESTRING (-87.69243766719846 41.71082310120974, -87.69243766719846 41.71082310120974)"
892664cde17ffff,"H3:892664cde17ffff (suc=4, lamba_ariza=3)",15.5,"LINESTRING (-87.68246504304423 41.7532369937674, -87.68246504304423 41.7532369937674)"
892664cad83ffff,"H3:892664cad83ffff (suc=13, lamba_ariza=34)",57.16,"LINESTRING (-87.64926350705615 41.8974829780284, -87.64926350705615 41.8974829780284)"
892664ca173ffff,"H3:892664ca173ffff (suc=13, lamba_ariza=37)",59.81,"LINESTRING (-87.70328745692812 41.91954686025017, -87.70328745692812 41.91954686025017)"
89266452387ffff,"H3:89266452387ffff (suc=2, lamba_ariza=6)",11.18,"LINESTRING (-87.77774191845982 41.78000173027851, -87.77774191845982 41.78000173027851)"
892664ca4a3ffff,"H3:892664ca4a3ffff (suc=14, lamba_ariza=5)",42.29,"LINESTRING (-87.69873831432805 41.95852302421695, -87.69873831432805 41.95852302421695)"
892664ca8cfffff,"H3:892664ca8cfffff (suc=5, lamba_ariza=4)",19.03,"LINESTRING (-87.69148105671653 41.89122054054108, -87.69148105671653 41.89122054054108)"
8926645746fffff,"H3:8926645746fffff (suc=0, lamba_ariza=4)",2.82,"LINESTRING (-87.71170139317015 41.70250303945976, -87.71170139317015 41.70250303945976)"
892664c1047ffff,"H3:892664c1047ffff (suc=26, lamba_ariza=18)",71.16,"LINESTRING (-87.6471379703459 41.930613241266705, -87.6471379703459 41.930613241266705)"
892664d894fffff,"H3:892664d894fffff (suc=38, lamba_ariza=6)",70.48,"LINESTRING (-87.6636842254643 41.96646229685698, -87.6636842254643 41.96646229685698)"
892664caca3ffff,"H3:892664caca3ffff (suc=38, lamba_ariza=9)",72.69,"LINESTRING (-87.66544836254005 41.906021209988786, -87.66544836254005 41.906021209988786)"
892664cc86bffff,"H3:892664cc86bffff (suc=10, lamba_ariza=2)",31.46,"LINESTRING (-87.59692407080476 41.72224345817042, -87.59692407080476 41.72224345817042)"
8926641b287ffff,"H3:8926641b287ffff (suc=5, lamba_ariza=3)",17.41,"LINESTRING (-87.52610357193296 41.7217677768946, -87.52610357193296 41.7217677768946)"
892664523dbffff,"H3:892664523dbffff (suc=7, lamba_ariza=5)",24.94,"LINESTRING (-87.79512428133856 41.785597237676086, -87.79512428133856 41.785597237676086)"
892664cf48bffff,"H3:892664cf48bffff (suc=11, lamba_ariza=6)",34.79,"LINESTRING (-87.64119154635362 41.860410153111765, -87.64119154635362 41.860410153111765)"
892664cc917ffff,"H3:892664cc917ffff (suc=11, lamba_ariza=22)",48.65,"LINESTRING (-87.5610078843597 41.713902695309145, -87.5610078843597 41.713902695309145)"
892664ca993ffff,"H3:892664ca993ffff (suc=38, lamba_ariza=14)",77.21,"LINESTRING (-87.65665646308022 41.87998463276705, -87.65665646308022 41.87998463276705)"
892664cce17ffff,"H3:892664cce17ffff (suc=115, lamba_ariza=35)",97.16,"LINESTRING (-87.60267543302426 41.74594993292759, -87.60267543302426 41.74594993292759)"
892664d9b0bffff,"H3:892664d9b0bffff (suc=22, lamba_ariza=14)",63.17,"LINESTRING (-87.76498722767309 41.970552514716196, -87.76498722767309 41.970552514716196)"
892664522abffff,"H3:892664522abffff (suc=8, lamba_ariza=24)",42.55,"LINESTRING (-87.80110244468938 41.79016577158028, -87.80110244468938 41.79016577158028)"
8926645661bffff,"H3:8926645661bffff (suc=6, lamba_ariza=5)",22.75,"LINESTRING (-87.65652162637882 41.70251370383761, -87.65652162637882 41.70251370383761)"
892664cdc8bffff,"H3:892664cdc8bffff (suc=27, lamba_ariza=7)",62.91,"LINESTRING (-87.65475356752114 41.76280709490973, -87.65475356752114 41.76280709490973)"
892664575cbffff,"H3:892664575cbffff (suc=1, lamba_ariza=0)",3.65,"LINESTRING (-87.69190773156929 41.70271772427059, -87.69190773156929 41.70271772427059)"
892664c1a97ffff,"H3:892664c1a97ffff (suc=183, lamba_ariza=127)",99.9,"LINESTRING (-87.62411920195147 41.88206860759818, -87.62411920195147 41.88206860759818)"
89266456e87ffff,"H3:89266456e87ffff (suc=3, lamba_ariza=15)",22.04,"LINESTRING (-87.61085701074173 41.65201192182564, -87.61085701074173 41.65201192182564)"
892664cc28fffff,"H3:892664cc28fffff (suc=21, lamba_ariza=12)",60.25,"LINESTRING (-87.64316660548769 41.78090354248728, -87.64316660548769 41.78090354248728)"
892664cb20fffff,"H3:892664cb20fffff (suc=2, lamba_ariza=36)",31.46,"LINESTRING (-87.82969687474014 41.93898361701908, -87.82969687474014 41.93898361701908)"
892664d8337ffff,"H3:892664d8337ffff (suc=6, lamba_ariza=2)",19.94,"LINESTRING (-87.70494495527882 42.00960737836834, -87.70494495527882 42.00960737836834)"
8927593691bffff,"H3:8927593691bffff (suc=0, lamba_ariza=15)",13.3,"LINESTRING (-87.81435465674238 41.98507506432879, -87.81435465674238 41.98507506432879)"
892664cf0abffff,"H3:892664cf0abffff (suc=18, lamba_ariza=23)",64.12,"LINESTRING (-87.64507230210806 41.832511693239795, -87.64507230210806 41.832511693239795)"
892664c1387ffff,"H3:892664c1387ffff (suc=17, lamba_ariza=14)",55.59,"LINESTRING (-87.63764040796956 41.915610248974474, -87.63764040796956 41.915610248974474)"
892664cf657ffff,"H3:892664cf657ffff (suc=30, lamba_ariza=73)",84.73,"LINESTRING (-87.680388765848 41.8518661693635, -87.680388765848 41.8518661693635)"
892664c124bffff,"H3:892664c124bffff (suc=7, lamba_ariza=0)",20.26,"LINESTRING (-87.68393112685172 41.9278925721304, -87.68393112685172 41.9278925721304)"
892664d9963ffff,"H3:892664d9963ffff (suc=10, lamba_ariza=17)",42.96,"LINESTRING (-87.7378558544168 41.96912322959857, -87.7378558544168 41.96912322959857)"
892664cb06fffff,"H3:892664cb06fffff (suc=6, lamba_ariza=13)",30.76,"LINESTRING (-87.80680887030415 41.936937538587785, -87.80680887030415 41.936937538587785)"
892664cce67ffff,"H3:892664cce67ffff (suc=13, lamba_ariza=42)",59.57,"LINESTRING (-87.61057862612884 41.736595915350684, -87.61057862612884 41.736595915350684)"
892664cd547ffff,"H3:892664cd547ffff (suc=9, lamba_ariza=4)",30.59,"LINESTRING (-87.67791449857826 41.79213460045856, -87.67791449857826 41.79213460045856)"
8926641b233ffff,"H3:8926641b233ffff (suc=1, lamba_ariza=10)",9.15,"LINESTRING (-87.52981109434381 41.71304008400272, -87.52981109434381 41.71304008400272)"
892664cd343ffff,"H3:892664cd343ffff (suc=7, lamba_ariza=4)",25.66,"LINESTRING (-87.71895805333638 41.769651581938945, -87.71895805333638 41.769651581938945)"
892664cf623ffff,"H3:892664cf623ffff (suc=0, lamba_ariza=1)",0.93,"LINESTRING (-87.66843787123139 41.84270920977758, -87.66843787123139 41.84270920977758)"
892664c1a53ffff,"H3:892664c1a53ffff (suc=32, lamba_ariza=16)",75.54,"LINESTRING (-87.64522592745944 41.87894466798219, -87.64522592745944 41.87894466798219)"
892664cc8a3ffff,"H3:892664cc8a3ffff (suc=10, lamba_ariza=58)",53.16,"LINESTRING (-87.57465004257936 41.728258729745704, -87.57465004257936 41.728258729745704)"
892664c8d5bffff,"H3:892664c8d5bffff (suc=21, lamba_ariza=7)",55.57,"LINESTRING (-87.71711427508995 41.84914117193815, -87.71711427508995 41.84914117193815)"
892664cde07ffff,"H3:892664cde07ffff (suc=29, lamba_ariza=21)",76.3,"LINESTRING (-87.68369156981106 41.75032540160454, -87.68369156981106 41.75032540160454)"
892664cc157ffff,"H3:892664cc157ffff (suc=27, lamba_ariza=19)",73.55,"LINESTRING (-87.60545281596555 41.767373281075905, -87.60545281596555 41.767373281075905)"
8926641916fffff,"H3:8926641916fffff (suc=4, lamba_ariza=27)",32.59,"LINESTRING (-87.54014616888848 41.65153912302704, -87.54014616888848 41.65153912302704)"
892664562dbffff,"H3:892664562dbffff (suc=14, lamba_ariza=9)",46.13,"LINESTRING (-87.66983479741592 41.68962916347266, -87.66983479741592 41.68962916347266)"
892664cc60bffff,"H3:892664cc60bffff (suc=16, lamba_ariza=13)",54.04,"LINESTRING (-87.64421147396874 41.79713172659628, -87.64421147396874 41.79713172659628)"
892664caed3ffff,"H3:892664caed3ffff (suc=29, lamba_ariza=24)",78.52,"LINESTRING (-87.70996903134444 41.91308348449305, -87.70996903134444 41.91308348449305)"
892664ca62bffff,"H3:892664ca62bffff (suc=7, lamba_ariza=11)",30.5,"LINESTRING (-87.73923067083076 41.94702605638219, -87.73923067083076 41.94702605638219)"
8926645700bffff,"H3:8926645700bffff (suc=5, lamba_ariza=12)",25.61,"LINESTRING (-87.71659346851776 41.69086390025999, -87.71659346851776 41.69086390025999)"
892759369c3ffff,"H3:892759369c3ffff (suc=1, lamba_ariza=10)",10.96,"LINESTRING (-87.816133381496 41.99028470385712, -87.816133381496 41.99028470385712)"
892664c8d47ffff,"H3:892664c8d47ffff (suc=37, lamba_ariza=48)",89.22,"LINESTRING (-87.71113553909595 41.844564997050725, -87.71113553909595 41.844564997050725)"
892664cb393ffff,"H3:892664cb393ffff (suc=11, lamba_ariza=54)",54.64,"LINESTRING (-87.79958759925242 41.93528144231332, -87.79958759925242 41.93528144231332)"
892664cf403ffff,"H3:892664cf403ffff (suc=39, lamba_ariza=19)",82.67,"LINESTRING (-87.64365559289466 41.85457980135127, -87.64365559289466 41.85457980135127)"
892664ccb3bffff,"H3:892664ccb3bffff (suc=5, lamba_ariza=0)",17.04,"LINESTRING (-87.59292216510411 41.70374035313105, -87.59292216510411 41.70374035313105)"
892664ca823ffff,"H3:892664ca823ffff (suc=52, lamba_ariza=9)",77.67,"LINESTRING (-87.68074825304946 41.879144826236804, -87.68074825304946 41.879144826236804)"
892664d8a6fffff,"H3:892664d8a6fffff (suc=19, lamba_ariza=4)",50.95,"LINESTRING (-87.70949381886723 41.97060720906943, -87.70949381886723 41.97060720906943)"
892664cf4afffff,"H3:892664cf4afffff (suc=50, lamba_ariza=87)",94.57,"LINESTRING (-87.63346377892758 41.85062358043897, -87.63346377892758 41.85062358043897)"
89266419147ffff,"H3:89266419147ffff (suc=0, lamba_ariza=6)",4.7,"LINESTRING (-87.54064915514203 41.65964170150035, -87.54064915514203 41.65964170150035)"
892664cb127ffff,"H3:892664cb127ffff (suc=41, lamba_ariza=27)",87.34,"LINESTRING (-87.77016028842763 41.92052720235433, -87.77016028842763 41.92052720235433)"
892664c8917ffff,"H3:892664c8917ffff (suc=3, lamba_ariza=7)",13.93,"LINESTRING (-87.70707840397517 41.82604178536129, -87.70707840397517 41.82604178536129)"
8926641931bffff,"H3:8926641931bffff (suc=3, lamba_ariza=1)",10.03,"LINESTRING (-87.56463536966025 41.65883468458986, -87.56463536966025 41.65883468458986)"
8926641b227ffff,"H3:8926641b227ffff (suc=2, lamba_ariza=4)",9.95,"LINESTRING (-87.52807391455879 41.7078409690608, -87.52807391455879 41.7078409690608)"
892664ccca3ffff,"H3:892664ccca3ffff (suc=16, lamba_ariza=26)",61.23,"LINESTRING (-87.56601477791362 41.748630868422715, -87.56601477791362 41.748630868422715)"
892664ca40bffff,"H3:892664ca40bffff (suc=8, lamba_ariza=4)",25.75,"LINESTRING (-87.7144149351108 41.95892889612394, -87.7144149351108 41.95892889612394)"
892664c8ec3ffff,"H3:892664c8ec3ffff (suc=0, lamba_ariza=5)",3.99,"LINESTRING (-87.75790929314097 41.864929732157734, -87.75790929314097 41.864929732157734)"
892664ca1cfffff,"H3:892664ca1cfffff (suc=32, lamba_ariza=17)",76.71,"LINESTRING (-87.70382187230062 41.92767311508087, -87.70382187230062 41.92767311508087)"
892664ca51bffff,"H3:892664ca51bffff (suc=5, lamba_ariza=6)",21.41,"LINESTRING (-87.69221417005973 41.94581164801539, -87.69221417005973 41.94581164801539)"
8926645752fffff,"H3:8926645752fffff (suc=3, lamba_ariza=22)",28.73,"LINESTRING (-87.67946580323868 41.68547247224225, -87.67946580323868 41.68547247224225)"
892664ca4b3ffff,"H3:892664ca4b3ffff (suc=25, lamba_ariza=15)",67.92,"LINESTRING (-87.69750724587672 41.96144233065038, -87.69750724587672 41.96144233065038)"
892664c1077ffff,"H3:892664c1077ffff (suc=36, lamba_ariza=13)",75.83,"LINESTRING (-87.64115458886245 41.9260291679653, -87.64115458886245 41.9260291679653)"
89266456487ffff,"H3:89266456487ffff (suc=27, lamba_ariza=22)",75.48,"LINESTRING (-87.61446772774126 41.70873963664947, -87.61446772774126 41.70873963664947)"
892664cd2c7ffff,"H3:892664cd2c7ffff (suc=11, lamba_ariza=4)",35.54,"LINESTRING (-87.7302118220844 41.78982124483404, -87.7302118220844 41.78982124483404)"
892664d8a4fffff,"H3:892664d8a4fffff (suc=5, lamba_ariza=22)",33.29,"LINESTRING (-87.71425835494071 41.978109485516725, -87.71425835494071 41.978109485516725)"
892664cb203ffff,"H3:892664cb203ffff (suc=6, lamba_ariza=30)",40.16,"LINESTRING (-87.82847500818295 41.94190312943497, -87.82847500818295 41.94190312943497)"
892664194cfffff,"H3:892664194cfffff (suc=0, lamba_ariza=9)",7.52,"LINESTRING (-87.55034671469751 41.701836390331486, -87.55034671469751 41.701836390331486)"
89266452cbbffff,"H3:89266452cbbffff (suc=0, lamba_ariza=1)",0.46,"LINESTRING (-87.72860013011163 41.765486052547175, -87.72860013011163 41.765486052547175)"
892664c1e6bffff,"H3:892664c1e6bffff (suc=37, lamba_ariza=18)",80.64,"LINESTRING (-87.63730606368223 41.88831809728987, -87.63730606368223 41.88831809728987)"
892664cde2bffff,"H3:892664cde2bffff (suc=8, lamba_ariza=17)",37.35,"LINESTRING (-87.68614414896898 41.74450251206008, -87.68614414896898 41.74450251206008)"
892664cc9b7ffff,"H3:892664cc9b7ffff (suc=4, lamba_ariza=11)",21.65,"LINESTRING (-87.54961780954133 41.71285290377072, -87.54961780954133 41.71285290377072)"
892664d9b77ffff,"H3:892664d9b77ffff (suc=4, lamba_ariza=17)",29.0,"LINESTRING (-87.76321480913734 41.96534293777195, -87.76321480913734 41.96534293777195)"
892664cacb7ffff,"H3:892664cacb7ffff (suc=29, lamba_ariza=16)",72.62,"LINESTRING (-87.66122534336877 41.90664735383636, -87.66122534336877 41.90664735383636)"
892664ca6d7ffff,"H3:892664ca6d7ffff (suc=3, lamba_ariza=15)",23.1,"LINESTRING (-87.74031289119124 41.963283586317075, -87.74031289119124 41.963283586317075)"
892664d9a13ffff,"H3:892664d9a13ffff (suc=10, lamba_ariza=19)",45.72,"LINESTRING (-87.78053687549937 41.99013100960317, -87.78053687549937 41.99013100960317)"
892664cceb7ffff,"H3:892664cceb7ffff (suc=17, lamba_ariza=23)",61.76,"LINESTRING (-87.59127768965229 41.7449043535421, -87.59127768965229 41.7449043535421)"
892664d9823ffff,"H3:892664d9823ffff (suc=1, lamba_ariza=3)",4.53,"LINESTRING (-87.74739466335528 41.98412504492882, -87.74739466335528 41.98412504492882)"
892664cd177ffff,"H3:892664cd177ffff (suc=17, lamba_ariza=15)",57.93,"LINESTRING (-87.68054002566255 41.76717151242813, -87.68054002566255 41.76717151242813)"
892664ccd6fffff,"H3:892664ccd6fffff (suc=1, lamba_ariza=13)",15.52,"LINESTRING (-87.56449020246629 41.72430052760071, -87.56449020246629 41.72430052760071)"
892664566a3ffff,"H3:892664566a3ffff (suc=41, lamba_ariza=18)",82.73,"LINESTRING (-87.64215792697846 41.69918684130583, -87.64215792697846 41.69918684130583)"
892664c1b0fffff,"H3:892664c1b0fffff (suc=3, lamba_ariza=1)",12.51,"LINESTRING (-87.61535424266206 41.85603477684122, -87.61535424266206 41.85603477684122)"
892664ccccbffff,"H3:892664ccccbffff (suc=37, lamba_ariza=19)",80.74,"LINESTRING (-87.58634681785219 41.75654790362271, -87.58634681785219 41.75654790362271)"
892664cb41bffff,"H3:892664cb41bffff (suc=1, lamba_ariza=1)",4.08,"LINESTRING (-87.79334351949073 41.96905498529763, -87.79334351949073 41.96905498529763)"
892664d8c37ffff,"H3:892664d8c37ffff (suc=2, lamba_ariza=2)",7.26,"LINESTRING (-87.65433748903128 41.99795355259363, -87.65433748903128 41.99795355259363)"
892664d8167ffff,"H3:892664d8167ffff (suc=14, lamba_ariza=18)",52.42,"LINESTRING (-87.68801777458592 42.012122030505644, -87.68801777458592 42.012122030505644)"
892664ca1b3ffff,"H3:892664ca1b3ffff (suc=17, lamba_ariza=15)",57.3,"LINESTRING (-87.68516220032129 41.9249745831495, -87.68516220032129 41.9249745831495)"
892664cdc93ffff,"H3:892664cdc93ffff (suc=33, lamba_ariza=13)",72.89,"LINESTRING (-87.64931429581299 41.76634287296954, -87.64931429581299 41.76634287296954)"
892664ca9c3ffff,"H3:892664ca9c3ffff (suc=40, lamba_ariza=12)",76.56,"LINESTRING (-87.66931806364751 41.87810727987214, -87.66931806364751 41.87810727987214)"
892664cc237ffff,"H3:892664cc237ffff (suc=14, lamba_ariza=4)",40.16,"LINESTRING (-87.63966300604017 41.77050223254669, -87.63966300604017 41.77050223254669)"
892664ca4cbffff,"H3:892664ca4cbffff (suc=35, lamba_ariza=15)",76.84,"LINESTRING (-87.7191790073432 41.96642994656138, -87.7191790073432 41.96642994656138)"
892664cc5b3ffff,"H3:892664cc5b3ffff (suc=6, lamba_ariza=1)",17.69,"LINESTRING (-87.576988156714 41.78795426875955, -87.576988156714 41.78795426875955)"
89266452d77ffff,"H3:89266452d77ffff (suc=3, lamba_ariza=12)",21.41,"LINESTRING (-87.71857695217086 41.74241023023353, -87.71857695217086 41.74241023023353)"
892664cd847ffff,"H3:892664cd847ffff (suc=2, lamba_ariza=16)",21.23,"LINESTRING (-87.67422000191041 41.735356469180495, -87.67422000191041 41.735356469180495)"
892664ccdcfffff,"H3:892664ccdcfffff (suc=13, lamba_ariza=39)",58.14,"LINESTRING (-87.56253029883165 41.738230146809904, -87.56253029883165 41.738230146809904)"
89266419383ffff,"H3:89266419383ffff (suc=9, lamba_ariza=34)",48.68,"LINESTRING (-87.55499687708362 41.662980715644146, -87.55499687708362 41.662980715644146)"
892664cc4cbffff,"H3:892664cc4cbffff (suc=66, lamba_ariza=28)",92.92,"LINESTRING (-87.61944592928788 41.80898956908201, -87.61944592928788 41.80898956908201)"
892664cd947ffff,"H3:892664cd947ffff (suc=12, lamba_ariza=14)",45.32,"LINESTRING (-87.65336323853526 41.7193497132799, -87.65336323853526 41.7193497132799)"
892664ccc7bffff,"H3:892664ccc7bffff (suc=11, lamba_ariza=25)",51.48,"LINESTRING (-87.58706759599835 41.74552579588408, -87.58706759599835 41.74552579588408)"
892664cca6fffff,"H3:892664cca6fffff (suc=4, lamba_ariza=28)",34.15,"LINESTRING (-87.62339774868263 41.71560243742165, -87.62339774868263 41.71560243742165)"
89266456543ffff,"H3:89266456543ffff (suc=18, lamba_ariza=15)",58.95,"LINESTRING (-87.61466466149051 41.68961892383362, -87.61466466149051 41.68961892383362)"
892664194dbffff,"H3:892664194dbffff (suc=1, lamba_ariza=4)",6.12,"LINESTRING (-87.55208607602493 41.70703466261828, -87.55208607602493 41.70703466261828)"
892664cc5dbffff,"H3:892664cc5dbffff (suc=18, lamba_ariza=9)",52.8,"LINESTRING (-87.59733882265354 41.79587203286114, -87.59733882265354 41.79587203286114)"
892664caeafffff,"H3:892664caeafffff (suc=44, lamba_ariza=34)",90.61,"LINESTRING (-87.69623469557546 41.89871707639661, -87.69623469557546 41.89871707639661)"
892664c8403ffff,"H3:892664c8403ffff (suc=14, lamba_ariza=15)",51.81,"LINESTRING (-87.75695061059656 41.91429206827296, -87.75695061059656 41.91429206827296)"
892664cde77ffff,"H3:892664cde77ffff (suc=9, lamba_ariza=15)",38.52,"LINESTRING (-87.68912586737336 41.74678894580946, -87.68912586737336 41.74678894580946)"
892664c8c4bffff,"H3:892664c8c4bffff (suc=0, lamba_ariza=1)",0.39,"LINESTRING (-87.73927430098611 41.86224070600452, -87.73927430098611 41.86224070600452)"
892664cd50fffff,"H3:892664cd50fffff (suc=31, lamba_ariza=6)",65.75,"LINESTRING (-87.67071813805259 41.7904717650691, -87.67071813805259 41.7904717650691)"
89266456333ffff,"H3:89266456333ffff (suc=7, lamba_ariza=19)",35.98,"LINESTRING (-87.63535331845011 41.65929186376263, -87.63535331845011 41.65929186376263)"
892664196a7ffff,"H3:892664196a7ffff (suc=0, lamba_ariza=1)",0.4,"LINESTRING (-87.55948706375943 41.68958229289833, -87.55948706375943 41.68958229289833)"
892664c88bbffff,"H3:892664c88bbffff (suc=28, lamba_ariza=46)",82.25,"LINESTRING (-87.72378351386989 41.842683146456494, -87.72378351386989 41.842683146456494)"
89266456287ffff,"H3:89266456287ffff (suc=8, lamba_ariza=35)",47.45,"LINESTRING (-87.65249820290477 41.684018355786755, -87.65249820290477 41.684018355786755)"
89275936897ffff,"H3:89275936897ffff (suc=0, lamba_ariza=11)",8.85,"LINESTRING (-87.82147191912853 42.00591526059807, -87.82147191912853 42.00591526059807)"
892664cc9d7ffff,"H3:892664cc9d7ffff (suc=10, lamba_ariza=17)",43.12,"LINESTRING (-87.56572374031497 41.72139083171332, -87.56572374031497 41.72139083171332)"
892664d8e27ffff,"H3:892664d8e27ffff (suc=10, lamba_ariza=8)",35.8,"LINESTRING (-87.68518778513996 41.99064075535569, -87.68518778513996 41.99064075535569)"
892664cf123ffff,"H3:892664cf123ffff (suc=13, lamba_ariza=24)",54.72,"LINESTRING (-87.62664423893018 41.810655916818654, -87.62664423893018 41.810655916818654)"
892664ca633ffff,"H3:892664ca633ffff (suc=5, lamba_ariza=13)",26.8,"LINESTRING (-87.7337773007491 41.950574536044606, -87.7337773007491 41.950574536044606)"
892664cb087ffff,"H3:892664cb087ffff (suc=0, lamba_ariza=9)",6.92,"LINESTRING (-87.78924324452117 41.950509556011426, -87.78924324452117 41.950509556011426)"
892664cac93ffff,"H3:892664cac93ffff (suc=9, lamba_ariza=12)",36.64,"LINESTRING (-87.66896784532733 41.916437768893125, -87.66896784532733 41.916437768893125)"
8926645666fffff,"H3:8926645666fffff (suc=21, lamba_ariza=15)",62.67,"LINESTRING (-87.66142825026861 41.690876107950345, -87.66142825026861 41.690876107950345)"
892664c881bffff,"H3:892664c881bffff (suc=9, lamba_ariza=30)",47.49,"LINESTRING (-87.73520461860153 41.843715287194605, -87.73520461860153 41.843715287194605)"
892664d81abffff,"H3:892664d81abffff (suc=29, lamba_ariza=2)",60.72,"LINESTRING (-87.67708545505224 42.01922091647528, -87.67708545505224 42.01922091647528)"
892664ccb6bffff,"H3:892664ccb6bffff (suc=9, lamba_ariza=4)",30.49,"LINESTRING (-87.60554015832557 41.70187656377453, -87.60554015832557 41.70187656377453)"
892664ccb33ffff,"H3:892664ccb33ffff (suc=0, lamba_ariza=1)",0.29,"LINESTRING (-87.58871585436017 41.70436133173872, -87.58871585436017 41.70436133173872)"
892664cc037ffff,"H3:892664cc037ffff (suc=48, lamba_ariza=9)",76.43,"LINESTRING (-87.61018080939046 41.77486371619412, -87.61018080939046 41.77486371619412)"
892664cdd9bffff,"H3:892664cdd9bffff (suc=38, lamba_ariza=10)",74.11,"LINESTRING (-87.63266044170912 41.74970294019498, -87.63266044170912 41.74970294019498)"
89275936913ffff,"H3:89275936913ffff (suc=5, lamba_ariza=8)",22.04,"LINESTRING (-87.81012799566734 41.985707560177076, -87.81012799566734 41.985707560177076)"
892664cd123ffff,"H3:892664cd123ffff (suc=30, lamba_ariza=34)",82.37,"LINESTRING (-87.67334750129318 41.76550912442418, -87.67334750129318 41.76550912442418)"
892664194b3ffff,"H3:892664194b3ffff (suc=19, lamba_ariza=20)",64.18,"LINESTRING (-87.53177993231998 41.69911476793282, -87.53177993231998 41.69911476793282)"
89266456423ffff,"H3:89266456423ffff (suc=25, lamba_ariza=24)",74.32,"LINESTRING (-87.61938609713019 41.69710231028597, -87.61938609713019 41.69710231028597)"
892664c8ba3ffff,"H3:892664c8ba3ffff (suc=0, lamba_ariza=2)",1.56,"LINESTRING (-87.7293749669606 41.81999209798766, -87.7293749669606 41.81999209798766)"
892664cb533ffff,"H3:892664cb533ffff (suc=16, lamba_ariza=25)",62.65,"LINESTRING (-87.76335099349433 41.94616637807614, -87.76335099349433 41.94616637807614)"
892664cad63ffff,"H3:892664cad63ffff (suc=81, lamba_ariza=18)",88.89,"LINESTRING (-87.66263519092972 41.88456562682382, -87.66263519092972 41.88456562682382)"
892664c8b77ffff,"H3:892664c8b77ffff (suc=4, lamba_ariza=12)",23.88,"LINESTRING (-87.74323921525529 41.81519484601281, -87.74323921525529 41.81519484601281)"
8926645657bffff,"H3:8926645657bffff (suc=13, lamba_ariza=13)",48.09,"LINESTRING (-87.61291919778495 41.68442305611986, -87.61291919778495 41.68442305611986)"
892664ca6cfffff,"H3:892664ca6cfffff (suc=15, lamba_ariza=9)",47.44,"LINESTRING (-87.74576717170498 41.9597342012115, -87.74576717170498 41.9597342012115)"
892664ca373ffff,"H3:892664ca373ffff (suc=16, lamba_ariza=40)",64.84,"LINESTRING (-87.73284643238082 41.9151491324784, -87.73284643238082 41.9151491324784)"
892664d8c6bffff,"H3:892664d8c6bffff (suc=16, lamba_ariza=22)",60.96,"LINESTRING (-87.67426004316629 41.997737292082554, -87.67426004316629 41.997737292082554)"
892664c8413ffff,"H3:892664c8413ffff (suc=21, lamba_ariza=12)",61.05,"LINESTRING (-87.75572457698475 41.91721017310795, -87.75572457698475 41.91721017310795)"
892664ca977ffff,"H3:892664ca977ffff (suc=17, lamba_ariza=9)",51.44,"LINESTRING (-87.66703209317521 41.86477968883813, -87.66703209317521 41.86477968883813)"
892664c14d3ffff,"H3:892664c14d3ffff (suc=15, lamba_ariza=2)",41.24,"LINESTRING (-87.63355801413064 41.96271577133632, -87.63355801413064 41.96271577133632)"
8926645200fffff,"H3:8926645200fffff (suc=10, lamba_ariza=32)",51.35,"LINESTRING (-87.78005494526893 41.79331193386508, -87.78005494526893 41.79331193386508)"
892664ca8d3ffff,"H3:892664ca8d3ffff (suc=31, lamba_ariza=6)",65.88,"LINESTRING (-87.68902138617527 41.89705424421483, -87.68902138617527 41.89705424421483)"
892664ccb17ffff,"H3:892664ccb17ffff (suc=0, lamba_ariza=1)",1.05,"LINESTRING (-87.5904594560411 41.70955893307951, -87.5904594560411 41.70955893307951)"
892664d8d4bffff,"H3:892664d8d4bffff (suc=37, lamba_ariza=13)",76.23,"LINESTRING (-87.65804172748899 41.98919286265011, -87.65804172748899 41.98919286265011)"
892664ca96fffff,"H3:892664ca96fffff (suc=2, lamba_ariza=1)",6.03,"LINESTRING (-87.67248136221829 41.861238295291265, -87.67248136221829 41.861238295291265)"
892664c8937ffff,"H3:892664c8937ffff (suc=12, lamba_ariza=57)",57.48,"LINESTRING (-87.70233060584845 41.81855190932492, -87.70233060584845 41.81855190932492)"
892664cb2b3ffff,"H3:892664cb2b3ffff (suc=9, lamba_ariza=45)",51.58,"LINESTRING (-87.81580742787148 41.943800043553075, -87.81580742787148 41.943800043553075)"
892759368b3ffff,"H3:892759368b3ffff (suc=7, lamba_ariza=24)",41.12,"LINESTRING (-87.81969201256169 42.00070480207175, -87.81969201256169 42.00070480207175)"
892664cea27ffff,"H3:892664cea27ffff (suc=35, lamba_ariza=40)",87.28,"LINESTRING (-87.561076842763 41.76027424546808, -87.561076842763 41.76027424546808)"
892664cd3d3ffff,"H3:892664cd3d3ffff (suc=51, lamba_ariza=33)",92.25,"LINESTRING (-87.71107326926469 41.77901582225197, -87.71107326926469 41.77901582225197)"
892664c8443ffff,"H3:892664c8443ffff (suc=0, lamba_ariza=3)",2.54,"LINESTRING (-87.76838922892937 41.91532074309373, -87.76838922892937 41.91532074309373)"
892664ca067ffff,"H3:892664ca067ffff (suc=14, lamba_ariza=16)",52.17,"LINESTRING (-87.72248286130153 41.930368588096655, -87.72248286130153 41.930368588096655)"
892664ca59bffff,"H3:892664ca59bffff (suc=6, lamba_ariza=12)",29.26,"LINESTRING (-87.68552507652812 41.952276937083646, -87.68552507652812 41.952276937083646)"
892664cb487ffff,"H3:892664cb487ffff (suc=3, lamba_ariza=13)",20.86,"LINESTRING (-87.78066592843577 41.97094916397267, -87.78066592843577 41.97094916397267)"
892664cf66bffff,"H3:892664cf66bffff (suc=8, lamba_ariza=4)",26.97,"LINESTRING (-87.68407613941949 41.8431208936507, -87.68407613941949 41.8431208936507)"
892664ca887ffff,"H3:892664ca887ffff (suc=30, lamba_ariza=18)",75.67,"LINESTRING (-87.67582672035708 41.890810558698604, -87.67582672035708 41.890810558698604)"
892664cdc23ffff,"H3:892664cdc23ffff (suc=32, lamba_ariza=10)",69.73,"LINESTRING (-87.65247739866545 41.749497136957956, -87.65247739866545 41.749497136957956)"
892664cc583ffff,"H3:892664cc583ffff (suc=13, lamba_ariza=11)",44.37,"LINESTRING (-87.58294827285113 41.79253544597973, -87.58294827285113 41.79253544597973)"
892664c80cbffff,"H3:892664c80cbffff (suc=30, lamba_ariza=8)",66.36,"LINESTRING (-87.77451336584184 41.9007310994795, -87.77451336584184 41.9007310994795)"
8926645238fffff,"H3:8926645238fffff (suc=11, lamba_ariza=5)",35.13,"LINESTRING (-87.78195058033931 41.77937303608875, -87.78195058033931 41.77937303608875)"
892664cdb6fffff,"H3:892664cdb6fffff (suc=12, lamba_ariza=18)",49.06,"LINESTRING (-87.68227455169081 41.7068764654931, -87.68227455169081 41.7068764654931)"
892664c1e83ffff,"H3:892664c1e83ffff (suc=9, lamba_ariza=10)",35.29,"LINESTRING (-87.61970179856971 41.9018581482778, -87.61970179856971 41.9018581482778)"
892664c8197ffff,"H3:892664c8197ffff (suc=38, lamba_ariza=13)",76.93,"LINESTRING (-87.73368273497007 41.88494377338419, -87.73368273497007 41.88494377338419)"
892664d8e6fffff,"H3:892664d8e6fffff (suc=27, lamba_ariza=13)",68.73,"LINESTRING (-87.70087572557522 41.991048010034994, -87.70087572557522 41.991048010034994)"
892664cd08fffff,"H3:892664cd08fffff (suc=12, lamba_ariza=17)",46.94,"LINESTRING (-87.69353538383564 41.79254572519769, -87.69353538383564 41.79254572519769)"
892664c8147ffff,"H3:892664c8147ffff (suc=36, lamba_ariza=18)",80.33,"LINESTRING (-87.75300970081875 41.87659555766823, -87.75300970081875 41.87659555766823)"
892664cea1bffff,"H3:892664cea1bffff (suc=80, lamba_ariza=4)",76.16,"LINESTRING (-87.57175400892937 41.77234715791152, -87.57175400892937 41.77234715791152)"
892664cac37ffff,"H3:892664cac37ffff (suc=27, lamba_ariza=16)",70.98,"LINESTRING (-87.6679116315987 41.90018718550881, -87.6679116315987 41.90018718550881)"
8926645201bffff,"H3:8926645201bffff (suc=5, lamba_ariza=28)",36.59,"LINESTRING (-87.78182259404028 41.79851078056559, -87.78182259404028 41.79851078056559)"
892664ca07bffff,"H3:892664ca07bffff (suc=19, lamba_ariza=33)",69.16,"LINESTRING (-87.72847367130558 41.9349481811294, -87.72847367130558 41.9349481811294)"
892664caad7ffff,"H3:892664caad7ffff (suc=41, lamba_ariza=8)",73.07,"LINESTRING (-87.71557599130317 41.89037304261211, -87.71557599130317 41.89037304261211)"
892664ca6b7ffff,"H3:892664ca6b7ffff (suc=11, lamba_ariza=41)",55.66,"LINESTRING (-87.72409711027169 41.95475196833344, -87.72409711027169 41.95475196833344)"
892664cdc03ffff,"H3:892664cdc03ffff (suc=11, lamba_ariza=2)",32.11,"LINESTRING (-87.65721062811024 41.75698369637124, -87.65721062811024 41.75698369637124)"
892664d8947ffff,"H3:892664d8947ffff (suc=66, lamba_ariza=15)",85.23,"LINESTRING (-87.65945563220302 41.967089145131254, -87.65945563220302 41.967089145131254)"
892664cea07ffff,"H3:892664cea07ffff (suc=34, lamba_ariza=5)",66.51,"LINESTRING (-87.5657974386851 41.76776630687194, -87.5657974386851 41.76776630687194)"
892664ca5dbffff,"H3:892664ca5dbffff (suc=14, lamba_ariza=16)",53.23,"LINESTRING (-87.6969735431599 41.95331272423712, -87.6969735431599 41.95331272423712)"
892664cdbcfffff,"H3:892664cdbcfffff (suc=8, lamba_ariza=16)",39.0,"LINESTRING (-87.68035140473329 41.72080306324192, -87.68035140473329 41.72080306324192)"
892664cb24fffff,"H3:892664cb24fffff (suc=0, lamba_ariza=4)",3.25,"LINESTRING (-87.8411411448985 41.94000492641998, -87.8411411448985 41.94000492641998)"
892664cf30fffff,"H3:892664cf30fffff (suc=20, lamba_ariza=33)",70.94,"LINESTRING (-87.66211566507903 41.81086463510786, -87.66211566507903 41.81086463510786)"
892664d8d43ffff,"H3:892664d8d43ffff (suc=9, lamba_ariza=11)",36.51,"LINESTRING (-87.65381091565229 41.989819796561335, -87.65381091565229 41.989819796561335)"
892664cd3a3ffff,"H3:892664cd3a3ffff (suc=2, lamba_ariza=4)",8.98,"LINESTRING (-87.69615240206049 41.767582640819164, -87.69615240206049 41.767582640819164)"
89266456e97ffff,"H3:89266456e97ffff (suc=11, lamba_ariza=13)",42.5,"LINESTRING (-87.60962829132693 41.65491938657722, -87.60962829132693 41.65491938657722)"
8926645702fffff,"H3:8926645702fffff (suc=0, lamba_ariza=10)",8.57,"LINESTRING (-87.70887951065247 41.68110166674147, -87.70887951065247 41.68110166674147)"
89275934ca3ffff,"H3:89275934ca3ffff (suc=0, lamba_ariza=1)",0.33,"LINESTRING (-87.8590542219621 41.972900211363694, -87.8590542219621 41.972900211363694)"
892664cca37ffff,"H3:892664cca37ffff (suc=0, lamba_ariza=1)",0.57,"LINESTRING (-87.60657015386397 41.718090453299325, -87.60657015386397 41.718090453299325)"
892664c83b7ffff,"H3:892664c83b7ffff (suc=15, lamba_ariza=20)",56.38,"LINESTRING (-87.758452605579 41.8730498983279, -87.758452605579 41.8730498983279)"
892664c8c57ffff,"H3:892664c8c57ffff (suc=30, lamba_ariza=16)",73.48,"LINESTRING (-87.73083965260246 41.86349702500481, -87.73083965260246 41.86349702500481)"
892664d9947ffff,"H3:892664d9947ffff (suc=2, lamba_ariza=9)",13.86,"LINESTRING (-87.7396256669429 41.97433358742189, -87.7396256669429 41.97433358742189)"
892664cd573ffff,"H3:892664cd573ffff (suc=12, lamba_ariza=23)",51.7,"LINESTRING (-87.6749303269134 41.789846760792315, -87.6749303269134 41.789846760792315)"
892664c8c63ffff,"H3:892664c8c63ffff (suc=25, lamba_ariza=10)",63.08,"LINESTRING (-87.73030126744555 41.85537737513399, -87.73030126744555 41.85537737513399)"
892664cae63ffff,"H3:892664cae63ffff (suc=89, lamba_ariza=38)",96.97,"LINESTRING (-87.71311955614921 41.89620702402613, -87.71311955614921 41.89620702402613)"
892664cd9abffff,"H3:892664cd9abffff (suc=7, lamba_ariza=3)",23.58,"LINESTRING (-87.63776586235535 41.71893208316098, -87.63776586235535 41.71893208316098)"
892664d8ccbffff,"H3:892664d8ccbffff (suc=19, lamba_ariza=12)",57.51,"LINESTRING (-87.67232228294831 42.01171332370572, -87.67232228294831 42.01171332370572)"
892664d89c7ffff,"H3:892664d89c7ffff (suc=29, lamba_ariza=11)",68.65,"LINESTRING (-87.65275832347083 41.97355461118654, -87.65275832347083 41.97355461118654)"
892664cc92fffff,"H3:892664cc92fffff (suc=24, lamba_ariza=28)",74.94,"LINESTRING (-87.56173407472187 41.702886123083246, -87.56173407472187 41.702886123083246)"
892664ca683ffff,"H3:892664ca683ffff (suc=17, lamba_ariza=18)",58.86,"LINESTRING (-87.73308869008522 41.96162289994034, -87.73308869008522 41.96162289994034)"
892664570c7ffff,"H3:892664570c7ffff (suc=0, lamba_ariza=10)",7.86,"LINESTRING (-87.71414774590801 41.69668327278514, -87.71414774590801 41.69668327278514)"
8926645742bffff,"H3:8926645742bffff (suc=1, lamba_ariza=12)",11.61,"LINESTRING (-87.70329451172648 41.703753299387245, -87.70329451172648 41.703753299387245)"
892664c1a63ffff,"H3:892664c1a63ffff (suc=48, lamba_ariza=15)",82.47,"LINESTRING (-87.64171444397151 41.868531597072305, -87.64171444397151 41.868531597072305)"
892664cc057ffff,"H3:892664cc057ffff (suc=4, lamba_ariza=25)",34.53,"LINESTRING (-87.6263171244827 41.78339770490557, -87.6263171244827 41.78339770490557)"
892664cdd4bffff,"H3:892664cdd4bffff (suc=29, lamba_ariza=33)",81.47,"LINESTRING (-87.65195397260571 41.741387407367256, -87.65195397260571 41.741387407367256)"
892664ceb0bffff,"H3:892664ceb0bffff (suc=46, lamba_ariza=14)",80.08,"LINESTRING (-87.5521460805216 41.75340287544238, -87.5521460805216 41.75340287544238)"
892664ceb63ffff,"H3:892664ceb63ffff (suc=13, lamba_ariza=13)",46.62,"LINESTRING (-87.5546161773962 41.747581622365246, -87.5546161773962 41.747581622365246)"
892664c846bffff,"H3:892664c846bffff (suc=17, lamba_ariza=22)",62.85,"LINESTRING (-87.76784368458634 41.907196636012706, -87.76784368458634 41.907196636012706)"
892664cf543ffff,"H3:892664cf543ffff (suc=34, lamba_ariza=25)",82.74,"LINESTRING (-87.63417469358326 41.839589239315366, -87.63417469358326 41.839589239315366)"
89266456c53ffff,"H3:89266456c53ffff (suc=33, lamba_ariza=19)",79.08,"LINESTRING (-87.60122517576187 41.65616115253486, -87.60122517576187 41.65616115253486)"
892664570dbffff,"H3:892664570dbffff (suc=1, lamba_ariza=12)",12.84,"LINESTRING (-87.72010764413672 41.701252212045176, -87.72010764413672 41.701252212045176)"
892664cf2c3ffff,"H3:892664cf2c3ffff (suc=0, lamba_ariza=2)",1.64,"LINESTRING (-87.6865335945772 41.837291199376345, -87.6865335945772 41.837291199376345)"
892664cd093ffff,"H3:892664cd093ffff (suc=11, lamba_ariza=23)",50.35,"LINESTRING (-87.69108123167689 41.79837224242367, -87.69108123167689 41.79837224242367)"
892664cf5c7ffff,"H3:892664cf5c7ffff (suc=16, lamba_ariza=20)",59.13,"LINESTRING (-87.6245063749257 41.843751951793635, -87.6245063749257 41.843751951793635)"
89275936a37ffff,"H3:89275936a37ffff (suc=1, lamba_ariza=0)",4.64,"LINESTRING (-87.85294855565382 41.987505948449964, -87.85294855565382 41.987505948449964)"
892664cea73ffff,"H3:892664cea73ffff (suc=106, lamba_ariza=17)",88.75,"LINESTRING (-87.57422253042743 41.76652423642685, -87.57422253042743 41.76652423642685)"
89275936d5bffff,"H3:89275936d5bffff (suc=2, lamba_ariza=8)",13.14,"LINESTRING (-87.81724352129488 42.00654827930709, -87.81724352129488 42.00654827930709)"
892664ca813ffff,"H3:892664ca813ffff (suc=18, lamba_ariza=10)",53.43,"LINESTRING (-87.68426900414865 41.88955748362858, -87.68426900414865 41.88955748362858)"
892664ca5a3ffff,"H3:892664ca5a3ffff (suc=28, lamba_ariza=29)",79.58,"LINESTRING (-87.67777336861225 41.94248398064934, -87.67777336861225 41.94248398064934)"
89266456317ffff,"H3:89266456317ffff (suc=9, lamba_ariza=33)",48.99,"LINESTRING (-87.63710025491493 41.66448571812183, -87.63710025491493 41.66448571812183)"
892664cd43bffff,"H3:892664cd43bffff (suc=3, lamba_ariza=13)",21.39,"LINESTRING (-87.68862644589287 41.80419915204018, -87.68862644589287 41.80419915204018)"
892664cc01bffff,"H3:892664cc01bffff (suc=57, lamba_ariza=36)",93.87,"LINESTRING (-87.6221043607844 41.78402088872524, -87.6221043607844 41.78402088872524)"
892664190abffff,"H3:892664190abffff (suc=0, lamba_ariza=8)",6.24,"LINESTRING (-87.54586049126294 41.67523027522968, -87.54586049126294 41.67523027522968)"
89266452527ffff,"H3:89266452527ffff (suc=0, lamba_ariza=3)",2.52,"LINESTRING (-87.74161983330261 41.790852836260235, -87.74161983330261 41.790852836260235)"
892664cdbd3ffff,"H3:892664cdbd3ffff (suc=1, lamba_ariza=39)",24.72,"LINESTRING (-87.67789931768806 41.72662413064887, -87.67789931768806 41.72662413064887)"
892664cb2c7ffff,"H3:892664cb2c7ffff (suc=2, lamba_ariza=18)",20.28,"LINESTRING (-87.83025359963874 41.94710986943924, -87.83025359963874 41.94710986943924)"
892664cc387ffff,"H3:892664cc387ffff (suc=45, lamba_ariza=12)",78.0,"LINESTRING (-87.61808727861592 41.76550572246447, -87.61808727861592 41.76550572246447)"
89266452533ffff,"H3:89266452533ffff (suc=1, lamba_ariza=8)",7.02,"LINESTRING (-87.74338323498954 41.79605237243759, -87.74338323498954 41.79605237243759)"
892664d9d57ffff,"H3:892664d9d57ffff (suc=1, lamba_ariza=1)",1.48,"LINESTRING (-87.729790977512 41.99769767835059, -87.729790977512 41.99769767835059)"
892664c130bffff,"H3:892664c130bffff (suc=20, lamba_ariza=23)",67.88,"LINESTRING (-87.65154606705485 41.91081634828431, -87.65154606705485 41.91081634828431)"
892664c8447ffff,"H3:892664c8447ffff (suc=28, lamba_ariza=14)",70.7,"LINESTRING (-87.76539327870465 41.91303257835328, -87.76539327870465 41.91303257835328)"
892664ca9bbffff,"H3:892664ca9bbffff (suc=30, lamba_ariza=22)",78.06,"LINESTRING (-87.65613082848343 41.871862297718536, -87.65613082848343 41.871862297718536)"
8926641944fffff,"H3:8926641944fffff (suc=0, lamba_ariza=2)",1.71,"LINESTRING (-87.55702070289784 41.69539935706872, -87.55702070289784 41.69539935706872)"
8926645753bffff,"H3:8926645753bffff (suc=9, lamba_ariza=19)",43.81,"LINESTRING (-87.68121848816472 41.6906669664699, -87.68121848816472 41.6906669664699)"
8926645645bffff,"H3:8926645645bffff (suc=10, lamba_ariza=40)",51.6,"LINESTRING (-87.63847372413157 41.70791540071345, -87.63847372413157 41.70791540071345)"
892664d996fffff,"H3:892664d996fffff (suc=10, lamba_ariza=9)",35.17,"LINESTRING (-87.73908445239597 41.96620335915725, -87.73908445239597 41.96620335915725)"
892664cc123ffff,"H3:892664cc123ffff (suc=19, lamba_ariza=31)",69.47,"LINESTRING (-87.59353636262803 41.75821579488604, -87.59353636262803 41.75821579488604)"
892664c8d43ffff,"H3:892664c8d43ffff (suc=23, lamba_ariza=38)",76.23,"LINESTRING (-87.71412477017631 41.84685310028573, -87.71412477017631 41.84685310028573)"
892664cf05bffff,"H3:892664cf05bffff (suc=27, lamba_ariza=7)",62.58,"LINESTRING (-87.66668079876263 41.83750522554664, -87.66668079876263 41.83750522554664)"
892664c128bffff,"H3:892664c128bffff (suc=14, lamba_ariza=16)",51.95,"LINESTRING (-87.66579945097808 41.933318108703425, -87.66579945097808 41.933318108703425)"
892664cc1b7ffff,"H3:892664cc1b7ffff (suc=94, lamba_ariza=17)",88.12,"LINESTRING (-87.58264699528726 41.765281594861136, -87.58264699528726 41.765281594861136)"
892664cb5c7ffff,"H3:892664cb5c7ffff (suc=9, lamba_ariza=31)",47.42,"LINESTRING (-87.77111982160129 41.955952926695055, -87.77111982160129 41.955952926695055)"
89275936887ffff,"H3:89275936887ffff (suc=0, lamba_ariza=2)",1.54,"LINESTRING (-87.82269594663427 42.00299346667928, -87.82269594663427 42.00299346667928)"
892664cde63ffff,"H3:892664cde63ffff (suc=12, lamba_ariza=14)",46.23,"LINESTRING (-87.69333363860133 41.74616384165787, -87.69333363860133 41.74616384165787)"
892664ca1c3ffff,"H3:892664ca1c3ffff (suc=19, lamba_ariza=26)",66.46,"LINESTRING (-87.70259196302476 41.930591334203186, -87.70259196302476 41.930591334203186)"
892664cad67ffff,"H3:892664cad67ffff (suc=31, lamba_ariza=44)",85.22,"LINESTRING (-87.6596456898259 41.88227514555483, -87.6596456898259 41.88227514555483)"
892664d98a3ffff,"H3:892664d98a3ffff (suc=4, lamba_ariza=6)",18.69,"LINESTRING (-87.74070866613603 41.99059637003385, -87.74070866613603 41.99059637003385)"
892664ca64bffff,"H3:892664ca64bffff (suc=9, lamba_ariza=14)",38.93,"LINESTRING (-87.75544592397381 41.95555475278961, -87.75544592397381 41.95555475278961)"
892664194bbffff,"H3:892664194bbffff (suc=7, lamba_ariza=58)",45.07,"LINESTRING (-87.53598711726161 41.6984958887647, -87.53598711726161 41.6984958887647)"
892664d9babffff,"H3:892664d9babffff (suc=11, lamba_ariza=10)",38.95,"LINESTRING (-87.75353489467449 41.969523604823536, -87.75353489467449 41.969523604823536)"
892664cc87bffff,"H3:892664cc87bffff (suc=15, lamba_ariza=26)",59.6,"LINESTRING (-87.59569256692507 41.725153407109985, -87.59569256692507 41.725153407109985)"
892664cae2fffff,"H3:892664cae2fffff (suc=25, lamba_ariza=14)",66.64,"LINESTRING (-87.70291436088966 41.89225583776054, -87.70291436088966 41.89225583776054)"
892664cd4d7ffff,"H3:892664cd4d7ffff (suc=17, lamba_ariza=11)",52.16,"LINESTRING (-87.69091552068446 41.81751642697293, -87.69091552068446 41.81751642697293)"
892664cc45bffff,"H3:892664cc45bffff (suc=20, lamba_ariza=15)",62.29,"LINESTRING (-87.62489290622383 41.805452965401415, -87.62489290622383 41.805452965401415)"
89266456647ffff,"H3:89266456647ffff (suc=4, lamba_ariza=23)",30.95,"LINESTRING (-87.66195275215374 41.69898077580474, -87.66195275215374 41.69898077580474)"
892664c1a3bffff,"H3:892664c1a3bffff (suc=29, lamba_ariza=4)",62.86,"LINESTRING (-87.63327396259263 41.86978108697822, -87.63327396259263 41.86978108697822)"
892664caa77ffff,"H3:892664caa77ffff (suc=22, lamba_ariza=10)",60.09,"LINESTRING (-87.71749539521413 41.87641757654686, -87.71749539521413 41.87641757654686)"
892664cf4cfffff,"H3:892664cf4cfffff (suc=33, lamba_ariza=11)",71.97,"LINESTRING (-87.6496299372299 41.85916033396193, -87.6496299372299 41.85916033396193)"
892664cac2fffff,"H3:892664cac2fffff (suc=38, lamba_ariza=12)",76.0,"LINESTRING (-87.67336499916483 41.89664401124917, -87.67336499916483 41.89664401124917)"
892664c1e7bffff,"H3:892664c1e7bffff (suc=61, lamba_ariza=35)",94.32,"LINESTRING (-87.6360727998698 41.89123441073312, -87.6360727998698 41.89123441073312)"
892664c1697ffff,"H3:892664c1697ffff (suc=29, lamba_ariza=9)",66.41,"LINESTRING (-87.64871271944902 41.95500000777619, -87.64871271944902 41.95500000777619)"
892664cf41bffff,"H3:892664cf41bffff (suc=36, lamba_ariza=33)",87.0,"LINESTRING (-87.6466426280216 41.856870083305246, -87.6466426280216 41.856870083305246)"
892664c8857ffff,"H3:892664c8857ffff (suc=0, lamba_ariza=4)",3.06,"LINESTRING (-87.73942011199298 41.84308729607196, -87.73942011199298 41.84308729607196)"
892664561cfffff,"H3:892664561cfffff (suc=25, lamba_ariza=30)",75.99,"LINESTRING (-87.61783539234332 41.67278935025861, -87.61783539234332 41.67278935025861)"
8927593418fffff,"H3:8927593418fffff (suc=1, lamba_ariza=0)",3.16,"LINESTRING (-87.88609813827082 41.99348085895024, -87.88609813827082 41.99348085895024)"
892664c85b3ffff,"H3:892664c85b3ffff (suc=123, lamba_ariza=30)",95.97,"LINESTRING (-87.7233262388672 41.9001573936513, -87.7233262388672 41.9001573936513)"
892664caa2fffff,"H3:892664caa2fffff (suc=32, lamba_ariza=16)",75.24,"LINESTRING (-87.71151309676729 41.87184012681745, -87.71151309676729 41.87184012681745)"
8926645702bffff,"H3:8926645702bffff (suc=0, lamba_ariza=2)",1.31,"LINESTRING (-87.71185809971863 41.6833859290292, -87.71185809971863 41.6833859290292)"
89275936b97ffff,"H3:89275936b97ffff (suc=2, lamba_ariza=0)",7.04,"LINESTRING (-87.83003677836918 41.985464755198926, -87.83003677836918 41.985464755198926)"
892664cc8a7ffff,"H3:892664cc8a7ffff (suc=24, lamba_ariza=20)",70.46,"LINESTRING (-87.57167433582352 41.72596946051034, -87.57167433582352 41.72596946051034)"
892664561dbffff,"H3:892664561dbffff (suc=52, lamba_ariza=27)",90.59,"LINESTRING (-87.61958094793744 41.67798440410982, -87.61958094793744 41.67798440410982)"
8926645239bffff,"H3:8926645239bffff (suc=3, lamba_ariza=9)",19.42,"LINESTRING (-87.7837179009382 41.784570998175894, -87.7837179009382 41.784570998175894)"
892664ccb53ffff,"H3:892664ccb53ffff (suc=6, lamba_ariza=7)",25.27,"LINESTRING (-87.60482449040359 41.71289268031965, -87.60482449040359 41.71289268031965)"
892664ccc53ffff,"H3:892664ccc53ffff (suc=11, lamba_ariza=7)",37.77,"LINESTRING (-87.58757977413087 41.753636869120136, -87.58757977413087 41.753636869120136)"
892664cf47bffff,"H3:892664cf47bffff (suc=0, lamba_ariza=1)",0.06,"LINESTRING (-87.65332399455994 41.8504149105681, -87.65332399455994 41.8504149105681)"
89266452c23ffff,"H3:89266452c23ffff (suc=2, lamba_ariza=0)",7.0,"LINESTRING (-87.73227107444637 41.7567492535558, -87.73227107444637 41.7567492535558)"
892664ca16fffff,"H3:892664ca16fffff (suc=18, lamba_ariza=28)",66.24,"LINESTRING (-87.70574643599983 41.91371131483822, -87.70574643599983 41.91371131483822)"
892664ccccfffff,"H3:892664ccccfffff (suc=25, lamba_ariza=21)",72.91,"LINESTRING (-87.5833687976715 41.75425829004084, -87.5833687976715 41.75425829004084)"
892664d8aafffff,"H3:892664d8aafffff (suc=29, lamba_ariza=18)",74.69,"LINESTRING (-87.69134951085144 41.97604032509745, -87.69134951085144 41.97604032509745)"
892664cc1d3ffff,"H3:892664cc1d3ffff (suc=32, lamba_ariza=32)",83.87,"LINESTRING (-87.60175590993856 41.77610857014259, -87.60175590993856 41.77610857014259)"
892664c81dbffff,"H3:892664c81dbffff (suc=41, lamba_ariza=8)",73.08,"LINESTRING (-87.7523268219479 41.88763392749445, -87.7523268219479 41.88763392749445)"
8926645629bffff,"H3:8926645629bffff (suc=11, lamba_ariza=9)",38.9,"LINESTRING (-87.65845129574946 41.68859022088991, -87.65845129574946 41.68859022088991)"
892664cc897ffff,"H3:892664cc897ffff (suc=22, lamba_ariza=23)",70.59,"LINESTRING (-87.5751598685388 41.73636830029197, -87.5751598685388 41.73636830029197)"
892664d9817ffff,"H3:892664d9817ffff (suc=4, lamba_ariza=12)",22.75,"LINESTRING (-87.74793754154668 41.992256876721875, -87.74793754154668 41.992256876721875)"
892664caa03ffff,"H3:892664caa03ffff (suc=5, lamba_ariza=30)",36.5,"LINESTRING (-87.71503995623256 41.882250566083506, -87.71503995623256 41.882250566083506)"
892664d88c7ffff,"H3:892664d88c7ffff (suc=11, lamba_ariza=21)",48.05,"LINESTRING (-87.67372998708206 41.98960384789306, -87.67372998708206 41.98960384789306)"
892664c895bffff,"H3:892664c895bffff (suc=5, lamba_ariza=7)",21.29,"LINESTRING (-87.7256984224242 41.82873579053618, -87.7256984224242 41.82873579053618)"
892664d88dbffff,"H3:892664d88dbffff (suc=12, lamba_ariza=3)",36.01,"LINESTRING (-87.67972437113248 41.99418905431492, -87.67972437113248 41.99418905431492)"
892664cd6a7ffff,"H3:892664cd6a7ffff (suc=18, lamba_ariza=27)",66.5,"LINESTRING (-87.70547753804387 41.801695016967265, -87.70547753804387 41.801695016967265)"
892664cdeb3ffff,"H3:892664cdeb3ffff (suc=12, lamba_ariza=20)",51.03,"LINESTRING (-87.67404753507064 41.754486464157225, -87.67404753507064 41.754486464157225)"
892664d8a9bffff,"H3:892664d8a9bffff (suc=8, lamba_ariza=4)",26.95,"LINESTRING (-87.6978777057883 41.988756107296666, -87.6978777057883 41.988756107296666)"
89266452317ffff,"H3:89266452317ffff (suc=9, lamba_ariza=15)",40.28,"LINESTRING (-87.7831712298831 41.776459790601734, -87.7831712298831 41.776459790601734)"
892664194afffff,"H3:892664194afffff (suc=6, lamba_ariza=36)",40.96,"LINESTRING (-87.53424981595927 41.69329779062371, -87.53424981595927 41.69329779062371)"
892664d8e57ffff,"H3:892664d8e57ffff (suc=7, lamba_ariza=21)",38.58,"LINESTRING (-87.70017857134488 42.002101998441276, -87.70017857134488 42.002101998441276)"
892664cf10bffff,"H3:892664cf10bffff (suc=27, lamba_ariza=12)",66.75,"LINESTRING (-87.6355955013414 41.81752499240315, -87.6355955013414 41.81752499240315)"
892664c16c7ffff,"H3:892664c16c7ffff (suc=11, lamba_ariza=8)",37.67,"LINESTRING (-87.66139547447152 41.95312064924939, -87.66139547447152 41.95312064924939)"
89266419543ffff,"H3:89266419543ffff (suc=4, lamba_ariza=56)",38.05,"LINESTRING (-87.53498209693021 41.682283793300826, -87.53498209693021 41.682283793300826)"
89266452d57ffff,"H3:89266452d57ffff (suc=9, lamba_ariza=10)",34.07,"LINESTRING (-87.72331937417341 41.74989286025173, -87.72331937417341 41.74989286025173)"
892664cf413ffff,"H3:892664cf413ffff (suc=46, lamba_ariza=33)",90.77,"LINESTRING (-87.64242364922045 41.85749492835999, -87.64242364922045 41.85749492835999)"
892664c8683ffff,"H3:892664c8683ffff (suc=3, lamba_ariza=0)",10.23,"LINESTRING (-87.77982803031043 41.916348266026944, -87.77982803031043 41.916348266026944)"
892664ca97bffff,"H3:892664ca97bffff (suc=7, lamba_ariza=12)",31.65,"LINESTRING (-87.67423996569211 41.86644358606976, -87.67423996569211 41.86644358606976)"
892664cd1d3ffff,"H3:892664cd1d3ffff (suc=10, lamba_ariza=0)",29.73,"LINESTRING (-87.68159760130945 41.783395935080726, -87.68159760130945 41.783395935080726)"
892664c8193ffff,"H3:892664c8193ffff (suc=9, lamba_ariza=6)",31.74,"LINESTRING (-87.73667552930313 41.887232186714975, -87.73667552930313 41.887232186714975)"
892664ca697ffff,"H3:892664ca697ffff (suc=16, lamba_ariza=20)",59.54,"LINESTRING (-87.72886221028459 41.96225217887039, -87.72886221028459 41.96225217887039)"
892664cd933ffff,"H3:892664cd933ffff (suc=8, lamba_ariza=17)",39.63,"LINESTRING (-87.63899442722642 41.71602206519151, -87.63899442722642 41.71602206519151)"
89266419553ffff,"H3:89266419553ffff (suc=19, lamba_ariza=12)",57.02,"LINESTRING (-87.53374757659361 41.68519183336707, -87.53374757659361 41.68519183336707)"
892664d891bffff,"H3:892664d891bffff (suc=40, lamba_ariza=31)",88.38,"LINESTRING (-87.6539926816866 41.97063518164588, -87.6539926816866 41.97063518164588)"
892664d8a83ffff,"H3:892664d8a83ffff (suc=9, lamba_ariza=44)",51.08,"LINESTRING (-87.69487996155425 41.98646417219249, -87.69487996155425 41.98646417219249)"
8926645643bffff,"H3:8926645643bffff (suc=29, lamba_ariza=33)",81.42,"LINESTRING (-87.62236195689731 41.699389520397716, -87.62236195689731 41.699389520397716)"
892664cae5bffff,"H3:892664cae5bffff (suc=34, lamba_ariza=18)",78.77,"LINESTRING (-87.72087030968903 41.90599219809041, -87.72087030968903 41.90599219809041)"
892664c81bbffff,"H3:892664c81bbffff (suc=80, lamba_ariza=24)",92.26,"LINESTRING (-87.73613584931798 41.87911032542801, -87.73613584931798 41.87911032542801)"
8926645662fffff,"H3:8926645662fffff (suc=15, lamba_ariza=15)",52.37,"LINESTRING (-87.6500443934313 41.689836326856025, -87.6500443934313 41.689836326856025)"
892664d83b3ffff,"H3:892664d83b3ffff (suc=1, lamba_ariza=10)",11.05,"LINESTRING (-87.70124841558724 42.01837129147704, -87.70124841558724 42.01837129147704)"
892664cc16fffff,"H3:892664cc16fffff (suc=68, lamba_ariza=25)",92.02,"LINESTRING (-87.60616917612906 41.75634986319402, -87.60616917612906 41.75634986319402)"
8926641b2cbffff,"H3:8926641b2cbffff (suc=0, lamba_ariza=2)",1.69,"LINESTRING (-87.54467936929812 41.724490562263625, -87.54467936929812 41.724490562263625)"
892664cce0fffff,"H3:892664cce0fffff (suc=12, lamba_ariza=1)",32.76,"LINESTRING (-87.60811649650094 41.74241715866501, -87.60811649650094 41.74241715866501)"
892664cf687ffff,"H3:892664cf687ffff (suc=11, lamba_ariza=19)",48.06,"LINESTRING (-87.6635169624444 41.854369271313146, -87.6635169624444 41.854369271313146)"
892664c1edbffff,"H3:892664c1edbffff (suc=42, lamba_ariza=40)",90.82,"LINESTRING (-87.63412778182185 41.90519243180433, -87.63412778182185 41.90519243180433)"
892664cb187ffff,"H3:892664cb187ffff (suc=27, lamba_ariza=49)",81.81,"LINESTRING (-87.76825522943435 41.93449011008133, -87.76825522943435 41.93449011008133)"
892664cf2bbffff,"H3:892664cf2bbffff (suc=11, lamba_ariza=25)",51.52,"LINESTRING (-87.67335623781771 41.83105071416321, -87.67335623781771 41.83105071416321)"
892664cc4abffff,"H3:892664cc4abffff (suc=47, lamba_ariza=9)",75.9,"LINESTRING (-87.6033016774518 41.80045242229094, -87.6033016774518 41.80045242229094)"
8926645747bffff,"H3:8926645747bffff (suc=0, lamba_ariza=1)",0.2,"LINESTRING (-87.71345820179016 41.70769787006215, -87.71345820179016 41.70769787006215)"
8926641b217ffff,"H3:8926641b217ffff (suc=15, lamba_ariza=11)",49.02,"LINESTRING (-87.53154865710707 41.71823947777158, -87.53154865710707 41.71823947777158)"
892664d8c53ffff,"H3:892664d8c53ffff (suc=32, lamba_ariza=16)",75.87,"LINESTRING (-87.67355636419818 42.00879236894384, -87.67355636419818 42.00879236894384)"
892664cc257ffff,"H3:892664cc257ffff (suc=40, lamba_ariza=9)",74.12,"LINESTRING (-87.65580206273609 41.77903142268754, -87.65580206273609 41.77903142268754)"
892664cadc7ffff,"H3:892664cadc7ffff (suc=33, lamba_ariza=27)",82.85,"LINESTRING (-87.65770828493037 41.89623163778675, -87.65770828493037 41.89623163778675)"
892664cf2a7ffff,"H3:892664cf2a7ffff (suc=13, lamba_ariza=4)",39.25,"LINESTRING (-87.6673835259745 41.82647288468893, -87.6673835259745 41.82647288468893)"
89266457463ffff,"H3:89266457463ffff (suc=1, lamba_ariza=13)",13.62,"LINESTRING (-87.71047798042986 41.705413070567914, -87.71047798042986 41.705413070567914)"
89275934a13ffff,"H3:89275934a13ffff (suc=0, lamba_ariza=1)",0.88,"LINESTRING (-87.90737682029076 41.95194931045207, -87.90737682029076 41.95194931045207)"
892664ce27bffff,"H3:892664ce27bffff (suc=31, lamba_ariza=34)",83.78,"LINESTRING (-87.61153232176765 41.81835296963379, -87.61153232176765 41.81835296963379)"
892664cf5bbffff,"H3:892664cf5bbffff (suc=7, lamba_ariza=13)",31.82,"LINESTRING (-87.61431810713951 41.839794323956106, -87.61431810713951 41.839794323956106)"
892664cd10fffff,"H3:892664cd10fffff (suc=3, lamba_ariza=11)",17.77,"LINESTRING (-87.67931284398318 41.77008370051108, -87.67931284398318 41.77008370051108)"
892664d9a97ffff,"H3:892664d9a97ffff (suc=0, lamba_ariza=2)",1.81,"LINESTRING (-87.77085374753423 41.994314577489305, -87.77085374753423 41.994314577489305)"
892664ceb2fffff,"H3:892664ceb2fffff (suc=33, lamba_ariza=23)",80.73,"LINESTRING (-87.54445330883851 41.7436208740049, -87.54445330883851 41.7436208740049)"
892664cd453ffff,"H3:892664cd453ffff (suc=14, lamba_ariza=14)",49.34,"LINESTRING (-87.70057078504816 41.8133501198968, -87.70057078504816 41.8133501198968)"
892664cd13bffff,"H3:892664cd13bffff (suc=10, lamba_ariza=12)",38.28,"LINESTRING (-87.67633003615282 41.76779642792177, -87.67633003615282 41.76779642792177)"
892664d8e37ffff,"H3:892664d8e37ffff (suc=20, lamba_ariza=9)",56.96,"LINESTRING (-87.68395496078645 41.9935611335459, -87.68395496078645 41.9935611335459)"
892664564dbffff,"H3:892664564dbffff (suc=3, lamba_ariza=7)",14.62,"LINESTRING (-87.63181060511879 41.71435757588691, -87.63181060511879 41.71435757588691)"
892664c1a27ffff,"H3:892664c1a27ffff (suc=41, lamba_ariza=11)",75.81,"LINESTRING (-87.62729962580535 41.86519910851572, -87.62729962580535 41.86519910851572)"
892664ccb4fffff,"H3:892664ccb4fffff (suc=29, lamba_ariza=26)",78.88,"LINESTRING (-87.6072854835383 41.707073651850926, -87.6072854835383 41.707073651850926)"
892664cdec7ffff,"H3:892664cdec7ffff (suc=10, lamba_ariza=9)",35.49,"LINESTRING (-87.68842956961707 41.75781045951989, -87.68842956961707 41.75781045951989)"
892664562b3ffff,"H3:892664562b3ffff (suc=15, lamba_ariza=7)",46.66,"LINESTRING (-87.64952206453677 41.68173237780215, -87.64952206453677 41.68173237780215)"
892664ca65bffff,"H3:892664ca65bffff (suc=11, lamba_ariza=25)",50.56,"LINESTRING (-87.75421869426363 41.95847435062835, -87.75421869426363 41.95847435062835)"
892664d9acfffff,"H3:892664d9acfffff (suc=1, lamba_ariza=14)",12.17,"LINESTRING (-87.78776639337478 41.991788930218874, -87.78776639337478 41.991788930218874)"
892664ca44fffff,"H3:892664ca44fffff (suc=10, lamba_ariza=24)",47.62,"LINESTRING (-87.72286782344835 41.95767131652183, -87.72286782344835 41.95767131652183)"
892664cf217ffff,"H3:892664cf217ffff (suc=19, lamba_ariza=24)",66.29,"LINESTRING (-87.67757206241043 41.830425098097336, -87.67757206241043 41.830425098097336)"
892664cde6bffff,"H3:892664cde6bffff (suc=1, lamba_ariza=18)",19.4,"LINESTRING (-87.69754125209023 41.74553859526087, -87.69754125209023 41.74553859526087)"
89266456e83ffff,"H3:89266456e83ffff (suc=10, lamba_ariza=3)",32.39,"LINESTRING (-87.61382961466371 41.654298290795055, -87.61382961466371 41.654298290795055)"
892664cc04fffff,"H3:892664cc04fffff (suc=65, lamba_ariza=5)",75.79,"LINESTRING (-87.63176047009252 41.779862069139256, -87.63176047009252 41.779862069139256)"
892664ca2afffff,"H3:892664ca2afffff (suc=39, lamba_ariza=31)",87.74,"LINESTRING (-87.73814920947456 41.930771631085946, -87.73814920947456 41.930771631085946)"
892664cc4afffff,"H3:892664cc4afffff (suc=32, lamba_ariza=17)",75.94,"LINESTRING (-87.60032011331587 41.79816224292739, -87.60032011331587 41.79816224292739)"
892664cc347ffff,"H3:892664cc347ffff (suc=13, lamba_ariza=13)",46.83,"LINESTRING (-87.63616095177926 41.760102031573894, -87.63616095177926 41.760102031573894)"
8926641b36bffff,"H3:8926641b36bffff (suc=7, lamba_ariza=29)",42.98,"LINESTRING (-87.52583615293605 41.69453515099668, -87.52583615293605 41.69453515099668)"
892664cf503ffff,"H3:892664cf503ffff (suc=35, lamba_ariza=53)",88.29,"LINESTRING (-87.62275401947971 41.83854695380878, -87.62275401947971 41.83854695380878)"
892664cc953ffff,"H3:892664cc953ffff (suc=12, lamba_ariza=19)",50.53,"LINESTRING (-87.57537318587957 41.71724032981665, -87.57537318587957 41.71724032981665)"
892664d8c2bffff,"H3:892664d8c2bffff (suc=12, lamba_ariza=8)",40.14,"LINESTRING (-87.66280041980347 41.996699296402, -87.66280041980347 41.996699296402)"
892664d9a1bffff,"H3:892664d9a1bffff (suc=6, lamba_ariza=4)",23.53,"LINESTRING (-87.78476465947686 41.98949951926293, -87.78476465947686 41.98949951926293)"
892664c1ea3ffff,"H3:892664c1ea3ffff (suc=14, lamba_ariza=6)",42.54,"LINESTRING (-87.61495936354297 41.894357488310135, -87.61495936354297 41.894357488310135)"
892664caa17ffff,"H3:892664caa17ffff (suc=57, lamba_ariza=28)",91.83,"LINESTRING (-87.71082030082187 41.88287818482456, -87.71082030082187 41.88287818482456)"
892664d9e3bffff,"H3:892664d9e3bffff (suc=0, lamba_ariza=14)",11.78,"LINESTRING (-87.77140084913269 42.00244704203055, -87.77140084913269 42.00244704203055)"
892664d9ec3ffff,"H3:892664d9ec3ffff (suc=0, lamba_ariza=2)",1.19,"LINESTRING (-87.77795354950337 42.0151608039588, -87.77795354950337 42.0151608039588)"
892664cc473ffff,"H3:892664cc473ffff (suc=25, lamba_ariza=23)",73.38,"LINESTRING (-87.61594533442154 41.79858383394694, -87.61594533442154 41.79858383394694)"
892664cd1cbffff,"H3:892664cd1cbffff (suc=59, lamba_ariza=36)",94.23,"LINESTRING (-87.6870359743854 41.77985793328378, -87.6870359743854 41.77985793328378)"
89266456cc3ffff,"H3:89266456cc3ffff (suc=9, lamba_ariza=7)",32.11,"LINESTRING (-87.59579362683974 41.659689365335886, -87.59579362683974 41.659689365335886)"
892664ca56bffff,"H3:892664ca56bffff (suc=7, lamba_ariza=5)",26.81,"LINESTRING (-87.70013166676776 41.936428065337694, -87.70013166676776 41.936428065337694)"
892664cc483ffff,"H3:892664cc483ffff (suc=42, lamba_ariza=33)",89.89,"LINESTRING (-87.60381729380946 41.80856860146601, -87.60381729380946 41.80856860146601)"
892664cd423ffff,"H3:892664cd423ffff (suc=31, lamba_ariza=58)",85.83,"LINESTRING (-87.68564104460067 41.80191133202216, -87.68564104460067 41.80191133202216)"
892664cd2abffff,"H3:892664cd2abffff (suc=15, lamba_ariza=15)",52.75,"LINESTRING (-87.72125397765566 41.78296230485875, -87.72125397765566 41.78296230485875)"
892664cb293ffff,"H3:892664cb293ffff (suc=1, lamba_ariza=3)",3.29,"LINESTRING (-87.82058520173757 41.95129468330767, -87.82058520173757 41.95129468330767)"
892664ccd07ffff,"H3:892664ccd07ffff (suc=41, lamba_ariza=34)",89.42,"LINESTRING (-87.55360360659063 41.7313604897996, -87.55360360659063 41.7313604897996)"
892664520a3ffff,"H3:892664520a3ffff (suc=7, lamba_ariza=8)",28.92,"LINESTRING (-87.76742453849852 41.795197923784926, -87.76742453849852 41.795197923784926)"
892664cb463ffff,"H3:892664cb463ffff (suc=0, lamba_ariza=1)",0.25,"LINESTRING (-87.79701779154402 41.96029450797332, -87.79701779154402 41.96029450797332)"
892664cb097ffff,"H3:892664cb097ffff (suc=15, lamba_ariza=34)",61.78,"LINESTRING (-87.78801838993255 41.95342920672676, -87.78801838993255 41.95342920672676)"
892664cc14fffff,"H3:892664cc14fffff (suc=38, lamba_ariza=5)",69.52,"LINESTRING (-87.61089615036946 41.763839330049116, -87.61089615036946 41.763839330049116)"
8927593412fffff,"H3:8927593412fffff (suc=1, lamba_ariza=0)",2.13,"LINESTRING (-87.88796939468925 41.97950809711943, -87.88796939468925 41.97950809711943)"
89266456677ffff,"H3:89266456677ffff (suc=8, lamba_ariza=12)",32.79,"LINESTRING (-87.65599802850316 41.69440861204983, -87.65599802850316 41.69440861204983)"
892664d88d3ffff,"H3:892664d88d3ffff (suc=17, lamba_ariza=8)",50.87,"LINESTRING (-87.67549362217008 41.99481683100351, -87.67549362217008 41.99481683100351)"
892664c14cbffff,"H3:892664c14cbffff (suc=15, lamba_ariza=2)",41.26,"LINESTRING (-87.63902187177327 41.95917100275909, -87.63902187177327 41.95917100275909)"
89266456337ffff,"H3:89266456337ffff (suc=0, lamba_ariza=13)",10.62,"LINESTRING (-87.63237948937521 41.65700598999577, -87.63237948937521 41.65700598999577)"
892664cf383ffff,"H3:892664cf383ffff (suc=0, lamba_ariza=8)",5.97,"LINESTRING (-87.6542112142761 41.82023069947755, -87.6542112142761 41.82023069947755)"
892664cc98fffff,"H3:892664cc98fffff (suc=8, lamba_ariza=12)",33.46,"LINESTRING (-87.55977423533439 41.716812082675155, -87.55977423533439 41.716812082675155)"
89275936d4fffff,"H3:89275936d4fffff (suc=5, lamba_ariza=9)",23.48,"LINESTRING (-87.81546404903845 42.001337690026105, -87.81546404903845 42.001337690026105)"
892664cf0d7ffff,"H3:892664cf0d7ffff (suc=8, lamba_ariza=32)",45.55,"LINESTRING (-87.6527992773114 41.84229539073717, -87.6527992773114 41.84229539073717)"
892664cc8d3ffff,"H3:892664cc8d3ffff (suc=11, lamba_ariza=19)",48.31,"LINESTRING (-87.58953266723147 41.73970462312673, -87.58953266723147 41.73970462312673)"
892664ceb33ffff,"H3:892664ceb33ffff (suc=1, lamba_ariza=0)",3.06,"LINESTRING (-87.54198208314727 41.749441691394054, -87.54198208314727 41.749441691394054)"
892664cf28bffff,"H3:892664cf28bffff (suc=6, lamba_ariza=17)",32.67,"LINESTRING (-87.67933004455834 41.835628418528415, -87.67933004455834 41.835628418528415)"
892664cabb7ffff,"H3:892664cabb7ffff (suc=14, lamba_ariza=11)",46.7,"LINESTRING (-87.67845899911786 41.865817487376304, -87.67845899911786 41.865817487376304)"
892664cf487ffff,"H3:892664cf487ffff (suc=7, lamba_ariza=4)",24.65,"LINESTRING (-87.63398521764174 41.858744188809375, -87.63398521764174 41.858744188809375)"
892664ccbd7ffff,"H3:892664ccbd7ffff (suc=11, lamba_ariza=4)",34.54,"LINESTRING (-87.59517929274381 41.717045225171866, -87.59517929274381 41.717045225171866)"
892664cdd87ffff,"H3:892664cdd87ffff (suc=8, lamba_ariza=12)",34.2,"LINESTRING (-87.62670165248706 41.7451266642461, -87.62670165248706 41.7451266642461)"
892664cd333ffff,"H3:892664cd333ffff (suc=20, lamba_ariza=9)",57.07,"LINESTRING (-87.70158760610494 41.76404479875014, -87.70158760610494 41.76404479875014)"
892664cb323ffff,"H3:892664cb323ffff (suc=1, lamba_ariza=13)",15.03,"LINESTRING (-87.80270617858723 41.918399855959656, -87.80270617858723 41.918399855959656)"
892664cf45bffff,"H3:892664cf45bffff (suc=35, lamba_ariza=62)",88.69,"LINESTRING (-87.65806769576174 41.85790994200257, -87.65806769576174 41.85790994200257)"
892664caea3ffff,"H3:892664caea3ffff (suc=44, lamba_ariza=11)",76.77,"LINESTRING (-87.6950050549431 41.90163418639025, -87.6950050549431 41.90163418639025)"
892664ca00fffff,"H3:892664ca00fffff (suc=19, lamba_ariza=15)",59.43,"LINESTRING (-87.72002521289681 41.93620558348775, -87.72002521289681 41.93620558348775)"
8926645630bffff,"H3:8926645630bffff (suc=12, lamba_ariza=23)",52.22,"LINESTRING (-87.64550317227773 41.66324118233714, -87.64550317227773 41.66324118233714)"
8926641b203ffff,"H3:8926641b203ffff (suc=25, lamba_ariza=33)",78.04,"LINESTRING (-87.53575758637443 41.717620364987674, -87.53575758637443 41.717620364987674)"
892664c168bffff,"H3:892664c168bffff (suc=14, lamba_ariza=16)",51.7,"LINESTRING (-87.6571680482604 41.95374724595934, -87.6571680482604 41.95374724595934)"
892664cac5bffff,"H3:892664cac5bffff (suc=17, lamba_ariza=21)",61.62,"LINESTRING (-87.69131517841639 41.910386102649625, -87.69131517841639 41.910386102649625)"
892664d8e9bffff,"H3:892664d8e9bffff (suc=12, lamba_ariza=8)",40.25,"LINESTRING (-87.68925082533403 42.00920094944891, -87.68925082533403 42.00920094944891)"
892664cacc3ffff,"H3:892664cacc3ffff (suc=22, lamba_ariza=19)",67.66,"LINESTRING (-87.68163855518856 41.91455770013736, -87.68163855518856 41.91455770013736)"
892664ca43bffff,"H3:892664ca43bffff (suc=30, lamba_ariza=11)",69.42,"LINESTRING (-87.70842219886748 41.954347357524746, -87.70842219886748 41.954347357524746)"
892664cd617ffff,"H3:892664cd617ffff (suc=7, lamba_ariza=8)",26.83,"LINESTRING (-87.7156629058134 41.80564281302507, -87.7156629058134 41.80564281302507)"
892664d9d47ffff,"H3:892664d9d47ffff (suc=4, lamba_ariza=6)",18.71,"LINESTRING (-87.73102087153828 41.99477682573482, -87.73102087153828 41.99477682573482)"
892664cb20bffff,"H3:892664cb20bffff (suc=7, lamba_ariza=16)",35.13,"LINESTRING (-87.83269721420331 41.941270538282645, -87.83269721420331 41.941270538282645)"
892664cc6bbffff,"H3:892664cc6bbffff (suc=10, lamba_ariza=3)",31.08,"LINESTRING (-87.63157023817084 41.7990032936499, -87.63157023817084 41.7990032936499)"
892664c1a6fffff,"H3:892664c1a6fffff (suc=22, lamba_ariza=12)",61.97,"LINESTRING (-87.64294672882107 41.86561607204505, -87.64294672882107 41.86561607204505)"
892664c81d3ffff,"H3:892664c81d3ffff (suc=68, lamba_ariza=18)",87.17,"LINESTRING (-87.74810757316698 41.888262950792004, -87.74810757316698 41.888262950792004)"
892664c145bffff,"H3:892664c145bffff (suc=18, lamba_ariza=14)",58.05,"LINESTRING (-87.64448481692293 41.955626172846245, -87.64448481692293 41.955626172846245)"
892664cea6bffff,"H3:892664cea6bffff (suc=49, lamba_ariza=54)",93.98,"LINESTRING (-87.57966856886223 41.76299166588144, -87.57966856886223 41.76299166588144)"
89266456153ffff,"H3:89266456153ffff (suc=17, lamba_ariza=20)",60.1,"LINESTRING (-87.62203814221061 41.67216773427301, -87.62203814221061 41.67216773427301)"
892664566b7ffff,"H3:892664566b7ffff (suc=10, lamba_ariza=22)",46.34,"LINESTRING (-87.63795320276105 41.69980951921007, -87.63795320276105 41.69980951921007)"
892664c88c3ffff,"H3:892664c88c3ffff (suc=1, lamba_ariza=3)",7.38,"LINESTRING (-87.73696934428506 41.84891815709061, -87.73696934428506 41.84891815709061)"
892664ccc8bffff,"H3:892664ccc8bffff (suc=36, lamba_ariza=15)",77.12,"LINESTRING (-87.57494637461 41.7555007038778, -87.57494637461 41.7555007038778)"
892664ce277ffff,"H3:892664ce277ffff (suc=18, lamba_ariza=18)",60.72,"LINESTRING (-87.60433309058459 41.8166855611789, -87.60433309058459 41.8166855611789)"
892664c8893ffff,"H3:892664c8893ffff (suc=56, lamba_ariza=30)",92.29,"LINESTRING (-87.72432061463607 41.85080166258406, -87.72432061463607 41.85080166258406)"
892664cc287ffff,"H3:892664cc287ffff (suc=13, lamba_ariza=17)",50.4,"LINESTRING (-87.6389544713781 41.78152729712633, -87.6389544713781 41.78152729712633)"
892664d8e0bffff,"H3:892664d8e0bffff (suc=14, lamba_ariza=18)",54.36,"LINESTRING (-87.69717986277456 41.999809814625216, -87.69717986277456 41.999809814625216)"
892664caaafffff,"H3:892664caaafffff (suc=34, lamba_ariza=10)",71.44,"LINESTRING (-87.70483772811598 41.87830004387824, -87.70483772811598 41.87830004387824)"
89266452cd3ffff,"H3:89266452cd3ffff (suc=13, lamba_ariza=9)",43.43,"LINESTRING (-87.7405411885837 41.774628730667466, -87.7405411885837 41.774628730667466)"
892664cd8c7ffff,"H3:892664cd8c7ffff (suc=18, lamba_ariza=14)",57.67,"LINESTRING (-87.66755850001557 41.74180278999604, -87.66755850001557 41.74180278999604)"
892664cc66bffff,"H3:892664cc66bffff (suc=34, lamba_ariza=25)",82.85,"LINESTRING (-87.65088459154464 41.79068180568977, -87.65088459154464 41.79068180568977)"
892664cc497ffff,"H3:892664cc497ffff (suc=38, lamba_ariza=4)",68.71,"LINESTRING (-87.59960169929626 41.809191299791046, -87.59960169929626 41.809191299791046)"
892664cb063ffff,"H3:892664cb063ffff (suc=9, lamba_ariza=16)",40.0,"LINESTRING (-87.8055855403437 41.93985681727156, -87.8055855403437 41.93985681727156)"
892664ca223ffff,"H3:892664ca223ffff (suc=16, lamba_ariza=24)",61.54,"LINESTRING (-87.74359984592367 41.92722393829131, -87.74359984592367 41.92722393829131)"
892664ca57bffff,"H3:892664ca57bffff (suc=19, lamba_ariza=49)",72.09,"LINESTRING (-87.69890127972701 41.93934657732115, -87.69890127972701 41.93934657732115)"
892664c186bffff,"H3:892664c186bffff (suc=5, lamba_ariza=4)",19.79,"LINESTRING (-87.61639110414009 41.872278346652706, -87.61639110414009 41.872278346652706)"
892664c8c8bffff,"H3:892664c8c8bffff (suc=101, lamba_ariza=12)",84.63,"LINESTRING (-87.72117736324581 41.8676688263702, -87.72117736324581 41.8676688263702)"
892664d9a27ffff,"H3:892664d9a27ffff (suc=6, lamba_ariza=4)",23.04,"LINESTRING (-87.77398705884971 41.97742102396012, -87.77398705884971 41.97742102396012)"
892664c8c83ffff,"H3:892664c8c83ffff (suc=27, lamba_ariza=9)",64.75,"LINESTRING (-87.7169591872087 41.868296478752455, -87.7169591872087 41.868296478752455)"
892664c1b2fffff,"H3:892664c1b2fffff (suc=1, lamba_ariza=4)",8.25,"LINESTRING (-87.61061716279531 41.848537752514936, -87.61061716279531 41.848537752514936)"
892664c8533ffff,"H3:892664c8533ffff (suc=5, lamba_ariza=2)",18.64,"LINESTRING (-87.73000187337165 41.89369467946944, -87.73000187337165 41.89369467946944)"
892664ce64bffff,"H3:892664ce64bffff (suc=7, lamba_ariza=0)",21.17,"LINESTRING (-87.60886613030947 41.84333216551667, -87.60886613030947 41.84333216551667)"
892664cab97ffff,"H3:892664cab97ffff (suc=36, lamba_ariza=34)",87.42,"LINESTRING (-87.6832080650252 41.87331254655475, -87.6832080650252 41.87331254655475)"
89275936dabffff,"H3:89275936dabffff (suc=1, lamba_ariza=12)",12.22,"LINESTRING (-87.79554761424343 42.00157842121914, -87.79554761424343 42.00157842121914)"
892664ca3d7ffff,"H3:892664ca3d7ffff (suc=8, lamba_ariza=8)",30.43,"LINESTRING (-87.7279348659738 41.926821587043314, -87.7279348659738 41.926821587043314)"
892664ca1cbffff,"H3:892664ca1cbffff (suc=58, lamba_ariza=18)",86.22,"LINESTRING (-87.70681617813216 41.929963401764184, -87.70681617813216 41.929963401764184)"
8926641914fffff,"H3:8926641914fffff (suc=2, lamba_ariza=19)",23.77,"LINESTRING (-87.54485254445635 41.659023005477394, -87.54485254445635 41.659023005477394)"
892664cdb07ffff,"H3:892664cdb07ffff (suc=5, lamba_ariza=8)",23.57,"LINESTRING (-87.67141319536711 41.713944782496014, -87.67141319536711 41.713944782496014)"
89266456e17ffff,"H3:89266456e17ffff (suc=8, lamba_ariza=14)",35.88,"LINESTRING (-87.6162863094098 41.64848344618848, -87.6162863094098 41.64848344618848)"
8926645639bffff,"H3:8926645639bffff (suc=16, lamba_ariza=15)",55.43,"LINESTRING (-87.6376202309316 41.672588163654616, -87.6376202309316 41.672588163654616)"
892664cd31bffff,"H3:892664cd31bffff (suc=6, lamba_ariza=20)",37.02,"LINESTRING (-87.71053930781908 41.77090407901457, -87.71053930781908 41.77090407901457)"
892664cc3b7ffff,"H3:892664cc3b7ffff (suc=42, lamba_ariza=21)",84.45,"LINESTRING (-87.61212768134975 41.76092785390425, -87.61212768134975 41.76092785390425)"
892664d984bffff,"H3:892664d984bffff (suc=1, lamba_ariza=0)",4.51,"LINESTRING (-87.76785256211255 41.99202461823977, -87.76785256211255 41.99202461823977)"
892664cf013ffff,"H3:892664cf013ffff (suc=14, lamba_ariza=34)",59.64,"LINESTRING (-87.65104391355798 41.83709109270434, -87.65104391355798 41.83709109270434)"
892664522b3ffff,"H3:892664522b3ffff (suc=3, lamba_ariza=20)",25.59,"LINESTRING (-87.79567314160134 41.79370915501333, -87.79567314160134 41.79370915501333)"
892664cb137ffff,"H3:892664cb137ffff (suc=25, lamba_ariza=21)",73.15,"LINESTRING (-87.76893496453545 41.92344562701148, -87.76893496453545 41.92344562701148)"
89266452d23ffff,"H3:89266452d23ffff (suc=4, lamba_ariza=17)",26.64,"LINESTRING (-87.71138759108185 41.74075056808287, -87.71138759108185 41.74075056808287)"
892664cc03bffff,"H3:892664cc03bffff (suc=90, lamba_ariza=3)",76.4,"LINESTRING (-87.61737363890371 41.77653027858841, -87.61737363890371 41.77653027858841)"
892664d8bafffff,"H3:892664d8bafffff (suc=11, lamba_ariza=27)",52.2,"LINESTRING (-87.67037879482591 41.95999688892427, -87.67037879482591 41.95999688892427)"
892664c8123ffff,"H3:892664c8123ffff (suc=25, lamba_ariza=27)",75.34,"LINESTRING (-87.73981433135633 41.870360887930445, -87.73981433135633 41.870360887930445)"
892664cca63ffff,"H3:892664cca63ffff (suc=7, lamba_ariza=21)",38.88,"LINESTRING (-87.62216816669755 41.71851232987383, -87.62216816669755 41.71851232987383)"
892664521a7ffff,"H3:892664521a7ffff (suc=15, lamba_ariza=16)",53.2,"LINESTRING (-87.74352713546861 41.77691432207355, -87.74352713546861 41.77691432207355)"
89266452307ffff,"H3:89266452307ffff (suc=1, lamba_ariza=2)",3.73,"LINESTRING (-87.78439172188962 41.773546643545835, -87.78439172188962 41.773546643545835)"
892664c12c3ffff,"H3:892664c12c3ffff (suc=8, lamba_ariza=20)",42.03,"LINESTRING (-87.67301800472336 41.93498284099106, -87.67301800472336 41.93498284099106)"
892664cf5a3ffff,"H3:892664cf5a3ffff (suc=22, lamba_ariza=16)",65.49,"LINESTRING (-87.61133353943683 41.83750352074489, -87.61133353943683 41.83750352074489)"
892664cdcdbffff,"H3:892664cdcdbffff (suc=69, lamba_ariza=17)",87.01,"LINESTRING (-87.66492732281058 41.76675825651905, -87.66492732281058 41.76675825651905)"
892664ca987ffff,"H3:892664ca987ffff (suc=10, lamba_ariza=10)",38.32,"LINESTRING (-87.6548992491844 41.87477814424778, -87.6548992491844 41.87477814424778)"
892664c89a7ffff,"H3:892664c89a7ffff (suc=19, lamba_ariza=46)",71.72,"LINESTRING (-87.69688905683864 41.822092476857236, -87.69688905683864 41.822092476857236)"
892664ca22bffff,"H3:892664ca22bffff (suc=21, lamba_ariza=17)",65.41,"LINESTRING (-87.74782276458372 41.92659457810029, -87.74782276458372 41.92659457810029)"
89275936c3bffff,"H3:89275936c3bffff (suc=0, lamba_ariza=2)",1.59,"LINESTRING (-87.82202801350954 42.01404808535062, -87.82202801350954 42.01404808535062)"
892664c812bffff,"H3:892664c812bffff (suc=141, lamba_ariza=40)",98.28,"LINESTRING (-87.74403214533238 41.8697323907631, -87.74403214533238 41.8697323907631)"
892664cf02fffff,"H3:892664cf02fffff (suc=3, lamba_ariza=15)",23.01,"LINESTRING (-87.64876513386292 41.823769288723405, -87.64876513386292 41.823769288723405)"
89266456cd7ffff,"H3:89266456cd7ffff (suc=1, lamba_ariza=1)",1.88,"LINESTRING (-87.59159138537119 41.66030988667694, -87.59159138537119 41.66030988667694)"
892664cb183ffff,"H3:892664cb183ffff (suc=18, lamba_ariza=16)",59.94,"LINESTRING (-87.77125269282587 41.93677869977796, -87.77125269282587 41.93677869977796)"
892664cd267ffff,"H3:892664cd267ffff (suc=10, lamba_ariza=10)",37.22,"LINESTRING (-87.7321225744721 41.775882897157686, -87.7321225744721 41.775882897157686)"
892664ca20fffff,"H3:892664ca20fffff (suc=23, lamba_ariza=23)",71.53,"LINESTRING (-87.74959202759611 41.93180216446332, -87.74959202759611 41.93180216446332)"
892664c88dbffff,"H3:892664c88dbffff (suc=3, lamba_ariza=2)",10.94,"LINESTRING (-87.73995994393898 41.85120562032857, -87.73995994393898 41.85120562032857)"
892664ca3dbffff,"H3:892664ca3dbffff (suc=20, lamba_ariza=18)",64.22,"LINESTRING (-87.73515353022863 41.92848222849881, -87.73515353022863 41.92848222849881)"
892664cc6b3ffff,"H3:892664cc6b3ffff (suc=4, lamba_ariza=3)",15.72,"LINESTRING (-87.62735617785695 41.799626863703786, -87.62735617785695 41.799626863703786)"
892664cc38fffff,"H3:892664cc38fffff (suc=65, lamba_ariza=33)",94.17,"LINESTRING (-87.6222984519342 41.76488291764275, -87.6222984519342 41.76488291764275)"
892664cd8afffff,"H3:892664cd8afffff (suc=16, lamba_ariza=8)",48.49,"LINESTRING (-87.65563817397442 41.73265487410048, -87.65563817397442 41.73265487410048)"
892664cdd77ffff,"H3:892664cdd77ffff (suc=8, lamba_ariza=52)",48.12,"LINESTRING (-87.63880745214247 41.73514836312388, -87.63880745214247 41.73514836312388)"
8926641b2d7ffff,"H3:8926641b2d7ffff (suc=1, lamba_ariza=1)",1.69,"LINESTRING (-87.53626052759152 41.72572945659721, -87.53626052759152 41.72572945659721)"
892664cab33ffff,"H3:892664cab33ffff (suc=2, lamba_ariza=0)",8.24,"LINESTRING (-87.68812578142398 41.861649160860686, -87.68812578142398 41.861649160860686)"
892664cae13ffff,"H3:892664cae13ffff (suc=8, lamba_ariza=6)",27.97,"LINESTRING (-87.70521184614529 41.90558643710255, -87.70521184614529 41.90558643710255)"
892664ca1a3ffff,"H3:892664ca1a3ffff (suc=19, lamba_ariza=13)",59.1,"LINESTRING (-87.68639311446763 41.92205669177642, -87.68639311446763 41.92205669177642)"
892664c8c87ffff,"H3:892664c8c87ffff (suc=80, lamba_ariza=28)",93.97,"LINESTRING (-87.71396844924502 41.86600794725085, -87.71396844924502 41.86600794725085)"
89266456513ffff,"H3:89266456513ffff (suc=5, lamba_ariza=5)",19.85,"LINESTRING (-87.60205066103772 41.69148322278147, -87.60205066103772 41.69148322278147)"
89266452c37ffff,"H3:89266452c37ffff (suc=0, lamba_ariza=1)",0.93,"LINESTRING (-87.72806327483245 41.75737588347323, -87.72806327483245 41.75737588347323)"
892664c8ca7ffff,"H3:892664c8ca7ffff (suc=60, lamba_ariza=26)",91.55,"LINESTRING (-87.70921550771308 41.8585150555274, -87.70921550771308 41.8585150555274)"
892664cb28fffff,"H3:892664cb28fffff (suc=5, lamba_ariza=17)",31.4,"LINESTRING (-87.82303032014451 41.94545518144887, -87.82303032014451 41.94545518144887)"
89266419397ffff,"H3:89266419397ffff (suc=2, lamba_ariza=11)",16.87,"LINESTRING (-87.55079336873813 41.66359982370149, -87.55079336873813 41.66359982370149)"
892664cc253ffff,"H3:892664cc253ffff (suc=13, lamba_ariza=9)",42.07,"LINESTRING (-87.65878473142897 41.781319553023, -87.65878473142897 41.781319553023)"
892664ca8b7ffff,"H3:892664ca8b7ffff (suc=14, lamba_ariza=11)",48.16,"LINESTRING (-87.66984607105854 41.88623002668523, -87.66984607105854 41.88623002668523)"
89266419217ffff,"H3:89266419217ffff (suc=2, lamba_ariza=0)",5.04,"LINESTRING (-87.57826230605986 41.67318157416742, -87.57826230605986 41.67318157416742)"
892664cd4cbffff,"H3:892664cd4cbffff (suc=14, lamba_ariza=30)",59.92,"LINESTRING (-87.69934370078595 41.816264140834626, -87.69934370078595 41.816264140834626)"
892664cce0bffff,"H3:892664cce0bffff (suc=20, lamba_ariza=6)",53.1,"LINESTRING (-87.61109479747805 41.74470577944093, -87.61109479747805 41.74470577944093)"
892664c85d7ffff,"H3:892664c85d7ffff (suc=20, lamba_ariza=15)",61.03,"LINESTRING (-87.73652843882913 41.906395818152774, -87.73652843882913 41.906395818152774)"
892664cce7bffff,"H3:892664cce7bffff (suc=9, lamba_ariza=11)",36.09,"LINESTRING (-87.61653495875137 41.74117270617527, -87.61653495875137 41.74117270617527)"
892664cd903ffff,"H3:892664cd903ffff (suc=31, lamba_ariza=44)",84.93,"LINESTRING (-87.64495050306319 41.720596240767236, -87.64495050306319 41.720596240767236)"
892664cf223ffff,"H3:892664cf223ffff (suc=2, lamba_ariza=4)",12.0,"LINESTRING (-87.67704334557953 41.822307870637545, -87.67704334557953 41.822307870637545)"
892664cc297ffff,"H3:892664cc297ffff (suc=6, lamba_ariza=15)",30.77,"LINESTRING (-87.63772416275934 41.78443971825436, -87.63772416275934 41.78443971825436)"
892664d8c2fffff,"H3:892664d8c2fffff (suc=43, lamba_ariza=14)",79.38,"LINESTRING (-87.65980364273332 41.99440616198325, -87.65980364273332 41.99440616198325)"
892664ccbbbffff,"H3:892664ccbbbffff (suc=1, lamba_ariza=0)",3.93,"LINESTRING (-87.5862525578433 41.71017989763826, -87.5862525578433 41.71017989763826)"
892664c81b3ffff,"H3:892664c81b3ffff (suc=141, lamba_ariza=39)",98.07,"LINESTRING (-87.73191698868588 41.87973865975778, -87.73191698868588 41.87973865975778)"
892664ccb13ffff,"H3:892664ccb13ffff (suc=4, lamba_ariza=1)",13.9,"LINESTRING (-87.5934348991329 41.71184727043015, -87.5934348991329 41.71184727043015)"
892664c857bffff,"H3:892664c857bffff (suc=54, lamba_ariza=26)",90.54,"LINESTRING (-87.74565555799988 41.89409723492339, -87.74565555799988 41.89409723492339)"
8927593698fffff,"H3:8927593698fffff (suc=2, lamba_ariza=17)",20.66,"LINESTRING (-87.80590117406702 41.98633991243712, -87.80590117406702 41.98633991243712)"
892664ca877ffff,"H3:892664ca877ffff (suc=36, lamba_ariza=16)",78.04,"LINESTRING (-87.68795861624565 41.880807996000435, -87.68795861624565 41.880807996000435)"
892664c8097ffff,"H3:892664c8097ffff (suc=36, lamba_ariza=12)",74.68,"LINESTRING (-87.75463805569163 41.90096199484, -87.75463805569163 41.90096199484)"
892664cf1bbffff,"H3:892664cf1bbffff (suc=39, lamba_ariza=46)",90.12,"LINESTRING (-87.62294807017301 41.819396411927194, -87.62294807017301 41.819396411927194)"
892664c8ed3ffff,"H3:892664c8ed3ffff (suc=1, lamba_ariza=0)",3.88,"LINESTRING (-87.75668463264392 41.867846041521695, -87.75668463264392 41.867846041521695)"
892664c1063ffff,"H3:892664c1063ffff (suc=17, lamba_ariza=27)",65.16,"LINESTRING (-87.64537986195226 41.92540349798852, -87.64537986195226 41.92540349798852)"
892664cd527ffff,"H3:892664cd527ffff (suc=22, lamba_ariza=8)",58.19,"LINESTRING (-87.6617676732857 41.78360765245807, -87.6617676732857 41.78360765245807)"
892664cb3afffff,"H3:892664cb3afffff (suc=1, lamba_ariza=27)",22.13,"LINESTRING (-87.79726192921525 41.92194964625982, -87.79726192921525 41.92194964625982)"
8926645669bffff,"H3:8926645669bffff (suc=18, lamba_ariza=25)",65.59,"LINESTRING (-87.64986209542603 41.708956311465016, -87.64986209542603 41.708956311465016)"
892664cad43ffff,"H3:892664cad43ffff (suc=36, lamba_ariza=20)",81.15,"LINESTRING (-87.6673838023311 41.89206306038806, -87.6673838023311 41.89206306038806)"
892664d8813ffff,"H3:892664d8813ffff (suc=7, lamba_ariza=7)",27.49,"LINESTRING (-87.67073320848198 41.987311196297114, -87.67073320848198 41.987311196297114)"
892664cd293ffff,"H3:892664cd293ffff (suc=9, lamba_ariza=33)",47.99,"LINESTRING (-87.72056485297374 41.79398841612913, -87.72056485297374 41.79398841612913)"
892664cf187ffff,"H3:892664cf187ffff (suc=25, lamba_ariza=42)",78.26,"LINESTRING (-87.62171569579549 41.822310105979106, -87.62171569579549 41.822310105979106)"
892664ca383ffff,"H3:892664ca383ffff (suc=26, lamba_ariza=13)",67.61,"LINESTRING (-87.72071659160173 41.92516049671833, -87.72071659160173 41.92516049671833)"
892664ca9d3ffff,"H3:892664ca9d3ffff (suc=51, lamba_ariza=22)",88.2,"LINESTRING (-87.66808719039997 41.8810234477087, -87.66808719039997 41.8810234477087)"
892664c8963ffff,"H3:892664c8963ffff (suc=0, lamba_ariza=1)",0.53,"LINESTRING (-87.71795968798541 41.818959330346416, -87.71795968798541 41.818959330346416)"
892664cddd7ffff,"H3:892664cddd7ffff (suc=18, lamba_ariza=10)",53.01,"LINESTRING (-87.63686982883637 41.74907981561504, -87.63686982883637 41.74907981561504)"
892664c1e4bffff,"H3:892664c1e4bffff (suc=27, lamba_ariza=29)",78.05,"LINESTRING (-87.64205124579986 41.89581712370406, -87.64205124579986 41.89581712370406)"
892664ca323ffff,"H3:892664ca323ffff (suc=12, lamba_ariza=7)",38.83,"LINESTRING (-87.72263586296117 41.91119913316773, -87.72263586296117 41.91119913316773)"
892664cd417ffff,"H3:892664cd417ffff (suc=18, lamba_ariza=54)",69.65,"LINESTRING (-87.68617102624714 41.81002645393355, -87.68617102624714 41.81002645393355)"
892664cab1bffff,"H3:892664cab1bffff (suc=70, lamba_ariza=10)",80.99,"LINESTRING (-87.69709470572717 41.86851658084326, -87.69709470572717 41.86851658084326)"
892664cb437ffff,"H3:892664cb437ffff (suc=15, lamba_ariza=8)",46.91,"LINESTRING (-87.78134320871126 41.95989993358959, -87.78134320871126 41.95989993358959)"
892664cc00fffff,"H3:892664cc00fffff (suc=2, lamba_ariza=18)",22.77,"LINESTRING (-87.62035452754907 41.77881945139201, -87.62035452754907 41.77881945139201)"
892664caa9bffff,"H3:892664caa9bffff (suc=40, lamba_ariza=19)",82.81,"LINESTRING (-87.71135560672617 41.8910007842309, -87.71135560672617 41.8910007842309)"
892664cc0d7ffff,"H3:892664cc0d7ffff (suc=33, lamba_ariza=38)",85.8,"LINESTRING (-87.61964122698348 41.78984577303009, -87.61964122698348 41.78984577303009)"
89266452593ffff,"H3:89266452593ffff (suc=11, lamba_ariza=12)",41.16,"LINESTRING (-87.74147509884013 41.80999414926387, -87.74147509884013 41.80999414926387)"
892664c1303ffff,"H3:892664c1303ffff (suc=21, lamba_ariza=15)",63.55,"LINESTRING (-87.64732227610459 41.9114420543739, -87.64732227610459 41.9114420543739)"
892664c8653ffff,"H3:892664c8653ffff (suc=5, lamba_ariza=23)",33.87,"LINESTRING (-87.79671126626495 41.913825328871205, -87.79671126626495 41.913825328871205)"
892664caacbffff,"H3:892664caacbffff (suc=24, lamba_ariza=13)",64.44,"LINESTRING (-87.72401628359056 41.88911712975866, -87.72401628359056 41.88911712975866)"
892664ca437ffff,"H3:892664ca437ffff (suc=14, lamba_ariza=18)",52.34,"LINESTRING (-87.70119997291583 41.9526847039213, -87.70119997291583 41.9526847039213)"
892664ca5b3ffff,"H3:892664ca5b3ffff (suc=12, lamba_ariza=18)",49.58,"LINESTRING (-87.67654133857728 41.94540255497532, -87.67654133857728 41.94540255497532)"
892664cf563ffff,"H3:892664cf563ffff (suc=12, lamba_ariza=9)",41.06,"LINESTRING (-87.62943646664726 41.832094547328445, -87.62943646664726 41.832094547328445)"
892664cd127ffff,"H3:892664cd127ffff (suc=13, lamba_ariza=21)",52.72,"LINESTRING (-87.67036523938296 41.763221790047446, -87.67036523938296 41.763221790047446)"
892664cc0afffff,"H3:892664cc0afffff (suc=26, lamba_ariza=9)",63.46,"LINESTRING (-87.60894877875651 41.7777756893171, -87.60894877875651 41.7777756893171)"
892664cd1cfffff,"H3:892664cd1cfffff (suc=32, lamba_ariza=20)",78.42,"LINESTRING (-87.68405221119248 41.777570648774784, -87.68405221119248 41.777570648774784)"
892664cd657ffff,"H3:892664cd657ffff (suc=25, lamba_ariza=13)",66.3,"LINESTRING (-87.72707491066484 41.80667583460569, -87.72707491066484 41.80667583460569)"
892664566bbffff,"H3:892664566bbffff (suc=9, lamba_ariza=5)",31.52,"LINESTRING (-87.6451348784484 41.701473449524975, -87.6451348784484 41.701473449524975)"
89266456433ffff,"H3:89266456433ffff (suc=28, lamba_ariza=47)",82.83,"LINESTRING (-87.61815674226304 41.70001149449841, -87.61815674226304 41.70001149449841)"
892664c16a7ffff,"H3:892664c16a7ffff (suc=25, lamba_ariza=27)",75.5,"LINESTRING (-87.64519469278414 41.9445779327648, -87.64519469278414 41.9445779327648)"
89266452c1bffff,"H3:89266452c1bffff (suc=0, lamba_ariza=1)",0.43,"LINESTRING (-87.74000214890275 41.76651784878828, -87.74000214890275 41.76651784878828)"
892664cae83ffff,"H3:892664cae83ffff (suc=16, lamba_ariza=12)",52.67,"LINESTRING (-87.69976029641205 41.90913141824956, -87.69976029641205 41.90913141824956)"
892664cb19bffff,"H3:892664cb19bffff (suc=11, lamba_ariza=14)",41.85,"LINESTRING (-87.77425043100779 41.93906725704994, -87.77425043100779 41.93906725704994)"
892664d9943ffff,"H3:892664d9943ffff (suc=5, lamba_ariza=1)",17.66,"LINESTRING (-87.74262451196162 41.97662394472508, -87.74262451196162 41.97662394472508)"
892664ceb43ffff,"H3:892664ceb43ffff (suc=27, lamba_ariza=2)",58.28,"LINESTRING (-87.5593345066187 41.75507293310672, -87.5593345066187 41.75507293310672)"
892664d98b7ffff,"H3:892664d98b7ffff (suc=4, lamba_ariza=20)",31.02,"LINESTRING (-87.73647971604984 41.99122629224792, -87.73647971604984 41.99122629224792)"
892664cf337ffff,"H3:892664cf337ffff (suc=8, lamba_ariza=23)",41.21,"LINESTRING (-87.65193237084058 41.80691166495933, -87.65193237084058 41.80691166495933)"
8926641b353ffff,"H3:8926641b353ffff (suc=2, lamba_ariza=1)",7.94,"LINESTRING (-87.52510148470127 41.705550859377134, -87.52510148470127 41.705550859377134)"
892664cdcb3ffff,"H3:892664cdcb3ffff (suc=41, lamba_ariza=46)",91.11,"LINESTRING (-87.64458129440602 41.75885512496241, -87.64458129440602 41.75885512496241)"
8926641b34bffff,"H3:8926641b34bffff (suc=8, lamba_ariza=35)",46.73,"LINESTRING (-87.53054475206942 41.70202340363442, -87.53054475206942 41.70202340363442)"
892664cd593ffff,"H3:892664cd593ffff (suc=25, lamba_ariza=32)",76.82,"LINESTRING (-87.66158986476701 41.80274907992653, -87.66158986476701 41.80274907992653)"
892664cde3bffff,"H3:892664cde3bffff (suc=14, lamba_ariza=32)",59.01,"LINESTRING (-87.68491793844282 41.74741390769738, -87.68491793844282 41.74741390769738)"
892664d9a63ffff,"H3:892664d9a63ffff (suc=12, lamba_ariza=15)",45.35,"LINESTRING (-87.78844226708055 41.980736990014606, -87.78844226708055 41.980736990014606)"
892664cb48bffff,"H3:892664cb48bffff (suc=4, lamba_ariza=29)",33.55,"LINESTRING (-87.78789244403873 41.97260686979979, -87.78789244403873 41.97260686979979)"
892664cd897ffff,"H3:892664cd897ffff (suc=34, lamba_ariza=29)",84.31,"LINESTRING (-87.65493405272531 41.74367474716897, -87.65493405272531 41.74367474716897)"
892664d9e6fffff,"H3:892664d9e6fffff (suc=0, lamba_ariza=9)",7.49,"LINESTRING (-87.7810856210115 41.99826292726034, -87.7810856210115 41.99826292726034)"
892664c1c6bffff,"H3:892664c1c6bffff (suc=2, lamba_ariza=1)",6.76,"LINESTRING (-87.60774821926245 41.892689452096576, -87.60774821926245 41.892689452096576)"
892664c137bffff,"H3:892664c137bffff (suc=2, lamba_ariza=4)",10.11,"LINESTRING (-87.65700216567272 41.9072733541765, -87.65700216567272 41.9072733541765)"
892664c8167ffff,"H3:892664c8167ffff (suc=7, lamba_ariza=16)",35.24,"LINESTRING (-87.74824980023011 41.86910375062692, -87.74824980023011 41.86910375062692)"
892664ca92bffff,"H3:892664ca92bffff (suc=14, lamba_ariza=22)",55.36,"LINESTRING (-87.66404368659636 41.86248980463734, -87.66404368659636 41.86248980463734)"
8926645238bffff,"H3:8926645238bffff (suc=7, lamba_ariza=5)",25.62,"LINESTRING (-87.78493857094556 41.7816575497324, -87.78493857094556 41.7816575497324)"
892664c1653ffff,"H3:892664c1653ffff (suc=9, lamba_ariza=33)",49.4,"LINESTRING (-87.66984985031918 41.95186702431843, -87.66984985031918 41.95186702431843)"
8926645746bffff,"H3:8926645746bffff (suc=1, lamba_ariza=12)",11.04,"LINESTRING (-87.71468147842724 41.70478773411623, -87.71468147842724 41.70478773411623)"
89266452297ffff,"H3:89266452297ffff (suc=0, lamba_ariza=9)",6.91,"LINESTRING (-87.7974424928401 41.79890768447277, -87.7974424928401 41.79890768447277)"
892664c85b7ffff,"H3:892664c85b7ffff (suc=50, lamba_ariza=24)",88.81,"LINESTRING (-87.72033316921329 41.89786828915506, -87.72033316921329 41.89786828915506)"
892664ca163ffff,"H3:892664ca163ffff (suc=22, lamba_ariza=12)",61.43,"LINESTRING (-87.70451702602088 41.91662903869791, -87.70451702602088 41.91662903869791)"
892664ccdc3ffff,"H3:892664ccdc3ffff (suc=28, lamba_ariza=32)",80.47,"LINESTRING (-87.56129610138527 41.74114043789771, -87.56129610138527 41.74114043789771)"
892664cc113ffff,"H3:892664cc113ffff (suc=3, lamba_ariza=1)",10.82,"LINESTRING (-87.5970290556529 41.76861760675685, -87.5970290556529 41.76861760675685)"
892664c84d3ffff,"H3:892664c84d3ffff (suc=22, lamba_ariza=11)",60.76,"LINESTRING (-87.76049056337173 41.92470563739982, -87.76049056337173 41.92470563739982)"
892664c8077ffff,"H3:892664c8077ffff (suc=25, lamba_ariza=17)",69.65,"LINESTRING (-87.76797777579357 41.88803352951901, -87.76797777579357 41.88803352951901)"
892664cb457ffff,"H3:892664cb457ffff (suc=3, lamba_ariza=5)",12.83,"LINESTRING (-87.79756906273347 41.968423305334376, -87.79756906273347 41.968423305334376)"
892664cde57ffff,"H3:892664cde57ffff (suc=1, lamba_ariza=1)",4.75,"LINESTRING (-87.69386432033752 41.75427343091091, -87.69386432033752 41.75427343091091)"
892664cad1bffff,"H3:892664cad1bffff (suc=42, lamba_ariza=19)",83.43,"LINESTRING (-87.65894025036596 41.89331498855005, -87.65894025036596 41.89331498855005)"
89266452d5bffff,"H3:89266452d5bffff (suc=8, lamba_ariza=9)",32.0,"LINESTRING (-87.73051037066092 41.75155185531235, -87.73051037066092 41.75155185531235)"
892664ca82bffff,"H3:892664ca82bffff (suc=71, lamba_ariza=41)",96.25,"LINESTRING (-87.68496829026205 41.87851833256556, -87.68496829026205 41.87851833256556)"
892664cd943ffff,"H3:892664cd943ffff (suc=24, lamba_ariza=8)",60.85,"LINESTRING (-87.65634195866048 41.72163648441832, -87.65634195866048 41.72163648441832)"
892664c8647ffff,"H3:892664c8647ffff (suc=6, lamba_ariza=20)",36.23,"LINESTRING (-87.79493758822515 41.90861985346013, -87.79493758822515 41.90861985346013)"
892664cc537ffff,"H3:892664cc537ffff (suc=8, lamba_ariza=1)",25.4,"LINESTRING (-87.58069091351436 41.779218206401026, -87.58069091351436 41.779218206401026)"
892664cd937ffff,"H3:892664cd937ffff (suc=13, lamba_ariza=26)",55.36,"LINESTRING (-87.63601679796555 41.71373493178412, -87.63601679796555 41.71373493178412)"
8926641b23bffff,"H3:8926641b23bffff (suc=3, lamba_ariza=33)",32.27,"LINESTRING (-87.53401959192202 41.712421099042935, -87.53401959192202 41.712421099042935)"
892664c8863ffff,"H3:892664c8863ffff (suc=0, lamba_ariza=11)",9.6,"LINESTRING (-87.73888046895743 41.834969750713405, -87.73888046895743 41.834969750713405)"
89266452503ffff,"H3:89266452503ffff (suc=5, lamba_ariza=11)",26.2,"LINESTRING (-87.7493584085648 41.80062438205676, -87.7493584085648 41.80062438205676)"
89266452d27ffff,"H3:89266452d27ffff (suc=4, lamba_ariza=7)",19.8,"LINESTRING (-87.70840532682337 41.7384649176581, -87.70840532682337 41.7384649176581)"
892664c88a3ffff,"H3:892664c88a3ffff (suc=13, lamba_ariza=14)",48.41,"LINESTRING (-87.72079414608999 41.84039542031564, -87.72079414608999 41.84039542031564)"
892664cceb3ffff,"H3:892664cceb3ffff (suc=5, lamba_ariza=9)",22.36,"LINESTRING (-87.59425544113903 41.74719351625609, -87.59425544113903 41.74719351625609)"
892664ca5c7ffff,"H3:892664ca5c7ffff (suc=3, lamba_ariza=0)",9.41,"LINESTRING (-87.69098300819104 41.94873044570309, -87.69098300819104 41.94873044570309)"
892664cf6c3ffff,"H3:892664cf6c3ffff (suc=33, lamba_ariza=58)",86.94,"LINESTRING (-87.67792972256446 41.857696842539696, -87.67792972256446 41.857696842539696)"
89275934d8fffff,"H3:89275934d8fffff (suc=1, lamba_ariza=12)",10.5,"LINESTRING (-87.84403945165597 41.96146535850438, -87.84403945165597 41.96146535850438)"
892664ccb2bffff,"H3:892664ccb2bffff (suc=1, lamba_ariza=1)",4.53,"LINESTRING (-87.59415328183833 41.70083121041738, -87.59415328183833 41.70083121041738)"
892664d8aa3ffff,"H3:892664d8aa3ffff (suc=17, lamba_ariza=15)",57.2,"LINESTRING (-87.69011748508359 41.97896021634191, -87.69011748508359 41.97896021634191)"
892664ccd67ffff,"H3:892664ccd67ffff (suc=9, lamba_ariza=18)",42.45,"LINESTRING (-87.5602813468498 41.724920751537134, -87.5602813468498 41.724920751537134)"
892664cf377ffff,"H3:892664cf377ffff (suc=56, lamba_ariza=23)",89.68,"LINESTRING (-87.6633450657071 41.80795107393118, -87.6633450657071 41.80795107393118)"
892664d8ec3ffff,"H3:892664d8ec3ffff (suc=12, lamba_ariza=11)",42.47,"LINESTRING (-87.69771413964204 42.007943897299086, -87.69771413964204 42.007943897299086)"
892664ca66bffff,"H3:892664ca66bffff (suc=11, lamba_ariza=8)",36.53,"LINESTRING (-87.75067751177473 41.948056449746694, -87.75067751177473 41.948056449746694)"
892664c8d23ffff,"H3:892664c8d23ffff (suc=1, lamba_ariza=7)",9.76,"LINESTRING (-87.69795359065715 41.838327087353804, -87.69795359065715 41.838327087353804)"
892664c83d7ffff,"H3:892664c83d7ffff (suc=27, lamba_ariza=12)",66.8,"LINESTRING (-87.77464466960261 41.881569631130915, -87.77464466960261 41.881569631130915)"
892664d8b23ffff,"H3:892664d8b23ffff (suc=13, lamba_ariza=18)",51.74,"LINESTRING (-87.67583900719148 41.95645066953313, -87.67583900719148 41.95645066953313)"
892664c8183ffff,"H3:892664c8183ffff (suc=30, lamba_ariza=10)",68.56,"LINESTRING (-87.73790202844981 41.884315309244975, -87.73790202844981 41.884315309244975)"
892664ca543ffff,"H3:892664ca543ffff (suc=0, lamba_ariza=3)",2.5,"LINESTRING (-87.70066572615039 41.94455599641124, -87.70066572615039 41.94455599641124)"
89266452c87ffff,"H3:89266452c87ffff (suc=13, lamba_ariza=6)",40.38,"LINESTRING (-87.72737616626216 41.76839851554173, -87.72737616626216 41.76839851554173)"
892664c8457ffff,"H3:892664c8457ffff (suc=8, lamba_ariza=8)",31.64,"LINESTRING (-87.76416783786215 41.915950696340694, -87.76416783786215 41.915950696340694)"
892664cc2bbffff,"H3:892664cc2bbffff (suc=38, lamba_ariza=14)",77.52,"LINESTRING (-87.64018462129957 41.778614974015206, -87.64018462129957 41.778614974015206)"
892664c8d73ffff,"H3:892664c8d73ffff (suc=30, lamba_ariza=35)",82.8,"LINESTRING (-87.70814658182752 41.842276862262395, -87.70814658182752 41.842276862262395)"
8927593697bffff,"H3:8927593697bffff (suc=3, lamba_ariza=11)",19.68,"LINESTRING (-87.82102829828253 41.97860053696686, -87.82102829828253 41.97860053696686)"
892664ca08bffff,"H3:892664ca08bffff (suc=8, lamba_ariza=7)",29.34,"LINESTRING (-87.71633754676311 41.94496180900075, -87.71633754676311 41.94496180900075)"
892664cad6bffff,"H3:892664cad6bffff (suc=35, lamba_ariza=12)",73.97,"LINESTRING (-87.66685615799844 41.88393971327101, -87.66685615799844 41.88393971327101)"
892664cf063ffff,"H3:892664cf063ffff (suc=10, lamba_ariza=2)",29.95,"LINESTRING (-87.6589519514285 41.82772314388214, -87.6589519514285 41.82772314388214)"
892664d8907ffff,"H3:892664d8907ffff (suc=40, lamba_ariza=30)",87.83,"LINESTRING (-87.64800353160986 41.966049605972955, -87.64800353160986 41.966049605972955)"
892664cc32bffff,"H3:892664cc32bffff (suc=10, lamba_ariza=3)",30.62,"LINESTRING (-87.62722072556082 41.75323712522247, -87.62722072556082 41.75323712522247)"
89275934d37ffff,"H3:89275934d37ffff (suc=0, lamba_ariza=4)",3.21,"LINESTRING (-87.84047856838998 41.951051034472016, -87.84047856838998 41.951051034472016)"
892664ca8dbffff,"H3:892664ca8dbffff (suc=27, lamba_ariza=20)",73.84,"LINESTRING (-87.69324286104744 41.896427225841656, -87.69324286104744 41.896427225841656)"
892664d9b8fffff,"H3:892664d9b8fffff (suc=5, lamba_ariza=12)",27.45,"LINESTRING (-87.7553064236746 41.97473364418693, -87.7553064236746 41.97473364418693)"
892664c1b13ffff,"H3:892664c1b13ffff (suc=2, lamba_ariza=0)",5.16,"LINESTRING (-87.6128863755542 41.86186483272812, -87.6128863755542 41.86186483272812)"
892664cc26fffff,"H3:892664cc26fffff (suc=26, lamba_ariza=31)",77.64,"LINESTRING (-87.65650651391219 41.768006818668376, -87.65650651391219 41.768006818668376)"
89266452997ffff,"H3:89266452997ffff (suc=3, lamba_ariza=7)",17.54,"LINESTRING (-87.71383600819856 41.7349279938043, -87.71383600819856 41.7349279938043)"
89266452dafffff,"H3:89266452dafffff (suc=14, lamba_ariza=11)",47.6,"LINESTRING (-87.70595600570472 41.74428767580359, -87.70595600570472 41.74428767580359)"
892664cca0fffff,"H3:892664cca0fffff (suc=21, lamba_ariza=22)",67.96,"LINESTRING (-87.61673117504324 41.722044524158854, -87.61673117504324 41.722044524158854)"
892664d838fffff,"H3:892664d838fffff (suc=1, lamba_ariza=2)",3.66,"LINESTRING (-87.70848092991766 42.020034656635225, -87.70848092991766 42.020034656635225)"
892664cc313ffff,"H3:892664cc313ffff (suc=100, lamba_ariza=25)",93.79,"LINESTRING (-87.62650946807535 41.764259970209096, -87.62650946807535 41.764259970209096)"
892664cf0cbffff,"H3:892664cf0cbffff (suc=7, lamba_ariza=30)",44.17,"LINESTRING (-87.66123380537381 41.84104520095255, -87.66123380537381 41.84104520095255)"
892664d8323ffff,"H3:892664d8323ffff (suc=2, lamba_ariza=0)",6.68,"LINESTRING (-87.70917635138923 42.0089783550149, -87.70917635138923 42.0089783550149)"
89266419417ffff,"H3:89266419417ffff (suc=11, lamba_ariza=34)",53.23,"LINESTRING (-87.54019414631404 41.69787686718213, -87.54019414631404 41.69787686718213)"
89266419443ffff,"H3:89266419443ffff (suc=0, lamba_ariza=2)",1.53,"LINESTRING (-87.55578728436761 41.69830803632627, -87.55578728436761 41.69830803632627)"
89275936943ffff,"H3:89275936943ffff (suc=1, lamba_ariza=15)",14.58,"LINESTRING (-87.82280749716922 41.983809641941846, -87.82280749716922 41.983809641941846)"
892664c8b33ffff,"H3:892664c8b33ffff (suc=1, lamba_ariza=0)",1.48,"LINESTRING (-87.73481334055714 41.81645024463357, -87.73481334055714 41.81645024463357)"
892664cdc1bffff,"H3:892664cdc1bffff (suc=8, lamba_ariza=17)",39.75,"LINESTRING (-87.66019193442813 41.75927125889482, -87.66019193442813 41.75927125889482)"
89275936d47ffff,"H3:89275936d47ffff (suc=1, lamba_ariza=13)",14.19,"LINESTRING (-87.811235924829 42.00197043429679, -87.811235924829 42.00197043429679)"
892664cc0b3ffff,"H3:892664cc0b3ffff (suc=60, lamba_ariza=17)",86.05,"LINESTRING (-87.60648424074353 41.783599929393134, -87.60648424074353 41.783599929393134)"
892664c8dc7ffff,"H3:892664c8dc7ffff (suc=73, lamba_ariza=35)",95.53,"LINESTRING (-87.70446405136029 41.8510225538078, -87.70446405136029 41.8510225538078)"
892664c1693ffff,"H3:892664c1693ffff (suc=33, lamba_ariza=12)",72.75,"LINESTRING (-87.65170647007658 41.95729252952297, -87.65170647007658 41.95729252952297)"
892664d8a37ffff,"H3:892664d8a37ffff (suc=10, lamba_ariza=18)",44.46,"LINESTRING (-87.69258137699185 41.97312053128543, -87.69258137699185 41.97312053128543)"
892664d9dbbffff,"H3:892664d9dbbffff (suc=3, lamba_ariza=0)",9.33,"LINESTRING (-87.71410164449037 41.99729447209759, -87.71410164449037 41.99729447209759)"
89266452dc7ffff,"H3:89266452dc7ffff (suc=3, lamba_ariza=15)",22.23,"LINESTRING (-87.71788778911618 41.75343093011202, -87.71788778911618 41.75343093011202)"
892664d8ab7ffff,"H3:892664d8ab7ffff (suc=1, lamba_ariza=15)",15.8,"LINESTRING (-87.68588838195348 41.979588172979405, -87.68588838195348 41.979588172979405)"
892664ccd9bffff,"H3:892664ccd9bffff (suc=22, lamba_ariza=29)",72.86,"LINESTRING (-87.55287501781089 41.742380941302386, -87.55287501781089 41.742380941302386)"
892664ca593ffff,"H3:892664ca593ffff (suc=4, lamba_ariza=13)",24.5,"LINESTRING (-87.68129830709925 41.95290438948427, -87.68129830709925 41.95290438948427)"
892664cd993ffff,"H3:892664cd993ffff (suc=7, lamba_ariza=15)",33.06,"LINESTRING (-87.6370576621647 41.72995024959182, -87.6370576621647 41.72995024959182)"
892664d9a93ffff,"H3:892664d9a93ffff (suc=0, lamba_ariza=4)",3.31,"LINESTRING (-87.77385520843309 41.99660450396382, -87.77385520843309 41.99660450396382)"
892664cc22fffff,"H3:892664cc22fffff (suc=44, lamba_ariza=16)",81.51,"LINESTRING (-87.64510363460391 41.76696666202376, -87.64510363460391 41.76696666202376)"
892664c13afffff,"H3:892664c13afffff (suc=52, lamba_ariza=10)",78.71,"LINESTRING (-87.63711768875082 41.90748419172801, -87.63711768875082 41.90748419172801)"
892664d8e0fffff,"H3:892664d8e0fffff (suc=43, lamba_ariza=9)",75.07,"LINESTRING (-87.69418142989052 41.99751759837915, -87.69418142989052 41.99751759837915)"
892664c1383ffff,"H3:892664c1383ffff (suc=24, lamba_ariza=22)",72.11,"LINESTRING (-87.64063113786446 41.917902155296936, -87.64063113786446 41.917902155296936)"
892664cad5bffff,"H3:892664cad5bffff (suc=26, lamba_ariza=20)",72.8,"LINESTRING (-87.67037426350741 41.89435355164237, -87.67037426350741 41.89435355164237)"
892664d9807ffff,"H3:892664d9807ffff (suc=2, lamba_ariza=18)",21.57,"LINESTRING (-87.74916608662893 41.98933609406408, -87.74916608662893 41.98933609406408)"
89266419387ffff,"H3:89266419387ffff (suc=5, lamba_ariza=5)",19.85,"LINESTRING (-87.55202619160067 41.660692456310066, -87.55202619160067 41.660692456310066)"
892664c8bb7ffff,"H3:892664c8bb7ffff (suc=11, lamba_ariza=2)",31.49,"LINESTRING (-87.7251613379211 41.82061943422593, -87.7251613379211 41.82061943422593)"
892664ca137ffff,"H3:892664ca137ffff (suc=52, lamba_ariza=20)",87.22,"LINESTRING (-87.68885446490977 41.91622120191119, -87.68885446490977 41.91622120191119)"
892664ca217ffff,"H3:892664ca217ffff (suc=16, lamba_ariza=8)",48.09,"LINESTRING (-87.74414139233829 41.93535033957705, -87.74414139233829 41.93535033957705)"
89266452233ffff,"H3:89266452233ffff (suc=2, lamba_ariza=4)",9.93,"LINESTRING (-87.80232211361908 41.787251997455705, -87.80232211361908 41.787251997455705)"
89266452c8fffff,"H3:89266452c8fffff (suc=4, lamba_ariza=5)",18.28,"LINESTRING (-87.73158498541193 41.76777176889329, -87.73158498541193 41.76777176889329)"
892664d8cabffff,"H3:892664d8cabffff (suc=5, lamba_ariza=1)",16.37,"LINESTRING (-87.65609933634147 42.003167457555634, -87.65609933634147 42.003167457555634)"
892664c892fffff,"H3:892664c892fffff (suc=5, lamba_ariza=10)",24.73,"LINESTRING (-87.70777124778145 41.815011283775476, -87.70777124778145 41.815011283775476)"
89266452007ffff,"H3:89266452007ffff (suc=9, lamba_ariza=21)",43.24,"LINESTRING (-87.77584496853237 41.79394073949605, -87.77584496853237 41.79394073949605)"
892664ccb4bffff,"H3:892664ccb4bffff (suc=17, lamba_ariza=27)",65.2,"LINESTRING (-87.61026147531352 41.70936144794537, -87.61026147531352 41.70936144794537)"
892664cdc5bffff,"H3:892664cdc5bffff (suc=16, lamba_ariza=11)",50.86,"LINESTRING (-87.67159282956662 41.76030991656051, -87.67159282956662 41.76030991656051)"
892664caa0fffff,"H3:892664caa0fffff (suc=22, lamba_ariza=13)",62.71,"LINESTRING (-87.71626775510583 41.879334022382814, -87.71626775510583 41.879334022382814)"
8926645650bffff,"H3:8926645650bffff (suc=25, lamba_ariza=15)",68.68,"LINESTRING (-87.60748538030396 41.68795316824463, -87.60748538030396 41.68795316824463)"
892664c13a3ffff,"H3:892664c13a3ffff (suc=56, lamba_ariza=39)",94.3,"LINESTRING (-87.6358839006154 41.91040120262224, -87.6358839006154 41.91040120262224)"
892664cce93ffff,"H3:892664cce93ffff (suc=8, lamba_ariza=16)",38.48,"LINESTRING (-87.59897968948476 41.75468280642462, -87.59897968948476 41.75468280642462)"
892664d9ac7ffff,"H3:892664d9ac7ffff (suc=11, lamba_ariza=19)",47.44,"LINESTRING (-87.78353847234611 41.99242055764247, -87.78353847234611 41.99242055764247)"
8926641b64bffff,"H3:8926641b64bffff (suc=1, lamba_ariza=35)",25.51,"LINESTRING (-87.54271339724005 41.7384202152218, -87.54271339724005 41.7384202152218)"
892664cd5b7ffff,"H3:892664cd5b7ffff (suc=33, lamba_ariza=31)",83.96,"LINESTRING (-87.65386780475662 41.792970355611835, -87.65386780475662 41.792970355611835)"
892664d898fffff,"H3:892664d898fffff (suc=13, lamba_ariza=1)",37.0,"LINESTRING (-87.64553410652064 41.97188814371556, -87.64553410652064 41.97188814371556)"
892664cc443ffff,"H3:892664cc443ffff (suc=35, lamba_ariza=35)",86.68,"LINESTRING (-87.62191010880483 41.80316328575071, -87.62191010880483 41.80316328575071)"
892664c108bffff,"H3:892664c108bffff (suc=17, lamba_ariza=11)",53.27,"LINESTRING (-87.63621756508607 41.937700613606566, -87.63621756508607 41.937700613606566)"
892664cd5cbffff,"H3:892664cd5cbffff (suc=4, lamba_ariza=13)",22.87,"LINESTRING (-87.6784430221392 41.800248886061276, -87.6784430221392 41.800248886061276)"
8926641b283ffff,"H3:8926641b283ffff (suc=1, lamba_ariza=5)",6.66,"LINESTRING (-87.5290770859041 41.72405824832094, -87.5290770859041 41.72405824832094)"
892664c8c17ffff,"H3:892664c8c17ffff (suc=75, lamba_ariza=16)",86.96,"LINESTRING (-87.71941363076988 41.86246448157905, -87.71941363076988 41.86246448157905)"
892664d894bffff,"H3:892664d894bffff (suc=11, lamba_ariza=13)",42.35,"LINESTRING (-87.66667935263867 41.96875465863013, -87.66667935263867 41.96875465863013)"
89266452047ffff,"H3:89266452047ffff (suc=3, lamba_ariza=21)",26.81,"LINESTRING (-87.78725371113335 41.79496774999971, -87.78725371113335 41.79496774999971)"
892664522a7ffff,"H3:892664522a7ffff (suc=2, lamba_ariza=11)",15.09,"LINESTRING (-87.79390418039672 41.78851090125349, -87.79390418039672 41.78851090125349)"
892664cc8b7ffff,"H3:892664cc8b7ffff (suc=17, lamba_ariza=14)",55.74,"LINESTRING (-87.57044106816626 41.728879366835514, -87.57044106816626 41.728879366835514)"
892664cb257ffff,"H3:892664cb257ffff (suc=10, lamba_ariza=12)",38.49,"LINESTRING (-87.83569782838927 41.9435574267787, -87.83569782838927 41.9435574267787)"
892664ca003ffff,"H3:892664ca003ffff (suc=22, lamba_ariza=22)",69.66,"LINESTRING (-87.7187961500189 41.93912422768293, -87.7187961500189 41.93912422768293)"
89266419173ffff,"H3:89266419173ffff (suc=3, lamba_ariza=14)",22.73,"LINESTRING (-87.5376792883545 41.6573531130759, -87.5376792883545 41.6573531130759)"
89275934d83ffff,"H3:89275934d83ffff (suc=1, lamba_ariza=18)",19.9,"LINESTRING (-87.84281794133672 41.9643857896717, -87.84281794133672 41.9643857896717)"
892664cac1bffff,"H3:892664cac1bffff (suc=56, lamba_ariza=11)",80.4,"LINESTRING (-87.6798773171152 41.909349671264046, -87.6798773171152 41.909349671264046)"
892664c1ab7ffff,"H3:892664c1ab7ffff (suc=13, lamba_ariza=8)",42.15,"LINESTRING (-87.61937813236582 41.87456983354242, -87.61937813236582 41.87456983354242)"
89275936927ffff,"H3:89275936927ffff (suc=2, lamba_ariza=12)",18.15,"LINESTRING (-87.80357114241212 41.97300036085115, -87.80357114241212 41.97300036085115)"
892664ca88fffff,"H3:892664ca88fffff (suc=17, lamba_ariza=11)",52.88,"LINESTRING (-87.68004794155061 41.89018409282698, -87.68004794155061 41.89018409282698)"
892664ca207ffff,"H3:892664ca207ffff (suc=17, lamba_ariza=22)",61.17,"LINESTRING (-87.74536867531198 41.93243165466782, -87.74536867531198 41.93243165466782)"
89266456217ffff,"H3:89266456217ffff (suc=8, lamba_ariza=35)",47.28,"LINESTRING (-87.65792752002974 41.6804865160259, -87.65792752002974 41.6804865160259)"
89266456127ffff,"H3:89266456127ffff (suc=37, lamba_ariza=33)",87.73,"LINESTRING (-87.60419764111751 41.658447896846, -87.60419764111751 41.658447896846)"
892664cf20bffff,"H3:892664cf20bffff (suc=10, lamba_ariza=31)",51.21,"LINESTRING (-87.68600323707405 41.82917343727308, -87.68600323707405 41.82917343727308)"
892664c83a3ffff,"H3:892664c83a3ffff (suc=26, lamba_ariza=25)",75.52,"LINESTRING (-87.76267021540413 41.87242069941931, -87.76267021540413 41.87242069941931)"
892664c8583ffff,"H3:892664c8583ffff (suc=36, lamba_ariza=22)",82.83,"LINESTRING (-87.72931320154078 41.90473550675, -87.72931320154078 41.90473550675)"
892664c1a8bffff,"H3:892664c1a8bffff (suc=99, lamba_ariza=45)",98.03,"LINESTRING (-87.63256236639486 41.880819461977424, -87.63256236639486 41.880819461977424)"
8926641b25bffff,"H3:8926641b25bffff (suc=13, lamba_ariza=36)",58.53,"LINESTRING (-87.5501231105654 41.720961332319085, -87.5501231105654 41.720961332319085)"
892664cf3b3ffff,"H3:892664cf3b3ffff (suc=0, lamba_ariza=1)",0.15,"LINESTRING (-87.64824151352572 41.815652286348325, -87.64824151352572 41.815652286348325)"
892664cce97ffff,"H3:892664cce97ffff (suc=12, lamba_ariza=20)",49.89,"LINESTRING (-87.59600125672314 41.752393599365014, -87.59600125672314 41.752393599365014)"
892664cc30fffff,"H3:892664cc30fffff (suc=25, lamba_ariza=22)",72.87,"LINESTRING (-87.6289703333491 41.75843686396377, -87.6289703333491 41.75843686396377)"
892664cd6a3ffff,"H3:892664cd6a3ffff (suc=0, lamba_ariza=1)",0.56,"LINESTRING (-87.70846375983106 41.80398226182388, -87.70846375983106 41.80398226182388)"
892664d9a77ffff,"H3:892664d9a77ffff (suc=4, lamba_ariza=6)",19.24,"LINESTRING (-87.78421537496727 41.98136850019569, -87.78421537496727 41.98136850019569)"
892664ca253ffff,"H3:892664ca253ffff (suc=27, lamba_ariza=28)",78.4,"LINESTRING (-87.75858236095924 41.93866926152543, -87.75858236095924 41.93866926152543)"
892664ca01bffff,"H3:892664ca01bffff (suc=15, lamba_ariza=21)",58.4,"LINESTRING (-87.72179183023812 41.94141435381206, -87.72179183023812 41.94141435381206)"
892664cf4b3ffff,"H3:892664cf4b3ffff (suc=22, lamba_ariza=9)",58.44,"LINESTRING (-87.63099859553263 41.85645349853773, -87.63099859553263 41.85645349853773)"
892664c9587ffff,"H3:892664c9587ffff (suc=1, lamba_ariza=7)",5.56,"LINESTRING (-87.80637456077287 41.90964472129908, -87.80637456077287 41.90964472129908)"
892664c8563ffff,"H3:892664c8563ffff (suc=25, lamba_ariza=6)",60.02,"LINESTRING (-87.74266194079668 41.8918089175139, -87.74266194079668 41.8918089175139)"
892664d8e2bffff,"H3:892664d8e2bffff (suc=11, lamba_ariza=3)",33.97,"LINESTRING (-87.69241566202045 41.99230485984044, -87.69241566202045 41.99230485984044)"
892664caadbffff,"H3:892664caadbffff (suc=27, lamba_ariza=18)",72.92,"LINESTRING (-87.72278873760919 41.89203408506048, -87.72278873760919 41.89203408506048)"
892664cd297ffff,"H3:892664cd297ffff (suc=12, lamba_ariza=23)",51.86,"LINESTRING (-87.71757876794376 41.79170175741446, -87.71757876794376 41.79170175741446)"
892664c83c7ffff,"H3:892664c83c7ffff (suc=5, lamba_ariza=3)",19.48,"LINESTRING (-87.77586850500079 41.87865269496302, -87.77586850500079 41.87865269496302)"
892664195cfffff,"H3:892664195cfffff (suc=1, lamba_ariza=3)",4.53,"LINESTRING (-87.52954154770262 41.68581046430028, -87.52954154770262 41.68581046430028)"
892664564a7ffff,"H3:892664564a7ffff (suc=10, lamba_ariza=50)",52.98,"LINESTRING (-87.60974584294061 41.70125501620493, -87.60974584294061 41.70125501620493)"
892664561c3ffff,"H3:892664561c3ffff (suc=6, lamba_ariza=18)",33.56,"LINESTRING (-87.61660658095245 41.67569762921726, -87.61660658095245 41.67569762921726)"
892664c10d3ffff,"H3:892664c10d3ffff (suc=30, lamba_ariza=11)",69.27,"LINESTRING (-87.6422020417866 41.94228552483091, -87.6422020417866 41.94228552483091)"
89266452117ffff,"H3:89266452117ffff (suc=1, lamba_ariza=0)",3.33,"LINESTRING (-87.75370932604945 41.7808577063022, -87.75370932604945 41.7808577063022)"
892664cf00fffff,"H3:892664cf00fffff (suc=14, lamba_ariza=35)",60.55,"LINESTRING (-87.65350541491746 41.831262305748055, -87.65350541491746 41.831262305748055)"
892664ca04fffff,"H3:892664ca04fffff (suc=7, lamba_ariza=14)",34.23,"LINESTRING (-87.73146948857486 41.93723792936979, -87.73146948857486 41.93723792936979)"
892664ca533ffff,"H3:892664ca533ffff (suc=8, lamba_ariza=6)",27.48,"LINESTRING (-87.68323084266724 41.93893830344417, -87.68323084266724 41.93893830344417)"
89266419353ffff,"H3:89266419353ffff (suc=0, lamba_ariza=3)",2.29,"LINESTRING (-87.57180935175445 41.66050286261796, -87.57180935175445 41.66050286261796)"
89275934cb3ffff,"H3:89275934cb3ffff (suc=0, lamba_ariza=1)",0.1,"LINESTRING (-87.85783340538764 41.97582116302884, -87.85783340538764 41.97582116302884)"
89266456e8bffff,"H3:89266456e8bffff (suc=25, lamba_ariza=9)",63.36,"LINESTRING (-87.61803078165475 41.65367705316811, -87.61803078165475 41.65367705316811)"
892664cf34fffff,"H3:892664cf34fffff (suc=10, lamba_ariza=13)",38.68,"LINESTRING (-87.67352927697051 41.8119030166198, -87.67352927697051 41.8119030166198)"
892664c8127ffff,"H3:892664c8127ffff (suc=15, lamba_ariza=3)",43.68,"LINESTRING (-87.73682249773783 41.86807296544046, -87.73682249773783 41.86807296544046)"
892664ca24fffff,"H3:892664ca24fffff (suc=24, lamba_ariza=18)",69.05,"LINESTRING (-87.76103503040233 41.93283154508065, -87.76103503040233 41.93283154508065)"
892664cd187ffff,"H3:892664cd187ffff (suc=25, lamba_ariza=30)",76.18,"LINESTRING (-87.66843610159367 41.77715801944703, -87.66843610159367 41.77715801944703)"
892664c80b7ffff,"H3:892664c80b7ffff (suc=37, lamba_ariza=24)",84.0,"LINESTRING (-87.74987539892851 41.89346822478962, -87.74987539892851 41.89346822478962)"
892664c1e3bffff,"H3:892664c1e3bffff (suc=101, lamba_ariza=23)",92.85,"LINESTRING (-87.62463936432664 41.890192396150596, -87.62463936432664 41.890192396150596)"
892664ccd77ffff,"H3:892664ccd77ffff (suc=13, lamba_ariza=16)",50.39,"LINESTRING (-87.55904735614955 41.727830538222754, -87.55904735614955 41.727830538222754)"
892664c1683ffff,"H3:892664c1683ffff (suc=53, lamba_ariza=9)",77.5,"LINESTRING (-87.65294046324054 41.95437369880776, -87.65294046324054 41.95437369880776)"
892664d9bdbffff,"H3:892664d9bdbffff (suc=9, lamba_ariza=21)",43.69,"LINESTRING (-87.76853324197994 41.980972489749355, -87.76853324197994 41.980972489749355)"
892664c138fffff,"H3:892664c138fffff (suc=19, lamba_ariza=39)",70.03,"LINESTRING (-87.64186481209535 41.91498483732343, -87.64186481209535 41.91498483732343)"
892664cf52bffff,"H3:892664cf52bffff (suc=38, lamba_ariza=45)",89.43,"LINESTRING (-87.62223476678507 41.83042813996052, -87.62223476678507 41.83042813996052)"
892664cc063ffff,"H3:892664cc063ffff (suc=7, lamba_ariza=11)",30.92,"LINESTRING (-87.62579787021737 41.77528429701226, -87.62579787021737 41.77528429701226)"
892664cd327ffff,"H3:892664cd327ffff (suc=2, lamba_ariza=6)",12.73,"LINESTRING (-87.69982993878662 41.75884629185454, -87.69982993878662 41.75884629185454)"
892664d9d23ffff,"H3:892664d9d23ffff (suc=8, lamba_ariza=5)",27.87,"LINESTRING (-87.71779393845993 41.98853258271563, -87.71779393845993 41.98853258271563)"
8926645751bffff,"H3:8926645751bffff (suc=1, lamba_ariza=21)",18.11,"LINESTRING (-87.68595001101518 41.69814709769577, -87.68595001101518 41.69814709769577)"
892664c844bffff,"H3:892664c844bffff (suc=13, lamba_ariza=1)",37.76,"LINESTRING (-87.77261046036656 41.91469064662919, -87.77261046036656 41.91469064662919)"
89275936c07ffff,"H3:89275936c07ffff (suc=1, lamba_ariza=13)",12.81,"LINESTRING (-87.82080364827152 42.01697027638586, -87.82080364827152 42.01697027638586)"
892664c8ddbffff,"H3:892664c8ddbffff (suc=56, lamba_ariza=29)",91.94,"LINESTRING (-87.71044306127055 41.855599419796505, -87.71044306127055 41.855599419796505)"
892664cca83ffff,"H3:892664cca83ffff (suc=18, lamba_ariza=23)",64.89,"LINESTRING (-87.60883183127586 41.73139710493518, -87.60883183127586 41.73139710493518)"
892664cf38fffff,"H3:892664cf38fffff (suc=0, lamba_ariza=7)",5.84,"LINESTRING (-87.65544138629546 41.81731685134893, -87.65544138629546 41.81731685134893)"
89266419667ffff,"H3:89266419667ffff (suc=2, lamba_ariza=0)",6.29,"LINESTRING (-87.57754054347356 41.684194035430856, -87.57754054347356 41.684194035430856)"
892664cc93bffff,"H3:892664cc93bffff (suc=20, lamba_ariza=34)",71.72,"LINESTRING (-87.56347470592324 41.70808421474951, -87.56347470592324 41.70808421474951)"
892759348d3ffff,"H3:892759348d3ffff (suc=1, lamba_ariza=0)",4.17,"LINESTRING (-87.882612292564 41.9638866757835, -87.882612292564 41.9638866757835)"
892664d9a53ffff,"H3:892664d9a53ffff (suc=2, lamba_ariza=27)",28.17,"LINESTRING (-87.79199415405428 41.99115715908891, -87.79199415405428 41.99115715908891)"
892664194d7ffff,"H3:892664194d7ffff (suc=0, lamba_ariza=4)",2.79,"LINESTRING (-87.54490524281736 41.705364685551864, -87.54490524281736 41.705364685551864)"
892664caa5bffff,"H3:892664caa5bffff (suc=24, lamba_ariza=10)",61.54,"LINESTRING (-87.72946328240805 41.88557209441074, -87.72946328240805 41.88557209441074)"
892664cc607ffff,"H3:892664cc607ffff (suc=2, lamba_ariza=4)",10.96,"LINESTRING (-87.6370149486573 41.79546666277502, -87.6370149486573 41.79546666277502)"
892664cd647ffff,"H3:892664cd647ffff (suc=16, lamba_ariza=18)",57.96,"LINESTRING (-87.72829990806868 41.80376197040911, -87.72829990806868 41.80376197040911)"
892664c8dcfffff,"H3:892664c8dcfffff (suc=35, lamba_ariza=15)",76.48,"LINESTRING (-87.70868095121709 41.85039556945741, -87.70868095121709 41.85039556945741)"
892664d8b37ffff,"H3:892664d8b37ffff (suc=13, lamba_ariza=11)",45.77,"LINESTRING (-87.67161162281926 41.957077827206625, -87.67161162281926 41.957077827206625)"
892664c120fffff,"H3:892664c120fffff (suc=18, lamba_ariza=13)",57.03,"LINESTRING (-87.6694962299829 41.924564226722154, -87.6694962299829 41.924564226722154)"
892664cb153ffff,"H3:892664cb153ffff (suc=21, lamba_ariza=11)",59.38,"LINESTRING (-87.78814423118678 41.93425594378377, -87.78814423118678 41.93425594378377)"
892664d99cbffff,"H3:892664d99cbffff (suc=2, lamba_ariza=4)",11.7,"LINESTRING (-87.74016707148958 41.98246459112034, -87.74016707148958 41.98246459112034)"
892664cca7bffff,"H3:892664cca7bffff (suc=81, lamba_ariza=15)",86.45,"LINESTRING (-87.625145520721 41.720799974598194, -87.625145520721 41.720799974598194)"
892664ca16bffff,"H3:892664ca16bffff (suc=18, lamba_ariza=18)",61.51,"LINESTRING (-87.70873991774788 41.916001215226274, -87.70873991774788 41.916001215226274)"
892664ccc87ffff,"H3:892664ccc87ffff (suc=41, lamba_ariza=24)",86.06,"LINESTRING (-87.56775759391424 41.75383164641882, -87.56775759391424 41.75383164641882)"
892664d8c73ffff,"H3:892664d8c73ffff (suc=28, lamba_ariza=0)",57.89,"LINESTRING (-87.66879480111142 42.001285468507724, -87.66879480111142 42.001285468507724)"
892664c16dbffff,"H3:892664c16dbffff (suc=9, lamba_ariza=22)",45.03,"LINESTRING (-87.66738407947395 41.95770484104186, -87.66738407947395 41.95770484104186)"
892664cd587ffff,"H3:892664cd587ffff (suc=20, lamba_ariza=1)",49.63,"LINESTRING (-87.65983505113466 41.79754736258908, -87.65983505113466 41.79754736258908)"
89266457077ffff,"H3:89266457077ffff (suc=2, lamba_ariza=15)",19.77,"LINESTRING (-87.71483696069339 41.68567016073792, -87.71483696069339 41.68567016073792)"
892664cc34bffff,"H3:892664cc34bffff (suc=34, lamba_ariza=11)",72.69,"LINESTRING (-87.64335196013535 41.76176675471907, -87.64335196013535 41.76176675471907)"
892664caccbffff,"H3:892664caccbffff (suc=29, lamba_ariza=17)",74.04,"LINESTRING (-87.68586180763457 41.913930723532204, -87.68586180763457 41.913930723532204)"
892664cab47ffff,"H3:892664cab47ffff (suc=36, lamba_ariza=13)",75.64,"LINESTRING (-87.70254170505349 41.86497371438583, -87.70254170505349 41.86497371438583)"
892664cc67bffff,"H3:892664cc67bffff (suc=18, lamba_ariza=11)",54.6,"LINESTRING (-87.64965482715283 41.7935946465151, -87.64965482715283 41.7935946465151)"
89266456307ffff,"H3:89266456307ffff (suc=14, lamba_ariza=32)",60.17,"LINESTRING (-87.6383274192961 41.66157770748757, -87.6383274192961 41.66157770748757)"
892664cd46bffff,"H3:892664cd46bffff (suc=0, lamba_ariza=3)",1.94,"LINESTRING (-87.70126500226905 41.802321264689056, -87.70126500226905 41.802321264689056)"
892664cc98bffff,"H3:892664cc98bffff (suc=3, lamba_ariza=9)",18.51,"LINESTRING (-87.5627488515194 41.71910147220982, -87.5627488515194 41.71910147220982)"
892664cb583ffff,"H3:892664cb583ffff (suc=15, lamba_ariza=10)",49.05,"LINESTRING (-87.76266957766079 41.95721392574017, -87.76266957766079 41.95721392574017)"
892664d8a57ffff,"H3:892664d8a57ffff (suc=15, lamba_ariza=10)",48.61,"LINESTRING (-87.70879905211832 41.98165841998411, -87.70879905211832 41.98165841998411)"
892664560a7ffff,"H3:892664560a7ffff (suc=19, lamba_ariza=20)",64.78,"LINESTRING (-87.6183521136074 41.680892886555654, -87.6183521136074 41.680892886555654)"
892664c8c9bffff,"H3:892664c8c9bffff (suc=85, lamba_ariza=27)",93.98,"LINESTRING (-87.71995019925446 41.87058497852627, -87.71995019925446 41.87058497852627)"
892664c1843ffff,"H3:892664c1843ffff (suc=8, lamba_ariza=11)",32.96,"LINESTRING (-87.61690980735064 41.88040129986517, -87.61690980735064 41.88040129986517)"
892664cf38bffff,"H3:892664cf38bffff (suc=0, lamba_ariza=6)",4.97,"LINESTRING (-87.65842651076781 41.81960590640979, -87.65842651076781 41.81960590640979)"
892664caacfffff,"H3:892664caacfffff (suc=26, lamba_ariza=8)",62.79,"LINESTRING (-87.72102390018414 41.88682830705215, -87.72102390018414 41.88682830705215)"
89266452077ffff,"H3:89266452077ffff (suc=9, lamba_ariza=4)",28.28,"LINESTRING (-87.7812760881293 41.79039819025636, -87.7812760881293 41.79039819025636)"
892664cb523ffff,"H3:892664cb523ffff (suc=8, lamba_ariza=12)",33.46,"LINESTRING (-87.76457729068736 41.94324716442667, -87.76457729068736 41.94324716442667)"
89266419343ffff,"H3:89266419343ffff (suc=0, lamba_ariza=1)",0.46,"LINESTRING (-87.57304070892734 41.657595459895774, -87.57304070892734 41.657595459895774)"
892664528b3ffff,"H3:892664528b3ffff (suc=2, lamba_ariza=19)",21.12,"LINESTRING (-87.73295683537513 41.74572822066934, -87.73295683537513 41.74572822066934)"
892664ceb77ffff,"H3:892664ceb77ffff (suc=23, lamba_ariza=42)",76.68,"LINESTRING (-87.5504049689991 41.74820178810635, -87.5504049689991 41.74820178810635)"
892664ce243ffff,"H3:892664ce243ffff (suc=54, lamba_ariza=22)",88.62,"LINESTRING (-87.61328269681096 41.82355698972512, -87.61328269681096 41.82355698972512)"
892664cc9cbffff,"H3:892664cc9cbffff (suc=13, lamba_ariza=25)",55.8,"LINESTRING (-87.57414039465064 41.720149941986726, -87.57414039465064 41.720149941986726)"
892664cce63ffff,"H3:892664cce63ffff (suc=11, lamba_ariza=11)",41.27,"LINESTRING (-87.6135566560658 41.73888432596864, -87.6135566560658 41.73888432596864)"
892664cdd8fffff,"H3:892664cdd8fffff (suc=6, lamba_ariza=15)",30.2,"LINESTRING (-87.6309107654346 41.74450381079873, -87.6309107654346 41.74450381079873)"
892664cb38fffff,"H3:892664cb38fffff (suc=12, lamba_ariza=17)",47.37,"LINESTRING (-87.80203465342947 41.9294433999605, -87.80203465342947 41.9294433999605)"
892664cb027ffff,"H3:892664cb027ffff (suc=15, lamba_ariza=29)",61.78,"LINESTRING (-87.79114251640078 41.93654395379103, -87.79114251640078 41.93654395379103)"
89266452067ffff,"H3:89266452067ffff (suc=5, lamba_ariza=10)",25.12,"LINESTRING (-87.78249707334258 41.78748454502192, -87.78249707334258 41.78748454502192)"
892664565c7ffff,"H3:892664565c7ffff (suc=28, lamba_ariza=8)",64.48,"LINESTRING (-87.60502543013995 41.69377079386741, -87.60502543013995 41.69377079386741)"
892664cd1abffff,"H3:892664cd1abffff (suc=19, lamba_ariza=13)",58.66,"LINESTRING (-87.67089211820051 41.77133337565033, -87.67089211820051 41.77133337565033)"
892664d9bb3ffff,"H3:892664d9bb3ffff (suc=20, lamba_ariza=24)",68.45,"LINESTRING (-87.74808015994414 41.9730738046126, -87.74808015994414 41.9730738046126)"
89266419e93ffff,"H3:89266419e93ffff (suc=6, lamba_ariza=1)",18.05,"LINESTRING (-87.53297415896577 41.649869014338854, -87.53297415896577 41.649869014338854)"
892664cb4bbffff,"H3:892664cb4bbffff (suc=10, lamba_ariza=14)",41.81,"LINESTRING (-87.78189173573453 41.96802892677084, -87.78189173573453 41.96802892677084)"
892664d9b87ffff,"H3:892664d9b87ffff (suc=8, lamba_ariza=19)",40.99,"LINESTRING (-87.75107927963462 41.97536388808132, -87.75107927963462 41.97536388808132)"
892664cc067ffff,"H3:892664cc067ffff (suc=44, lamba_ariza=18)",83.19,"LINESTRING (-87.62281698002317 41.77299536489224, -87.62281698002317 41.77299536489224)"
892664cdd17ffff,"H3:892664cdd17ffff (suc=23, lamba_ariza=5)",56.34,"LINESTRING (-87.63214046167457 41.74159290223629, -87.63214046167457 41.74159290223629)"
892664cad03ffff,"H3:892664cad03ffff (suc=52, lamba_ariza=47)",94.33,"LINESTRING (-87.65595033896504 41.89102419302646, -87.65595033896504 41.89102419302646)"
89266419163ffff,"H3:89266419163ffff (suc=4, lamba_ariza=32)",36.51,"LINESTRING (-87.53891280792257 41.65444606894583, -87.53891280792257 41.65444606894583)"
892664ccb5bffff,"H3:892664ccb5bffff (suc=9, lamba_ariza=25)",46.66,"LINESTRING (-87.60903119329532 41.71227101821013, -87.60903119329532 41.71227101821013)"
89266456313ffff,"H3:89266456313ffff (suc=10, lamba_ariza=12)",39.63,"LINESTRING (-87.64007476284661 41.66677163687272, -87.64007476284661 41.66677163687272)"
892664d812fffff,"H3:892664d812fffff (suc=15, lamba_ariza=14)",52.14,"LINESTRING (-87.68078687300368 42.010457424967115, -87.68078687300368 42.010457424967115)"
8926645205bffff,"H3:8926645205bffff (suc=1, lamba_ariza=13)",12.39,"LINESTRING (-87.7932324264467 41.7995371831765, -87.7932324264467 41.7995371831765)"
892664cc9dbffff,"H3:892664cc9dbffff (suc=13, lamba_ariza=11)",45.09,"LINESTRING (-87.57290744464179 41.723059652222695, -87.57290744464179 41.723059652222695)"
892664d8b9bffff,"H3:892664d8b9bffff (suc=6, lamba_ariza=7)",25.76,"LINESTRING (-87.67689928155153 41.9727118835338, -87.67689928155153 41.9727118835338)"
892664cb167ffff,"H3:892664cb167ffff (suc=21, lamba_ariza=19)",67.22,"LINESTRING (-87.78160036850257 41.92155453691674, -87.78160036850257 41.92155453691674)"
892664cc56fffff,"H3:892664cc56fffff (suc=30, lamba_ariza=15)",73.01,"LINESTRING (-87.59754322461384 41.7767307829864, -87.59754322461384 41.7767307829864)"
892664ce263ffff,"H3:892664ce263ffff (suc=38, lamba_ariza=46)",89.85,"LINESTRING (-87.6085492556664 41.816062598424296, -87.6085492556664 41.816062598424296)"
892664cd23bffff,"H3:892664cd23bffff (suc=19, lamba_ariza=17)",62.23,"LINESTRING (-87.72668872885794 41.77942262949938, -87.72668872885794 41.77942262949938)"
8926641b2c7ffff,"H3:8926641b2c7ffff (suc=20, lamba_ariza=34)",71.26,"LINESTRING (-87.53749596400888 41.722819909655755, -87.53749596400888 41.722819909655755)"
89266457423ffff,"H3:89266457423ffff (suc=6, lamba_ariza=10)",26.96,"LINESTRING (-87.69909083466672 41.70437821649775, -87.69909083466672 41.70437821649775)"
892664cac43ffff,"H3:892664cac43ffff (suc=30, lamba_ariza=8)",66.55,"LINESTRING (-87.68832279542097 41.9080958335439, -87.68832279542097 41.9080958335439)"
892664d88b7ffff,"H3:892664d88b7ffff (suc=42, lamba_ariza=19)",83.7,"LINESTRING (-87.65628020261472 41.98397983768651, -87.65628020261472 41.98397983768651)"
892664cc1a7ffff,"H3:892664cc1a7ffff (suc=33, lamba_ariza=26)",82.35,"LINESTRING (-87.58388042845998 41.762370266507446, -87.58388042845998 41.762370266507446)"
892664c1397ffff,"H3:892664c1397ffff (suc=49, lamba_ariza=40)",93.03,"LINESTRING (-87.63640643733227 41.918527559689146, -87.63640643733227 41.918527559689146)"
89275936c33ffff,"H3:89275936c33ffff (suc=1, lamba_ariza=15)",12.6,"LINESTRING (-87.81779888364446 42.01468122836178, -87.81779888364446 42.01468122836178)"
892664d8cc7ffff,"H3:892664d8cc7ffff (suc=25, lamba_ariza=13)",67.01,"LINESTRING (-87.66509173195135 42.01004770540328, -87.66509173195135 42.01004770540328)"
892664ca6abffff,"H3:892664ca6abffff (suc=10, lamba_ariza=22)",47.06,"LINESTRING (-87.73254876688432 41.95349380031889, -87.73254876688432 41.95349380031889)"
892664ca967ffff,"H3:892664ca967ffff (suc=19, lamba_ariza=15)",60.28,"LINESTRING (-87.66826260355047 41.86186412154476, -87.66826260355047 41.86186412154476)"
892664d9b5bffff,"H3:892664d9b5bffff (suc=6, lamba_ariza=13)",29.52,"LINESTRING (-87.77521348111885 41.97450059801095, -87.77521348111885 41.97450059801095)"
892664cea0bffff,"H3:892664cea0bffff (suc=65, lamba_ariza=3)",74.5,"LINESTRING (-87.57298834924218 41.7694356482293, -87.57298834924218 41.7694356482293)"
892664cb4cbffff,"H3:892664cb4cbffff (suc=2, lamba_ariza=16)",19.42,"LINESTRING (-87.79934532558423 41.97363231485518, -87.79934532558423 41.97363231485518)"
892664d990fffff,"H3:892664d990fffff (suc=1, lamba_ariza=24)",23.3,"LINESTRING (-87.7323997484878 41.97267273654235, -87.7323997484878 41.97267273654235)"
892664193a3ffff,"H3:892664193a3ffff (suc=24, lamba_ariza=31)",75.03,"LINESTRING (-87.55028857695324 41.65549700353697, -87.55028857695324 41.65549700353697)"
892664d89d7ffff,"H3:892664d89d7ffff (suc=27, lamba_ariza=27)",77.92,"LINESTRING (-87.65152380534147 41.976474138062414, -87.65152380534147 41.976474138062414)"
892664cda83ffff,"H3:892664cda83ffff (suc=2, lamba_ariza=5)",12.17,"LINESTRING (-87.68859609582229 41.73868001565165, -87.68859609582229 41.73868001565165)"
892664cd12bffff,"H3:892664cd12bffff (suc=3, lamba_ariza=29)",30.27,"LINESTRING (-87.67755735403702 41.764884344692774, -87.67755735403702 41.764884344692774)"
892664d9a87ffff,"H3:892664d9a87ffff (suc=2, lamba_ariza=10)",15.36,"LINESTRING (-87.77208082678028 41.99139355911016, -87.77208082678028 41.99139355911016)"
892664c1acbffff,"H3:892664c1acbffff (suc=112, lamba_ariza=9)",81.77,"LINESTRING (-87.64399343783761 41.88186069569407, -87.64399343783761 41.88186069569407)"
892664c8007ffff,"H3:892664c8007ffff (suc=32, lamba_ariza=20)",78.11,"LINESTRING (-87.7625339657747 41.89158033573683, -87.7625339657747 41.89158033573683)"
892664cab9bffff,"H3:892664cab9bffff (suc=26, lamba_ariza=15)",69.49,"LINESTRING (-87.69041756260957 41.874975493131046, -87.69041756260957 41.874975493131046)"
89266457433ffff,"H3:89266457433ffff (suc=2, lamba_ariza=9)",13.39,"LINESTRING (-87.69786654081966 41.70728822847016, -87.69786654081966 41.70728822847016)"
89275936b2fffff,"H3:89275936b2fffff (suc=0, lamba_ariza=4)",2.77,"LINESTRING (-87.83737190051718 41.967939563729075, -87.83737190051718 41.967939563729075)"
89266452983ffff,"H3:89266452983ffff (suc=2, lamba_ariza=3)",10.34,"LINESTRING (-87.71804210796041 41.73430215938162, -87.71804210796041 41.73430215938162)"
892664c8d87ffff,"H3:892664c8d87ffff (suc=28, lamba_ariza=58)",83.2,"LINESTRING (-87.69304095600198 41.849987340822416, -87.69304095600198 41.849987340822416)"
892664c168fffff,"H3:892664c168fffff (suc=18, lamba_ariza=14)",58.09,"LINESTRING (-87.65417429662523 41.95145496550066, -87.65417429662523 41.95145496550066)"
892664cf64fffff,"H3:892664cf64fffff (suc=20, lamba_ariza=23)",67.84,"LINESTRING (-87.68583530873968 41.84832483956502, -87.68583530873968 41.84832483956502)"
892664cc173ffff,"H3:892664cc173ffff (suc=11, lamba_ariza=10)",39.48,"LINESTRING (-87.60370541289504 41.76217249324768, -87.60370541289504 41.76217249324768)"
892664cdc8fffff,"H3:892664cdc8fffff (suc=23, lamba_ariza=29)",74.37,"LINESTRING (-87.65177226214922 41.76051929177583, -87.65177226214922 41.76051929177583)"
892664c133bffff,"H3:892664c133bffff (suc=13, lamba_ariza=1)",36.1,"LINESTRING (-87.645564877345 41.90623346861556, -87.645564877345 41.90623346861556)"
892664c8923ffff,"H3:892664c8923ffff (suc=1, lamba_ariza=2)",2.81,"LINESTRING (-87.70654459531637 41.817925416086744, -87.70654459531637 41.817925416086744)"
892664d8c07ffff,"H3:892664d8c07ffff (suc=48, lamba_ariza=13)",80.19,"LINESTRING (-87.66033131711977 42.0025402720716, -87.66033131711977 42.0025402720716)"
892664ceb3bffff,"H3:892664ceb3bffff (suc=11, lamba_ariza=8)",37.35,"LINESTRING (-87.5461936042372 41.74882181112199, -87.5461936042372 41.74882181112199)"
8926641b28bffff,"H3:8926641b28bffff (suc=1, lamba_ariza=2)",3.0,"LINESTRING (-87.53328660297203 41.72343915028965, -87.53328660297203 41.72343915028965)"
8926645214bffff,"H3:8926645214bffff (suc=8, lamba_ariza=32)",45.78,"LINESTRING (-87.77353309779198 41.78063028225654, -87.77353309779198 41.78063028225654)"
892664521b7ffff,"H3:892664521b7ffff (suc=10, lamba_ariza=21)",47.05,"LINESTRING (-87.7423038550161 41.77982730849814, -87.7423038550161 41.77982730849814)"
892664cd263ffff,"H3:892664cd263ffff (suc=16, lamba_ariza=23)",61.08,"LINESTRING (-87.73510824888875 41.77816876046384, -87.73510824888875 41.77816876046384)"
892664cd483ffff,"H3:892664cd483ffff (suc=10, lamba_ariza=43)",53.17,"LINESTRING (-87.68371497250317 41.81585414798999, -87.68371497250317 41.81585414798999)"
892664d8a93ffff,"H3:892664d8a93ffff (suc=15, lamba_ariza=9)",47.71,"LINESTRING (-87.6936478916382 41.98938446732229, -87.6936478916382 41.98938446732229)"
892664cc02fffff,"H3:892664cc02fffff (suc=25, lamba_ariza=16)",68.26,"LINESTRING (-87.6156246006338 41.77132919291016, -87.6156246006338 41.77132919291016)"
892664ca047ffff,"H3:892664ca047ffff (suc=58, lamba_ariza=19)",87.26,"LINESTRING (-87.72724520176173 41.93786683899653, -87.72724520176173 41.93786683899653)"
892664cb05bffff,"H3:892664cb05bffff (suc=7, lamba_ariza=12)",31.52,"LINESTRING (-87.81336143913474 41.949639324303675, -87.81336143913474 41.949639324303675)"
8926645642fffff,"H3:8926645642fffff (suc=18, lamba_ariza=38)",68.25,"LINESTRING (-87.62061529372637 41.69419322434937, -87.62061529372637 41.69419322434937)"
892664ceb6bffff,"H3:892664ceb6bffff (suc=21, lamba_ariza=48)",74.68,"LINESTRING (-87.55882722939168 41.746961313916785, -87.55882722939168 41.746961313916785)"
892664c8887ffff,"H3:892664c8887ffff (suc=27, lamba_ariza=47)",81.41,"LINESTRING (-87.72255718569326 41.84559840362723, -87.72255718569326 41.84559840362723)"
89266456063ffff,"H3:89266456063ffff (suc=21, lamba_ariza=11)",60.08,"LINESTRING (-87.63936791386166 41.67778277857222, -87.63936791386166 41.67778277857222)"
89275936d2fffff,"H3:89275936d2fffff (suc=4, lamba_ariza=15)",26.35,"LINESTRING (-87.79922403759431 41.992814348158376, -87.79922403759431 41.992814348158376)"
892664cd88fffff,"H3:892664cd88fffff (suc=8, lamba_ariza=17)",37.58,"LINESTRING (-87.66037015459308 41.74013984944361, -87.66037015459308 41.74013984944361)"
892664d8eb3ffff,"H3:892664d8eb3ffff (suc=21, lamba_ariza=5)",54.1,"LINESTRING (-87.6802555287649 42.00232285213359, -87.6802555287649 42.00232285213359)"
892664ca3cbffff,"H3:892664ca3cbffff (suc=19, lamba_ariza=24)",66.72,"LINESTRING (-87.73638122616377 41.92556385698727, -87.73638122616377 41.92556385698727)"
89266452897ffff,"H3:89266452897ffff (suc=6, lamba_ariza=26)",38.17,"LINESTRING (-87.73471758161905 41.75092521269657, -87.73471758161905 41.75092521269657)"
892664cb043ffff,"H3:892664cb043ffff (suc=4, lamba_ariza=13)",24.05,"LINESTRING (-87.81036136855893 41.94735164682879, -87.81036136855893 41.94735164682879)"
892664cd377ffff,"H3:892664cd377ffff (suc=11, lamba_ariza=23)",50.71,"LINESTRING (-87.71000553294978 41.76279311672218, -87.71000553294978 41.76279311672218)"
892664d814fffff,"H3:892664d814fffff (suc=5, lamba_ariza=11)",26.14,"LINESTRING (-87.69701596682772 42.01900014926602, -87.69701596682772 42.01900014926602)"
892664cdd37ffff,"H3:892664cdd37ffff (suc=1, lamba_ariza=2)",5.48,"LINESTRING (-87.62741256978528 41.73410638498329, -87.62741256978528 41.73410638498329)"
89266457457ffff,"H3:89266457457ffff (suc=0, lamba_ariza=4)",3.5,"LINESTRING (-87.71101117564949 41.713518437424526, -87.71101117564949 41.713518437424526)"
892664c8953ffff,"H3:892664c8953ffff (suc=0, lamba_ariza=4)",3.33,"LINESTRING (-87.7214839077027 41.829363107115945, -87.7214839077027 41.829363107115945)"
892664d9e03ffff,"H3:892664d9e03ffff (suc=1, lamba_ariza=5)",4.27,"LINESTRING (-87.7731755821557 42.007658663898916, -87.7731755821557 42.007658663898916)"
892664cdbb7ffff,"H3:892664cdbb7ffff (suc=8, lamba_ariza=3)",27.72,"LINESTRING (-87.6587966242888 41.71581608638721, -87.6587966242888 41.71581608638721)"
892664c814fffff,"H3:892664c814fffff (suc=38, lamba_ariza=18)",81.45,"LINESTRING (-87.7572277657534 41.87596650821025, -87.7572277657534 41.87596650821025)"
892664ca407ffff,"H3:892664ca407ffff (suc=19, lamba_ariza=14)",58.52,"LINESTRING (-87.70719188369776 41.957266580430236, -87.70719188369776 41.957266580430236)"
892664c84abffff,"H3:892664c84abffff (suc=16, lamba_ariza=17)",55.75,"LINESTRING (-87.74973377209567 41.91263299143649, -87.74973377209567 41.91263299143649)"
892664cb66bffff,"H3:892664cb66bffff (suc=0, lamba_ariza=1)",0.24,"LINESTRING (-87.83081051982799 41.95523689751016, -87.83081051982799 41.95523689751016)"
892664cc53bffff,"H3:892664cc53bffff (suc=30, lamba_ariza=21)",77.68,"LINESTRING (-87.58788387917099 41.78088671772552, -87.58788387917099 41.78088671772552)"
89266457573ffff,"H3:89266457573ffff (suc=6, lamba_ariza=13)",29.42,"LINESTRING (-87.6883995283764 41.69232801141459, -87.6883995283764 41.69232801141459)"
892664ccd23ffff,"H3:892664ccd23ffff (suc=6, lamba_ariza=28)",40.11,"LINESTRING (-87.55186316674295 41.726160771814314, -87.55186316674295 41.726160771814314)"
89275936d2bffff,"H3:89275936d2bffff (suc=2, lamba_ariza=36)",30.75,"LINESTRING (-87.80222659624435 41.99510341913402, -87.80222659624435 41.99510341913402)"
892664ca2b3ffff,"H3:892664ca2b3ffff (suc=9, lamba_ariza=18)",42.96,"LINESTRING (-87.7356936159666 41.93660887624531, -87.7356936159666 41.93660887624531)"
89275936d77ffff,"H3:89275936d77ffff (suc=3, lamba_ariza=17)",25.1,"LINESTRING (-87.80522943031923 41.997392457168615, -87.80522943031923 41.997392457168615)"
8926645706bffff,"H3:8926645706bffff (suc=7, lamba_ariza=3)",25.1,"LINESTRING (-87.72324000420319 41.6844195415331, -87.72324000420319 41.6844195415331)"
892664ca68bffff,"H3:892664ca68bffff (suc=4, lamba_ariza=26)",31.98,"LINESTRING (-87.73731501028014 41.9609934773415, -87.73731501028014 41.9609934773415)"
892664c1373ffff,"H3:892664c1373ffff (suc=22, lamba_ariza=24)",70.31,"LINESTRING (-87.6527788294889 41.90789921099079, -87.6527788294889 41.90789921099079)"
89275934d97ffff,"H3:89275934d97ffff (suc=6, lamba_ariza=22)",35.75,"LINESTRING (-87.83859386622728 41.96501904092497, -87.83859386622728 41.96501904092497)"
892664cd9afffff,"H3:892664cd9afffff (suc=3, lamba_ariza=3)",10.92,"LINESTRING (-87.6347880975138 41.71664484471672, -87.6347880975138 41.71664484471672)"
892664ccc83ffff,"H3:892664ccc83ffff (suc=9, lamba_ariza=35)",48.91,"LINESTRING (-87.57073492808136 41.75612169675776, -87.57073492808136 41.75612169675776)"
892664cd073ffff,"H3:892664cd073ffff (suc=34, lamba_ariza=20)",80.22,"LINESTRING (-87.70441122684618 41.78546773852211, -87.70441122684618 41.78546773852211)"
892664c8d9bffff,"H3:892664c8d9bffff (suc=11, lamba_ariza=23)",49.94,"LINESTRING (-87.69901886990976 41.85456481485149, -87.69901886990976 41.85456481485149)"
892664cc3cfffff,"H3:892664cc3cfffff (suc=24, lamba_ariza=15)",66.83,"LINESTRING (-87.63370094697845 41.765925361658155, -87.63370094697845 41.765925361658155)"
892664cab83ffff,"H3:892664cab83ffff (suc=52, lamba_ariza=25)",89.75,"LINESTRING (-87.68742751047148 41.87268603906752, -87.68742751047148 41.87268603906752)"
892664cd3d7ffff,"H3:892664cd3d7ffff (suc=7, lamba_ariza=6)",27.54,"LINESTRING (-87.7080885498357 41.776729248157565, -87.7080885498357 41.776729248157565)"
892664cc137ffff,"H3:892664cc137ffff (suc=39, lamba_ariza=9)",73.21,"LINESTRING (-87.58932511104095 41.758837486825826, -87.58932511104095 41.758837486825826)"
892664ccd17ffff,"H3:892664ccd17ffff (suc=48, lamba_ariza=33)",91.23,"LINESTRING (-87.55236900391151 41.73427046518398, -87.55236900391151 41.73427046518398)"
892664cf693ffff,"H3:892664cf693ffff (suc=27, lamba_ariza=16)",70.26,"LINESTRING (-87.66527433363945 41.859574342109624, -87.66527433363945 41.859574342109624)"
892664cc977ffff,"H3:892664cc977ffff (suc=14, lamba_ariza=9)",46.11,"LINESTRING (-87.56768195476205 41.70746409012816, -87.56768195476205 41.70746409012816)"
892664c1e27ffff,"H3:892664c1e27ffff (suc=65, lamba_ariza=17)",86.78,"LINESTRING (-87.61866311731451 41.88560894966443, -87.61866311731451 41.88560894966443)"
892664c1b8bffff,"H3:892664c1b8bffff (suc=6, lamba_ariza=3)",22.41,"LINESTRING (-87.61165220283479 41.8647800071464, -87.61165220283479 41.8647800071464)"
892664ce26bffff,"H3:892664ce26bffff (suc=41, lamba_ariza=41)",90.76,"LINESTRING (-87.61276526335675 41.815439492644124, -87.61276526335675 41.815439492644124)"
892664cca67ffff,"H3:892664cca67ffff (suc=6, lamba_ariza=27)",38.3,"LINESTRING (-87.61919108516639 41.716224654817275, -87.61919108516639 41.716224654817275)"
892664d8ac7ffff,"H3:892664d8ac7ffff (suc=11, lamba_ariza=3)",33.22,"LINESTRING (-87.70333883577756 41.985207293960976, -87.70333883577756 41.985207293960976)"
892759369a7ffff,"H3:892759369a7ffff (suc=7, lamba_ariza=31)",44.4,"LINESTRING (-87.79689557043325 41.979473538798565, -87.79689557043325 41.979473538798565)"
892664cc0b7ffff,"H3:892664cc0b7ffff (suc=62, lamba_ariza=31)",93.26,"LINESTRING (-87.60350362877242 41.78131024453132, -87.60350362877242 41.78131024453132)"
89266456387ffff,"H3:89266456387ffff (suc=8, lamba_ariza=19)",41.28,"LINESTRING (-87.63167094575176 41.66801587566194, -87.63167094575176 41.66801587566194)"
8926645666bffff,"H3:8926645666bffff (suc=6, lamba_ariza=12)",28.19,"LINESTRING (-87.6644054768806 41.69316196464462, -87.6644054768806 41.69316196464462)"
892664d8c6fffff,"H3:892664d8c6fffff (suc=14, lamba_ariza=11)",47.89,"LINESTRING (-87.67126271393633 41.9954444635932, -87.67126271393633 41.9954444635932)"
8926641922fffff,"H3:8926641922fffff (suc=0, lamba_ariza=3)",2.61,"LINESTRING (-87.578983724085 41.66217059886744, -87.578983724085 41.66217059886744)"
892664ca06fffff,"H3:892664ca06fffff (suc=18, lamba_ariza=20)",62.37,"LINESTRING (-87.726706576946 41.929739945017104, -87.726706576946 41.929739945017104)"
892664c88abffff,"H3:892664c88abffff (suc=29, lamba_ariza=40)",82.83,"LINESTRING (-87.72500968359203 41.839767987308115, -87.72500968359203 41.839767987308115)"
892664c854fffff,"H3:892664c854fffff (suc=47, lamba_ariza=5)",72.9,"LINESTRING (-87.74864944953589 41.89638552030046, -87.74864944953589 41.89638552030046)"
892664cc637ffff,"H3:892664cc637ffff (suc=18, lamba_ariza=5)",50.2,"LINESTRING (-87.63104989354079 41.790888445574616, -87.63104989354079 41.790888445574616)"
892664c86b3ffff,"H3:892664c86b3ffff (suc=21, lamba_ariza=26)",71.25,"LINESTRING (-87.77383530847267 41.91177251558981, -87.77383530847267 41.91177251558981)"
892664ca11bffff,"H3:892664ca11bffff (suc=31, lamba_ariza=33)",82.8,"LINESTRING (-87.70082784128219 41.92538279637485, -87.70082784128219 41.92538279637485)"
892664cb11bffff,"H3:892664cb11bffff (suc=7, lamba_ariza=4)",26.01,"LINESTRING (-87.7809237126544 41.93259866845075, -87.7809237126544 41.93259866845075)"
89266456237ffff,"H3:89266456237ffff (suc=11, lamba_ariza=5)",35.91,"LINESTRING (-87.65320200083528 41.67300647446756, -87.65320200083528 41.67300647446756)"
892664c838bffff,"H3:892664c838bffff (suc=46, lamba_ariza=14)",80.11,"LINESTRING (-87.771650644915 41.879282446286744, -87.771650644915 41.879282446286744)"
89266452cc7ffff,"H3:89266452cc7ffff (suc=1, lamba_ariza=0)",3.79,"LINESTRING (-87.73877891068278 41.76943042921751, -87.73877891068278 41.76943042921751)"
892664d8897ffff,"H3:892664d8897ffff (suc=18, lamba_ariza=27)",66.1,"LINESTRING (-87.66103809148518 41.99148592465816, -87.66103809148518 41.99148592465816)"
892664ca153ffff,"H3:892664ca153ffff (suc=46, lamba_ariza=31)",90.35,"LINESTRING (-87.70804579084637 41.927045175723556, -87.70804579084637 41.927045175723556)"
89266452043ffff,"H3:89266452043ffff (suc=4, lamba_ariza=10)",21.0,"LINESTRING (-87.79024293224079 41.797252482423524, -87.79024293224079 41.797252482423524)"
892664cb18bffff,"H3:892664cb18bffff (suc=14, lamba_ariza=8)",45.35,"LINESTRING (-87.77547581721772 41.936148225777835, -87.77547581721772 41.936148225777835)"
892664d8133ffff,"H3:892664d8133ffff (suc=21, lamba_ariza=3)",53.14,"LINESTRING (-87.6783194210349 42.01629965539026, -87.6783194210349 42.01629965539026)"
89266456067ffff,"H3:89266456067ffff (suc=16, lamba_ariza=5)",45.5,"LINESTRING (-87.63639272804569 41.675496574677176, -87.63639272804569 41.675496574677176)"
892664d816bffff,"H3:892664d816bffff (suc=6, lamba_ariza=5)",21.46,"LINESTRING (-87.69524906874652 42.013786185474444, -87.69524906874652 42.013786185474444)"
892664ca5abffff,"H3:892664ca5abffff (suc=15, lamba_ariza=18)",55.94,"LINESTRING (-87.68199926884894 41.941856787334736, -87.68199926884894 41.941856787334736)"
892664cf44fffff,"H3:892664cf44fffff (suc=19, lamba_ariza=8)",53.83,"LINESTRING (-87.65631116828803 41.852704815465074, -87.65631116828803 41.852704815465074)"
892664d8817ffff,"H3:892664d8817ffff (suc=12, lamba_ariza=18)",49.58,"LINESTRING (-87.6677367054698 41.98501851248378, -87.6677367054698 41.98501851248378)"
892664c88d7ffff,"H3:892664c88d7ffff (suc=24, lamba_ariza=19)",70.31,"LINESTRING (-87.73275325988618 41.8495461351216, -87.73275325988618 41.8495461351216)"
892664cd42bffff,"H3:892664cd42bffff (suc=24, lamba_ariza=24)",72.15,"LINESTRING (-87.68985391800283 41.801285648190216, -87.68985391800283 41.801285648190216)"
892664c1207ffff,"H3:892664c1207ffff (suc=26, lamba_ariza=35)",78.97,"LINESTRING (-87.66527161194763 41.92519075147984, -87.66527161194763 41.92519075147984)"
892664cceafffff,"H3:892664cceafffff (suc=3, lamba_ariza=1)",12.27,"LINESTRING (-87.5967196532136 41.74137211904134, -87.5967196532136 41.74137211904134)"
892664cd2d3ffff,"H3:892664cd2d3ffff (suc=6, lamba_ariza=35)",42.59,"LINESTRING (-87.73197395148298 41.795020966954404, -87.73197395148298 41.795020966954404)"
892664ca017ffff,"H3:892664ca017ffff (suc=26, lamba_ariza=9)",64.41,"LINESTRING (-87.71457138516303 41.93975270670567, -87.71457138516303 41.93975270670567)"
892664528abffff,"H3:892664528abffff (suc=14, lamba_ariza=21)",56.01,"LINESTRING (-87.73838615939049 41.74218988939275, -87.73838615939049 41.74218988939275)"
892664cd197ffff,"H3:892664cd197ffff (suc=21, lamba_ariza=11)",58.89,"LINESTRING (-87.66720785564864 41.780070488523876, -87.66720785564864 41.780070488523876)"
892664ceb03ffff,"H3:892664ceb03ffff (suc=3, lamba_ariza=1)",10.81,"LINESTRING (-87.54793428355993 41.75402302649513, -87.54793428355993 41.75402302649513)"
892664cc27bffff,"H3:892664cc27bffff (suc=23, lamba_ariza=25)",72.2,"LINESTRING (-87.65825984692019 41.77320681956489, -87.65825984692019 41.77320681956489)"
892664d893bffff,"H3:892664d893bffff (suc=46, lamba_ariza=9)",75.54,"LINESTRING (-87.64923800429113 41.96313048311999, -87.64923800429113 41.96313048311999)"
892664cc6cfffff,"H3:892664cc6cfffff (suc=20, lamba_ariza=36)",72.34,"LINESTRING (-87.64596458167874 41.80233375694304, -87.64596458167874 41.80233375694304)"
892664c84c7ffff,"H3:892664c84c7ffff (suc=14, lamba_ariza=15)",49.95,"LINESTRING (-87.75872039130043 41.91949871562043, -87.75872039130043 41.91949871562043)"
892664cdb27ffff,"H3:892664cdb27ffff (suc=9, lamba_ariza=14)",39.88,"LINESTRING (-87.6666822367027 41.706462581008246, -87.6666822367027 41.706462581008246)"
892664caa07ffff,"H3:892664caa07ffff (suc=33, lamba_ariza=14)",74.41,"LINESTRING (-87.7120483956446 41.879961647880016, -87.7120483956446 41.879961647880016)"
892664cc49bffff,"H3:892664cc49bffff (suc=75, lamba_ariza=16)",86.61,"LINESTRING (-87.60679967670642 41.81085892934813, -87.60679967670642 41.81085892934813)"
892664cde13ffff,"H3:892664cde13ffff (suc=3, lamba_ariza=8)",17.48,"LINESTRING (-87.68544716992642 41.75552374208394, -87.68544716992642 41.75552374208394)"
89266452393ffff,"H3:89266452393ffff (suc=3, lamba_ariza=8)",18.16,"LINESTRING (-87.77950880852235 41.78519982229963, -87.77950880852235 41.78519982229963)"
892664cc9a3ffff,"H3:892664cc9a3ffff (suc=1, lamba_ariza=9)",9.23,"LINESTRING (-87.5538258207103 41.71223321362857, -87.5538258207103 41.71223321362857)"
892664cab77ffff,"H3:892664cab77ffff (suc=13, lamba_ariza=8)",42.42,"LINESTRING (-87.69656214763232 41.86039594788156, -87.69656214763232 41.86039594788156)"
892664cf03bffff,"H3:892664cf03bffff (suc=6, lamba_ariza=19)",35.66,"LINESTRING (-87.65051974503466 41.828972831295076, -87.65051974503466 41.828972831295076)"
892664cdb47ffff,"H3:892664cdb47ffff (suc=2, lamba_ariza=6)",9.92,"LINESTRING (-87.68280285994116 41.7149823892581, -87.68280285994116 41.7149823892581)"
892664c8c53ffff,"H3:892664c8c53ffff (suc=44, lamba_ariza=13)",78.96,"LINESTRING (-87.73383093816032 41.86578501112215, -87.73383093816032 41.86578501112215)"
892664cca13ffff,"H3:892664cca13ffff (suc=7, lamba_ariza=14)",32.11,"LINESTRING (-87.61427063107087 41.72786478620575, -87.61427063107087 41.72786478620575)"
892664cd0b3ffff,"H3:892664cd0b3ffff (suc=16, lamba_ariza=17)",56.3,"LINESTRING (-87.68633867643183 41.790883892292655, -87.68633867643183 41.790883892292655)"
892664c8b2bffff,"H3:892664c8b2bffff (suc=7, lamba_ariza=19)",36.44,"LINESTRING (-87.74025080709876 41.812908333853514, -87.74025080709876 41.812908333853514)"
892664ca913ffff,"H3:892664ca913ffff (suc=22, lamba_ariza=8)",57.52,"LINESTRING (-87.66333960762837 41.87352697736311, -87.66333960762837 41.87352697736311)"
8926641b60bffff,"H3:8926641b60bffff (suc=2, lamba_ariza=0)",5.81,"LINESTRING (-87.53131719050637 41.737368623625436, -87.53131719050637 41.737368623625436)"
8926645250bffff,"H3:8926645250bffff (suc=14, lamba_ariza=32)",59.57,"LINESTRING (-87.75356963284553 41.79999643695257, -87.75356963284553 41.79999643695257)"
892664521abffff,"H3:892664521abffff (suc=8, lamba_ariza=10)",32.22,"LINESTRING (-87.75072269710888 41.77857231353665, -87.75072269710888 41.77857231353665)"
89266452dcfffff,"H3:89266452dcfffff (suc=2, lamba_ariza=23)",27.4,"LINESTRING (-87.72209547437302 41.75280471403836, -87.72209547437302 41.75280471403836)"
892664564c3ffff,"H3:892664564c3ffff (suc=17, lamba_ariza=46)",68.83,"LINESTRING (-87.62883338514897 41.71207027670062, -87.62883338514897 41.71207027670062)"
892664c86bbffff,"H3:892664c86bbffff (suc=18, lamba_ariza=15)",59.22,"LINESTRING (-87.77805608388724 41.91114226943787, -87.77805608388724 41.91114226943787)"
892664c1e77ffff,"H3:892664c1e77ffff (suc=208, lamba_ariza=41)",98.69,"LINESTRING (-87.62886175554897 41.88956777334756, -87.62886175554897 41.88956777334756)"
892664cd83bffff,"H3:892664cd83bffff (suc=21, lamba_ariza=31)",71.5,"LINESTRING (-87.66405259134663 41.73140727588739, -87.66405259134663 41.73140727588739)"
892664c84cfffff,"H3:892664c84cfffff (suc=6, lamba_ariza=2)",19.18,"LINESTRING (-87.76294223837895 41.918868912187136, -87.76294223837895 41.918868912187136)"
89266452587ffff,"H3:89266452587ffff (suc=7, lamba_ariza=13)",31.36,"LINESTRING (-87.73971137157139 41.80479372845, -87.73971137157139 41.80479372845)"
892664caed7ffff,"H3:892664caed7ffff (suc=39, lamba_ariza=34)",88.5,"LINESTRING (-87.70697568689471 41.91079368868538, -87.70697568689471 41.91079368868538)"
892664d9d1bffff,"H3:892664d9d1bffff (suc=0, lamba_ariza=2)",1.27,"LINESTRING (-87.72556111294686 41.998327298905686, -87.72556111294686 41.998327298905686)"
892664cca77ffff,"H3:892664cca77ffff (suc=6, lamba_ariza=20)",36.56,"LINESTRING (-87.61796120932124 41.71913454039282, -87.61796120932124 41.71913454039282)"
892664cf60bffff,"H3:892664cf60bffff (suc=9, lamba_ariza=40)",50.94,"LINESTRING (-87.67740063131102 41.84957697655387, -87.67740063131102 41.84957697655387)"
892664195c7ffff,"H3:892664195c7ffff (suc=0, lamba_ariza=1)",0.04,"LINESTRING (-87.52533536307043 41.686428952889415, -87.52533536307043 41.686428952889415)"
892664d9d33ffff,"H3:892664d9d33ffff (suc=2, lamba_ariza=15)",21.71,"LINESTRING (-87.71656333334899 41.99145311507064, -87.71656333334899 41.99145311507064)"
892664cd603ffff,"H3:892664cd603ffff (suc=11, lamba_ariza=16)",44.41,"LINESTRING (-87.7198753983096 41.80501600806216, -87.7198753983096 41.80501600806216)"
892664c89cbffff,"H3:892664c89cbffff (suc=0, lamba_ariza=8)",6.8,"LINESTRING (-87.72025778090703 41.832277860896326, -87.72025778090703 41.832277860896326)"
892664cb327ffff,"H3:892664cb327ffff (suc=5, lamba_ariza=34)",37.9,"LINESTRING (-87.79970858518175 41.91611260863758, -87.79970858518175 41.91611260863758)"
892664cacbbffff,"H3:892664cacbbffff (suc=47, lamba_ariza=26)",88.67,"LINESTRING (-87.66843964589837 41.908312088416224, -87.66843964589837 41.908312088416224)"
8926645622fffff,"H3:8926645622fffff (suc=2, lamba_ariza=0)",6.38,"LINESTRING (-87.65862996342086 41.669475150624606, -87.65862996342086 41.669475150624606)"
892664ceb53ffff,"H3:892664ceb53ffff (suc=66, lamba_ariza=17)",86.27,"LINESTRING (-87.55809964894523 41.75798381902569, -87.55809964894523 41.75798381902569)"
892664c104bffff,"H3:892664c104bffff (suc=20, lamba_ariza=34)",70.71,"LINESTRING (-87.65435576065646 41.93227915091091, -87.65435576065646 41.93227915091091)"
892664cc863ffff,"H3:892664cc863ffff (suc=6, lamba_ariza=3)",21.14,"LINESTRING (-87.59271617303082 41.722864814635415, -87.59271617303082 41.722864814635415)"
892664cde03ffff,"H3:892664cde03ffff (suc=0, lamba_ariza=3)",2.37,"LINESTRING (-87.68667356052639 41.75261204506564, -87.68667356052639 41.75261204506564)"
892664d8b0bffff,"H3:892664d8b0bffff (suc=9, lamba_ariza=19)",42.34,"LINESTRING (-87.68482480662767 41.963325896870494, -87.68482480662767 41.963325896870494)"
89266419407ffff,"H3:89266419407ffff (suc=5, lamba_ariza=26)",35.51,"LINESTRING (-87.54142858040393 41.69496831491674, -87.54142858040393 41.69496831491674)"
892664cae8fffff,"H3:892664cae8fffff (suc=14, lamba_ariza=4)",41.11,"LINESTRING (-87.70098982179236 41.90621400129201, -87.70098982179236 41.90621400129201)"
892664cc6abffff,"H3:892664cc6abffff (suc=63, lamba_ariza=12)",81.91,"LINESTRING (-87.6328013407198 41.79609038265083, -87.6328013407198 41.79609038265083)"
892664cac9bffff,"H3:892664cac9bffff (suc=14, lamba_ariza=17)",51.88,"LINESTRING (-87.673191573998 41.91581122283621, -87.673191573998 41.91581122283621)"
892664cac23ffff,"H3:892664cac23ffff (suc=25, lamba_ariza=17)",69.15,"LINESTRING (-87.67213389975309 41.89956088405421, -87.67213389975309 41.89956088405421)"
892664cb0cfffff,"H3:892664cb0cfffff (suc=5, lamba_ariza=12)",25.02,"LINESTRING (-87.80491439689928 41.95090319190964, -87.80491439689928 41.95090319190964)"
892664d88bbffff,"H3:892664d88bbffff (suc=13, lamba_ariza=19)",51.63,"LINESTRING (-87.66350650910054 41.9856457418933, -87.66350650910054 41.9856457418933)"
8926641b3cbffff,"H3:8926641b3cbffff (suc=0, lamba_ariza=2)",1.14,"LINESTRING (-87.52386569271418 41.708459683715084, -87.52386569271418 41.708459683715084)"
892664c1343ffff,"H3:892664c1343ffff (suc=4, lamba_ariza=2)",15.81,"LINESTRING (-87.65876084430117 41.912481754590864, -87.65876084430117 41.912481754590864)"
892664cde4bffff,"H3:892664cde4bffff (suc=6, lamba_ariza=17)",32.28,"LINESTRING (-87.70228083955043 41.7530225505299, -87.70228083955043 41.7530225505299)"
892664cd08bffff,"H3:892664cd08bffff (suc=11, lamba_ariza=27)",51.12,"LINESTRING (-87.69652051248922 41.794833094933146, -87.69652051248922 41.794833094933146)"
892664cd5dbffff,"H3:892664cd5dbffff (suc=19, lamba_ariza=37)",71.17,"LINESTRING (-87.6772148236977 41.80316227165259, -87.6772148236977 41.80316227165259)"
892664ccb83ffff,"H3:892664ccb83ffff (suc=1, lamba_ariza=0)",1.8,"LINESTRING (-87.58799611265539 41.71537790562843, -87.58799611265539 41.71537790562843)"
892664d8cd3ffff,"H3:892664d8cd3ffff (suc=36, lamba_ariza=26)",84.65,"LINESTRING (-87.66685520994086 42.01526210141768, -87.66685520994086 42.01526210141768)"
892664cac33ffff,"H3:892664cac33ffff (suc=53, lamba_ariza=16)",84.22,"LINESTRING (-87.6709026410913 41.90247785452663, -87.6709026410913 41.90247785452663)"
89275936d73ffff,"H3:89275936d73ffff (suc=3, lamba_ariza=16)",24.52,"LINESTRING (-87.8082325398403 41.9996814622327, -87.8082325398403 41.9996814622327)"
892664d89dbffff,"H3:892664d89dbffff (suc=30, lamba_ariza=16)",73.67,"LINESTRING (-87.65874884974455 41.97814026803377, -87.65874884974455 41.97814026803377)"
892664cc857ffff,"H3:892664cc857ffff (suc=2, lamba_ariza=9)",15.48,"LINESTRING (-87.59322908319524 41.730973599295446, -87.59322908319524 41.730973599295446)"
892664ca24bffff,"H3:892664ca24bffff (suc=21, lamba_ariza=14)",63.22,"LINESTRING (-87.76403208212258 41.9351203039365, -87.76403208212258 41.9351203039365)"
8926645646bffff,"H3:8926645646bffff (suc=8, lamba_ariza=3)",25.49,"LINESTRING (-87.63497666025393 41.69752274532376, -87.63497666025393 41.69752274532376)"
892664cd58bffff,"H3:892664cd58bffff (suc=33, lamba_ariza=18)",78.2,"LINESTRING (-87.66703231557872 41.79921097837233, -87.66703231557872 41.79921097837233)"
892664c8477ffff,"H3:892664c8477ffff (suc=52, lamba_ariza=13)",81.46,"LINESTRING (-87.75940220179191 41.90845615215359, -87.75940220179191 41.90845615215359)"
892664cc273ffff,"H3:892664cc273ffff (suc=18, lamba_ariza=18)",60.42,"LINESTRING (-87.65404877461157 41.773831015784936, -87.65404877461157 41.773831015784936)"
892664c80afffff,"H3:892664c80afffff (suc=33, lamba_ariza=13)",73.39,"LINESTRING (-87.75532057526809 41.88992186736443, -87.75532057526809 41.88992186736443)"
892664ca653ffff,"H3:892664ca653ffff (suc=7, lamba_ariza=21)",40.02,"LINESTRING (-87.74999301286103 41.959104347717314, -87.74999301286103 41.959104347717314)"
892664cc293ffff,"H3:892664cc293ffff (suc=11, lamba_ariza=16)",44.64,"LINESTRING (-87.64070641894314 41.786728496609506, -87.64070641894314 41.786728496609506)"
89266456573ffff,"H3:89266456573ffff (suc=6, lamba_ariza=14)",30.26,"LINESTRING (-87.6087151179202 41.685044502841464, -87.6087151179202 41.685044502841464)"
892664cad6fffff,"H3:892664cad6fffff (suc=28, lamba_ariza=13)",69.8,"LINESTRING (-87.66386651930246 41.881649368290844, -87.66386651930246 41.881649368290844)"
892664cd363ffff,"H3:892664cd363ffff (suc=16, lamba_ariza=14)",53.52,"LINESTRING (-87.71421425936914 41.76216706223342, -87.71421425936914 41.76216706223342)"
892664cd957ffff,"H3:892664cd957ffff (suc=19, lamba_ariza=27)",68.44,"LINESTRING (-87.6521355327596 41.7222599547519, -87.6521355327596 41.7222599547519)"
892664193cfffff,"H3:892664193cfffff (suc=0, lamba_ariza=2)",1.16,"LINESTRING (-87.56760646696654 41.66112253895793, -87.56760646696654 41.66112253895793)"
892664cf583ffff,"H3:892664cf583ffff (suc=15, lamba_ariza=9)",48.42,"LINESTRING (-87.61606959614936 41.84499957954885, -87.61606959614936 41.84499957954885)"
892664c8c33ffff,"H3:892664c8c33ffff (suc=33, lamba_ariza=38)",86.14,"LINESTRING (-87.7176502878501 41.85726041224861, -87.7176502878501 41.85726041224861)"
892664cac57ffff,"H3:892664cac57ffff (suc=26, lamba_ariza=2)",57.16,"LINESTRING (-87.68410013564929 41.90872282412769, -87.68410013564929 41.90872282412769)"
892664cc3afffff,"H3:892664cc3afffff (suc=37, lamba_ariza=36)",88.0,"LINESTRING (-87.61756965784265 41.75739393516283, -87.61756965784265 41.75739393516283)"
892664c891bffff,"H3:892664c891bffff (suc=0, lamba_ariza=1)",0.12,"LINESTRING (-87.71428096151985 41.827702669495125, -87.71428096151985 41.827702669495125)"
892664ce213ffff,"H3:892664ce213ffff (suc=8, lamba_ariza=14)",34.87,"LINESTRING (-87.60063201726152 41.825426242317185, -87.60063201726152 41.825426242317185)"
892664ca033ffff,"H3:892664ca033ffff (suc=19, lamba_ariza=22)",65.94,"LINESTRING (-87.71280561432046 41.93454387894522, -87.71280561432046 41.93454387894522)"
892664c8067ffff,"H3:892664c8067ffff (suc=25, lamba_ariza=23)",73.82,"LINESTRING (-87.76920222388034 41.885116403781836, -87.76920222388034 41.885116403781836)"
892664cd563ffff,"H3:892664cd563ffff (suc=4, lamba_ariza=13)",23.46,"LINESTRING (-87.67615832257458 41.78693387905888, -87.67615832257458 41.78693387905888)"
892664cc553ffff,"H3:892664cc553ffff (suc=5, lamba_ariza=3)",19.01,"LINESTRING (-87.59980522225362 41.790047023883425, -87.59980522225362 41.790047023883425)"
892664ca503ffff,"H3:892664ca503ffff (suc=9, lamba_ariza=7)",32.01,"LINESTRING (-87.68921945257276 41.94352056519306, -87.68921945257276 41.94352056519306)"
892664cae97ffff,"H3:892664cae97ffff (suc=56, lamba_ariza=36)",93.75,"LINESTRING (-87.69553781685482 41.90975883215826, -87.69553781685482 41.90975883215826)"
892664cdad3ffff,"H3:892664cdad3ffff (suc=6, lamba_ariza=31)",40.3,"LINESTRING (-87.69876657997962 41.742627179981525, -87.69876657997962 41.742627179981525)"
8926641b37bffff,"H3:8926641b37bffff (suc=3, lamba_ariza=21)",27.19,"LINESTRING (-87.52460070342991 41.697443575968634, -87.52460070342991 41.697443575968634)"
892664cad87ffff,"H3:892664cad87ffff (suc=5, lamba_ariza=16)",28.93,"LINESTRING (-87.6462737344285 41.89519180510767, -87.6462737344285 41.89519180510767)"
892664cc867ffff,"H3:892664cc867ffff (suc=3, lamba_ariza=0)",10.7,"LINESTRING (-87.58974005173552 41.720576191953285, -87.58974005173552 41.720576191953285)"
892664ca10fffff,"H3:892664ca10fffff (suc=22, lamba_ariza=50)",75.94,"LINESTRING (-87.69906410975707 41.920174533371714, -87.69906410975707 41.920174533371714)"
892664ca86fffff,"H3:892664ca86fffff (suc=20, lamba_ariza=46)",72.44,"LINESTRING (-87.69340788896017 41.87726491556232, -87.69340788896017 41.87726491556232)"
892664c8ca3ffff,"H3:892664c8ca3ffff (suc=115, lamba_ariza=26)",94.35,"LINESTRING (-87.71220556057132 41.86080354575397, -87.71220556057132 41.86080354575397)"
892664cc4d7ffff,"H3:892664cc4d7ffff (suc=26, lamba_ariza=18)",71.01,"LINESTRING (-87.61101525162167 41.81023595222883, -87.61101525162167 41.81023595222883)"
89266452d03ffff,"H3:89266452d03ffff (suc=7, lamba_ariza=21)",38.22,"LINESTRING (-87.71612876473787 41.74823342039619, -87.71612876473787 41.74823342039619)"
892664cd02bffff,"H3:892664cd02bffff (suc=23, lamba_ariza=12)",62.62,"LINESTRING (-87.69844178822228 41.78089386837182, -87.69844178822228 41.78089386837182)"
892664c8c97ffff,"H3:892664c8c97ffff (suc=8, lamba_ariza=7)",29.49,"LINESTRING (-87.7127408523667 41.86892398808716, -87.7127408523667 41.86892398808716)"
892664cab87ffff,"H3:892664cab87ffff (suc=45, lamba_ariza=40)",91.71,"LINESTRING (-87.68443773252444 41.87039655340102, -87.68443773252444 41.87039655340102)"
892664cf31bffff,"H3:892664cf31bffff (suc=8, lamba_ariza=7)",29.93,"LINESTRING (-87.66387123108909 41.81606710851065, -87.66387123108909 41.81606710851065)"
892664562c7ffff,"H3:892664562c7ffff (suc=14, lamba_ariza=30)",59.36,"LINESTRING (-87.66388061468325 41.685057900436405, -87.66388061468325 41.685057900436405)"
892664ccd6bffff,"H3:892664ccd6bffff (suc=25, lamba_ariza=35)",78.48,"LINESTRING (-87.56746549897126 41.726589962268434, -87.56746549897126 41.726589962268434)"
892664c8383ffff,"H3:892664c8383ffff (suc=33, lamba_ariza=26)",82.68,"LINESTRING (-87.76743262541638 41.87991205466374, -87.76743262541638 41.87991205466374)"
892664cf347ffff,"H3:892664cf347ffff (suc=64, lamba_ariza=211)",96.85,"LINESTRING (-87.66931504450469 41.81252825197294, -87.66931504450469 41.81252825197294)"
892664ca2cbffff,"H3:892664ca2cbffff (suc=18, lamba_ariza=30)",67.48,"LINESTRING (-87.75735578799134 41.941588266392536, -87.75735578799134 41.941588266392536)"
892664cb1c7ffff,"H3:892664cb1c7ffff (suc=9, lamba_ariza=18)",41.54,"LINESTRING (-87.77969878176634 41.9355176084331, -87.77969878176634 41.9355176084331)"
892664c84a3ffff,"H3:892664c84a3ffff (suc=17, lamba_ariza=7)",49.72,"LINESTRING (-87.7455121762194 41.9132622416327, -87.7455121762194 41.9132622416327)"
892664d8b77ffff,"H3:892664d8b77ffff (suc=11, lamba_ariza=9)",37.8,"LINESTRING (-87.68306136167016 41.958115005898215, -87.68306136167016 41.958115005898215)"
892664c8337ffff,"H3:892664c8337ffff (suc=16, lamba_ariza=3)",43.34,"LINESTRING (-87.76511882830417 41.86658776076216, -87.76511882830417 41.86658776076216)"
892664cdcbbffff,"H3:892664cdcbbffff (suc=17, lamba_ariza=26)",64.17,"LINESTRING (-87.64879122970886 41.75823145790366, -87.64879122970886 41.75823145790366)"
892664ca677ffff,"H3:892664ca677ffff (suc=2, lamba_ariza=11)",14.93,"LINESTRING (-87.74222772548171 41.949315779994855, -87.74222772548171 41.949315779994855)"
892664c1243ffff,"H3:892664c1243ffff (suc=9, lamba_ariza=11)",36.39,"LINESTRING (-87.67970655092014 41.928519657148904, -87.67970655092014 41.928519657148904)"
892664c1297ffff,"H3:892664c1297ffff (suc=15, lamba_ariza=8)",46.95,"LINESTRING (-87.65734827678837 41.93457097166419, -87.65734827678837 41.93457097166419)"
892664cdb33ffff,"H3:892664cdb33ffff (suc=3, lamba_ariza=12)",19.28,"LINESTRING (-87.66843433696388 41.71165862776162, -87.66843433696388 41.71165862776162)"
892664cabbbffff,"H3:892664cabbbffff (suc=56, lamba_ariza=31)",92.4,"LINESTRING (-87.68566724107086 41.867480658057914, -87.68566724107086 41.867480658057914)"
892664cd09bffff,"H3:892664cd09bffff (suc=13, lamba_ariza=19)",51.57,"LINESTRING (-87.69529365209078 41.79774640926324, -87.69529365209078 41.79774640926324)"
892664ca497ffff,"H3:892664ca497ffff (suc=9, lamba_ariza=26)",46.52,"LINESTRING (-87.69927238582514 41.96665310710207, -87.69927238582514 41.96665310710207)"
892664ca123ffff,"H3:892664ca123ffff (suc=17, lamba_ariza=4)",46.11,"LINESTRING (-87.6930776960652 41.91559394532593, -87.6930776960652 41.91559394532593)"
8926645228fffff,"H3:8926645228fffff (suc=1, lamba_ariza=1)",1.33,"LINESTRING (-87.80287224674042 41.79536396804671, -87.80287224674042 41.79536396804671)"
892664cce2fffff,"H3:892664cce2fffff (suc=34, lamba_ariza=18)",78.19,"LINESTRING (-87.60339212799818 41.734929365416626, -87.60339212799818 41.734929365416626)"
892664191dbffff,"H3:892664191dbffff (suc=9, lamba_ariza=7)",32.38,"LINESTRING (-87.53991859033718 41.67065261415459, -87.53991859033718 41.67065261415459)"
892664564abffff,"H3:892664564abffff (suc=20, lamba_ariza=28)",69.64,"LINESTRING (-87.61692722909547 41.70292077697255, -87.61692722909547 41.70292077697255)"
892664cf55bffff,"H3:892664cf55bffff (suc=21, lamba_ariza=27)",70.32,"LINESTRING (-87.63716035997952 41.841879436406906, -87.63716035997952 41.841879436406906)"
8926645744bffff,"H3:8926645744bffff (suc=0, lamba_ariza=5)",4.29,"LINESTRING (-87.7194194611061 41.71226737681873, -87.7194194611061 41.71226737681873)"
892664c100bffff,"H3:892664c100bffff (suc=39, lamba_ariza=43)",89.83,"LINESTRING (-87.6429122626527 41.93123904044548, -87.6429122626527 41.93123904044548)"
892664c85abffff,"H3:892664c85abffff (suc=31, lamba_ariza=18)",76.42,"LINESTRING (-87.72877460203307 41.89661184388093, -87.72877460203307 41.89661184388093)"
89266457083ffff,"H3:89266457083ffff (suc=2, lamba_ariza=12)",17.74,"LINESTRING (-87.70574203903571 41.69793355809439, -87.70574203903571 41.69793355809439)"
892664c89b3ffff,"H3:892664c89b3ffff (suc=4, lamba_ariza=23)",33.16,"LINESTRING (-87.69864881221393 41.82729487458027, -87.69864881221393 41.82729487458027)"
892664cd15bffff,"H3:892664cd15bffff (suc=38, lamba_ariza=43)",89.65,"LINESTRING (-87.6924734419306 41.77631987381711, -87.6924734419306 41.77631987381711)"
892664ca12fffff,"H3:892664ca12fffff (suc=20, lamba_ariza=17)",63.91,"LINESTRING (-87.69430783604335 41.91267633990247, -87.69430783604335 41.91267633990247)"
892664cd283ffff,"H3:892664cd283ffff (suc=13, lamba_ariza=45)",60.7,"LINESTRING (-87.7217899443248 41.79107506235679, -87.7217899443248 41.79107506235679)"
8926641926fffff,"H3:8926641926fffff (suc=0, lamba_ariza=1)",0.84,"LINESTRING (-87.59036117725623 41.663217520792514, -87.59036117725623 41.663217520792514)"
892664cc097ffff,"H3:892664cc097ffff (suc=8, lamba_ariza=9)",30.33,"LINESTRING (-87.60823275432625 41.78880195556367, -87.60823275432625 41.78880195556367)"
892664ce267ffff,"H3:892664ce267ffff (suc=64, lamba_ariza=20)",88.98,"LINESTRING (-87.60556646323508 41.8137721963612, -87.60556646323508 41.8137721963612)"
89266456683ffff,"H3:89266456683ffff (suc=13, lamba_ariza=40)",59.8,"LINESTRING (-87.64688446382176 41.70666965895297, -87.64688446382176 41.70666965895297)"
89266456c1bffff,"H3:89266456c1bffff (suc=1, lamba_ariza=8)",11.61,"LINESTRING (-87.59405132692604 41.654494913464895, -87.59405132692604 41.654494913464895)"
892664ca9cbffff,"H3:892664ca9cbffff (suc=14, lamba_ariza=8)",45.57,"LINESTRING (-87.67353828040325 41.877481208999924, -87.67353828040325 41.877481208999924)"
892664cc4a3ffff,"H3:892664cc4a3ffff (suc=23, lamba_ariza=25)",72.04,"LINESTRING (-87.59908681061127 41.80107499923639, -87.59908681061127 41.80107499923639)"
892664cab4bffff,"H3:892664cab4bffff (suc=50, lamba_ariza=21)",87.03,"LINESTRING (-87.7097502514137 41.866635320256194, -87.7097502514137 41.866635320256194)"
892664c8c47ffff,"H3:892664c8c47ffff (suc=30, lamba_ariza=7)",65.59,"LINESTRING (-87.73206590790454 41.86058105543697, -87.73206590790454 41.86058105543697)"
892664cc0d3ffff,"H3:892664cc0d3ffff (suc=68, lamba_ariza=13)",83.64,"LINESTRING (-87.62262306971849 41.792135199385086, -87.62262306971849 41.792135199385086)"
892664cf423ffff,"H3:892664cf423ffff (suc=7, lamba_ariza=23)",39.68,"LINESTRING (-87.63891440212235 41.8470843241187, -87.63891440212235 41.8470843241187)"
892664d9b67ffff,"H3:892664d9b67ffff (suc=10, lamba_ariza=4)",32.57,"LINESTRING (-87.7644416249004 41.962423026817426, -87.7644416249004 41.962423026817426)"
892664cb573ffff,"H3:892664cb573ffff (suc=5, lamba_ariza=20)",33.46,"LINESTRING (-87.77479747138679 41.947194346500666, -87.77479747138679 41.947194346500666)"
892664cc997ffff,"H3:892664cc997ffff (suc=12, lamba_ariza=88)",59.54,"LINESTRING (-87.55433184711042 41.72034152145549, -87.55433184711042 41.72034152145549)"
892664cc46bffff,"H3:892664cc46bffff (suc=55, lamba_ariza=15)",83.28,"LINESTRING (-87.62139140037515 41.795047893428695, -87.62139140037515 41.795047893428695)"
892664cc593ffff,"H3:892664cc593ffff (suc=155, lamba_ariza=7)",80.53,"LINESTRING (-87.58171397332264 41.79544787263223, -87.58171397332264 41.79544787263223)"
892664cf1cbffff,"H3:892664cf1cbffff (suc=14, lamba_ariza=33)",59.39,"LINESTRING (-87.64033316129309 41.82501814626045, -87.64033316129309 41.82501814626045)"
892664c1263ffff,"H3:892664c1263ffff (suc=32, lamba_ariza=16)",75.59,"LINESTRING (-87.67495233354711 41.921019785718656, -87.67495233354711 41.921019785718656)"
892664cc1c3ffff,"H3:892664cc1c3ffff (suc=34, lamba_ariza=26)",83.05,"LINESTRING (-87.60298837085779 41.77319670916694, -87.60298837085779 41.77319670916694)"
892664cdc33ffff,"H3:892664cdc33ffff (suc=33, lamba_ariza=19)",78.36,"LINESTRING (-87.65124883409167 41.75240847911907, -87.65124883409167 41.75240847911907)"
892664cac0bffff,"H3:892664cac0bffff (suc=38, lamba_ariza=32)",87.53,"LINESTRING (-87.68110816479056 41.90643238674447, -87.68110816479056 41.90643238674447)"
8926645664fffff,"H3:8926645664fffff (suc=7, lamba_ariza=5)",26.44,"LINESTRING (-87.66615682788614 41.69835725230694, -87.66615682788614 41.69835725230694)"
892664d9a57ffff,"H3:892664d9a57ffff (suc=1, lamba_ariza=16)",14.48,"LINESTRING (-87.7889922831504 41.98886788522295, -87.7889922831504 41.98886788522295)"
892664ca3c7ffff,"H3:892664ca3c7ffff (suc=18, lamba_ariza=12)",55.49,"LINESTRING (-87.72916299600143 41.92390332678821, -87.72916299600143 41.92390332678821)"
892664c160fffff,"H3:892664c160fffff (suc=29, lamba_ariza=20)",76.39,"LINESTRING (-87.66086817870696 41.944991316599896, -87.66086817870696 41.944991316599896)"
892664c8597ffff,"H3:892664c8597ffff (suc=51, lamba_ariza=49)",94.31,"LINESTRING (-87.72509183518456 41.9053639240644, -87.72509183518456 41.9053639240644)"
892664ca34bffff,"H3:892664ca34bffff (suc=15, lamba_ariza=40)",62.95,"LINESTRING (-87.74305848936315 41.91909831366496, -87.74305848936315 41.91909831366496)"
892664caa1bffff,"H3:892664caa1bffff (suc=15, lamba_ariza=12)",50.05,"LINESTRING (-87.71803179107194 41.88453945248398, -87.71803179107194 41.88453945248398)"
89266452397ffff,"H3:89266452397ffff (suc=9, lamba_ariza=15)",38.67,"LINESTRING (-87.77652081667921 41.78291506803478, -87.77652081667921 41.78291506803478)"
892664cf18fffff,"H3:892664cf18fffff (suc=15, lamba_ariza=45)",64.67,"LINESTRING (-87.6259319589627 41.821686449555465, -87.6259319589627 41.821686449555465)"
89266456c47ffff,"H3:89266456c47ffff (suc=0, lamba_ariza=6)",5.05,"LINESTRING (-87.59948242266357 41.65096703245368, -87.59948242266357 41.65096703245368)"
892664c8d4fffff,"H3:892664c8d4fffff (suc=34, lamba_ariza=20)",79.79,"LINESTRING (-87.71535168932141 41.84393785639032, -87.71535168932141 41.84393785639032)"
892664c12cfffff,"H3:892664c12cfffff (suc=7, lamba_ariza=7)",26.18,"LINESTRING (-87.67424999015701 41.93206467100121, -87.67424999015701 41.93206467100121)"
892664c16bbffff,"H3:892664c16bbffff (suc=37, lamba_ariza=12)",75.14,"LINESTRING (-87.65118082018185 41.94916265312908, -87.65118082018185 41.94916265312908)"
892664ccc13ffff,"H3:892664ccc13ffff (suc=28, lamba_ariza=13)",69.16,"LINESTRING (-87.57618005492276 41.752589788891996, -87.57618005492276 41.752589788891996)"
892664d9ac3ffff,"H3:892664d9ac3ffff (suc=10, lamba_ariza=21)",45.87,"LINESTRING (-87.78654034462244 41.99471007285319, -87.78654034462244 41.99471007285319)"
892664cf0a7ffff,"H3:892664cf0a7ffff (suc=8, lamba_ariza=8)",29.44,"LINESTRING (-87.63787025137293 41.83084629000634, -87.63787025137293 41.83084629000634)"
892664ceb2bffff,"H3:892664ceb2bffff (suc=21, lamba_ariza=34)",72.91,"LINESTRING (-87.54742900244123 41.74591134611299, -87.54742900244123 41.74591134611299)"
892664cacd7ffff,"H3:892664cacd7ffff (suc=30, lamba_ariza=15)",72.7,"LINESTRING (-87.67741514396407 41.915184533244826, -87.67741514396407 41.915184533244826)"
892664ce367ffff,"H3:892664ce367ffff (suc=32, lamba_ariza=17)",76.52,"LINESTRING (-87.58469457716838 41.79773852047255, -87.58469457716838 41.79773852047255)"
892664cb13bffff,"H3:892664cb13bffff (suc=22, lamba_ariza=12)",62.28,"LINESTRING (-87.77615383738969 41.92510357908939, -87.77615383738969 41.92510357908939)"
892664562c3ffff,"H3:892664562c3ffff (suc=5, lamba_ariza=42)",38.66,"LINESTRING (-87.66685757002908 41.68734354714084, -87.66685757002908 41.68734354714084)"
892664cf433ffff,"H3:892664cf433ffff (suc=19, lamba_ariza=108)",71.47,"LINESTRING (-87.63768234479898 41.84999914366863, -87.63768234479898 41.84999914366863)"
892664cb317ffff,"H3:892664cb317ffff (suc=13, lamba_ariza=43)",58.79,"LINESTRING (-87.80325794284988 41.92652452564516, -87.80325794284988 41.92652452564516)"
892664cc68fffff,"H3:892664cc68fffff (suc=5, lamba_ariza=10)",25.5,"LINESTRING (-87.6345531744755 41.80129259670747, -87.6345531744755 41.80129259670747)"
89275934d93ffff,"H3:89275934d93ffff (suc=1, lamba_ariza=3)",6.65,"LINESTRING (-87.84159627266351 41.967306318731424, -87.84159627266351 41.967306318731424)"
89266457537ffff,"H3:89266457537ffff (suc=1, lamba_ariza=7)",8.3,"LINESTRING (-87.67403783531755 41.6890054783506, -87.67403783531755 41.6890054783506)"
892664cc127ffff,"H3:892664cc127ffff (suc=29, lamba_ariza=26)",79.35,"LINESTRING (-87.590557931883 41.75592634720138, -87.590557931883 41.75592634720138)"
8926645656fffff,"H3:8926645656fffff (suc=0, lamba_ariza=2)",1.84,"LINESTRING (-87.61117411836825 41.6792274669222, -87.61117411836825 41.6792274669222)"
892664cb1d7ffff,"H3:892664cb1d7ffff (suc=10, lamba_ariza=31)",51.17,"LINESTRING (-87.77847369222526 41.93843664624359, -87.77847369222526 41.93843664624359)"
892664c1b6fffff,"H3:892664c1b6fffff (suc=20, lamba_ariza=11)",57.56,"LINESTRING (-87.62204037375629 41.84958124055344, -87.62204037375629 41.84958124055344)"
892664cb553ffff,"H3:892664cb553ffff (suc=15, lamba_ariza=20)",57.78,"LINESTRING (-87.77956942579016 41.95469135364117, -87.77956942579016 41.95469135364117)"
892664d9857ffff,"H3:892664d9857ffff (suc=1, lamba_ariza=2)",5.98,"LINESTRING (-87.75939555234548 41.993286305158435, -87.75939555234548 41.993286305158435)"
8926645608fffff,"H3:8926645608fffff (suc=14, lamba_ariza=14)",50.03,"LINESTRING (-87.62727725260979 41.68775334602547, -87.62727725260979 41.68775334602547)"
892664c8437ffff,"H3:892664c8437ffff (suc=14, lamba_ariza=8)",43.72,"LINESTRING (-87.74796522800055 41.90742656087204, -87.74796522800055 41.90742656087204)"
892664cea23ffff,"H3:892664cea23ffff (suc=46, lamba_ariza=22)",86.43,"LINESTRING (-87.56405430968012 41.7625646416388, -87.56405430968012 41.7625646416388)"
8926645602fffff,"H3:8926645602fffff (suc=13, lamba_ariza=46)",60.87,"LINESTRING (-87.62921524078357 41.67383237570267, -87.62921524078357 41.67383237570267)"
892664d9b9bffff,"H3:892664d9b9bffff (suc=5, lamba_ariza=11)",24.87,"LINESTRING (-87.75707834490603 41.97994395731754, -87.75707834490603 41.97994395731754)"
892664cd997ffff,"H3:892664cd997ffff (suc=10, lamba_ariza=23)",48.1,"LINESTRING (-87.63407921795863 41.72766272648721, -87.63407921795863 41.72766272648721)"
8926645606bffff,"H3:8926645606bffff (suc=30, lamba_ariza=28)",80.59,"LINESTRING (-87.64357060380328 41.677160331112105, -87.64357060380328 41.677160331112105)"
89266452057ffff,"H3:89266452057ffff (suc=5, lamba_ariza=24)",36.17,"LINESTRING (-87.7860328426363 41.79788170265108, -87.7860328426363 41.79788170265108)"
892664cf40bffff,"H3:892664cf40bffff (suc=25, lamba_ariza=76)",80.36,"LINESTRING (-87.64787427607146 41.853954949220324, -87.64787427607146 41.853954949220324)"
892664d8977ffff,"H3:892664d8977ffff (suc=63, lamba_ariza=51)",96.31,"LINESTRING (-87.65346648013781 41.96250405211827, -87.65346648013781 41.96250405211827)"
89266419497ffff,"H3:89266419497ffff (suc=20, lamba_ariza=21)",65.89,"LINESTRING (-87.53351718508216 41.70431327283749, -87.53351718508216 41.70431327283749)"
892664cc6c3ffff,"H3:892664cc6c3ffff (suc=14, lamba_ariza=21)",55.48,"LINESTRING (-87.64473418232248 41.80524698968888, -87.64473418232248 41.80524698968888)"
892664cad4bffff,"H3:892664cad4bffff (suc=36, lamba_ariza=6)",69.29,"LINESTRING (-87.67160534060494 41.89143688122509, -87.67160534060494 41.89143688122509)"
892664c85d3ffff,"H3:892664c85d3ffff (suc=27, lamba_ariza=1)",57.81,"LINESTRING (-87.73952274343404 41.90868465807921, -87.73952274343404 41.90868465807921)"
892664cf083ffff,"H3:892664cf083ffff (suc=28, lamba_ariza=26)",78.27,"LINESTRING (-87.64559556084487 41.84063037719314, -87.64559556084487 41.84063037719314)"
8926645624bffff,"H3:8926645624bffff (suc=1, lamba_ariza=19)",19.75,"LINESTRING (-87.67771350404408 41.68027825598521, -87.67771350404408 41.68027825598521)"
892664d8b47ffff,"H3:892664d8b47ffff (suc=8, lamba_ariza=28)",43.87,"LINESTRING (-87.6890524455722 41.96269818527926, -87.6890524455722 41.96269818527926)"
892664d8bc7ffff,"H3:892664d8bc7ffff (suc=9, lamba_ariza=19)",43.76,"LINESTRING (-87.68236040907576 41.96916475967539, -87.68236040907576 41.96916475967539)"
89266452133ffff,"H3:89266452133ffff (suc=4, lamba_ariza=15)",26.93,"LINESTRING (-87.75194538830549 41.775659314475185, -87.75194538830549 41.775659314475185)"
892664cc557ffff,"H3:892664cc557ffff (suc=7, lamba_ariza=17)",36.5,"LINESTRING (-87.59682447646875 41.78775699324723, -87.59682447646875 41.78775699324723)"
892664cc277ffff,"H3:892664cc277ffff (suc=31, lamba_ariza=14)",72.83,"LINESTRING (-87.65106678821975 41.77154292865633, -87.65106678821975 41.77154292865633)"
892664c1a6bffff,"H3:892664c1a6bffff (suc=11, lamba_ariza=20)",48.92,"LINESTRING (-87.64593444756987 41.86790663716627, -87.64593444756987 41.86790663716627)"
892664d8c0fffff,"H3:892664d8c0fffff (suc=24, lamba_ariza=11)",62.61,"LINESTRING (-87.66456313872216 42.00191294238281, -87.66456313872216 42.00191294238281)"
892664c8d2bffff,"H3:892664c8d2bffff (suc=11, lamba_ariza=24)",49.62,"LINESTRING (-87.70216948864102 41.83770049814284, -87.70216948864102 41.83770049814284)"
892664d9e57ffff,"H3:892664d9e57ffff (suc=1, lamba_ariza=6)",6.53,"LINESTRING (-87.7804077151665 42.00931725009673, -87.7804077151665 42.00931725009673)"
892664ca2dbffff,"H3:892664ca2dbffff (suc=12, lamba_ariza=18)",49.92,"LINESTRING (-87.75612905615289 41.94450736900365, -87.75612905615289 41.94450736900365)"
89275936dd3ffff,"H3:89275936dd3ffff (suc=2, lamba_ariza=10)",15.23,"LINESTRING (-87.80633592637582 42.01365772736561, -87.80633592637582 42.01365772736561)"
892664cca07ffff,"H3:892664cca07ffff (suc=18, lamba_ariza=26)",65.66,"LINESTRING (-87.61252376693766 41.72266658546546, -87.61252376693766 41.72266658546546)"
892664cac47ffff,"H3:892664cac47ffff (suc=24, lamba_ariza=13)",65.77,"LINESTRING (-87.68533068703559 41.90580553261465, -87.68533068703559 41.90580553261465)"
892664c80dbffff,"H3:892664c80dbffff (suc=21, lamba_ariza=17)",64.55,"LINESTRING (-87.77328885548773 41.903648832370635, -87.77328885548773 41.903648832370635)"
892664ccea7ffff,"H3:892664ccea7ffff (suc=4, lamba_ariza=17)",28.86,"LINESTRING (-87.59251001048644 41.74199371104, -87.59251001048644 41.74199371104)"
892664cf1afffff,"H3:892664cf1afffff (suc=41, lamba_ariza=19)",83.17,"LINESTRING (-87.62119680641571 41.81419285208008, -87.62119680641571 41.81419285208008)"
892664cd32fffff,"H3:892664cd32fffff (suc=0, lamba_ariza=3)",2.27,"LINESTRING (-87.70403855029656 41.75822065127658, -87.70403855029656 41.75822065127658)"
892664190afffff,"H3:892664190afffff (suc=0, lamba_ariza=1)",0.4,"LINESTRING (-87.54288940474795 41.672941459517496, -87.54288940474795 41.672941459517496)"
89266452343ffff,"H3:89266452343ffff (suc=5, lamba_ariza=21)",32.3,"LINESTRING (-87.79878363924529 41.776856837579544, -87.79878363924529 41.776856837579544)"
892664cc48fffff,"H3:892664cc48fffff (suc=60, lamba_ariza=25)",91.03,"LINESTRING (-87.60505048400977 41.80565553727753, -87.60505048400977 41.80565553727753)"
892664d8b63ffff,"H3:892664d8b63ffff (suc=6, lamba_ariza=19)",35.41,"LINESTRING (-87.6872885658164 41.957487423915346, -87.6872885658164 41.957487423915346)"
892664525a3ffff,"H3:892664525a3ffff (suc=4, lamba_ariza=5)",17.55,"LINESTRING (-87.73794803332366 41.799593583649894, -87.73794803332366 41.799593583649894)"
89266456427ffff,"H3:89266456427ffff (suc=8, lamba_ariza=1)",25.44,"LINESTRING (-87.61641050960861 41.69481506998573, -87.61641050960861 41.69481506998573)"
892664c1217ffff,"H3:892664c1217ffff (suc=11, lamba_ariza=11)",41.34,"LINESTRING (-87.66403921523262 41.9281086074655, -87.66403921523262 41.9281086074655)"
892664c8903ffff,"H3:892664c8903ffff (suc=4, lamba_ariza=19)",28.58,"LINESTRING (-87.71129296224613 41.825415026579684, -87.71129296224613 41.825415026579684)"
892664cb297ffff,"H3:892664cb297ffff (suc=2, lamba_ariza=15)",18.57,"LINESTRING (-87.81758471981175 41.94900717551628, -87.81758471981175 41.94900717551628)"
892664cc503ffff,"H3:892664cc503ffff (suc=4, lamba_ariza=13)",23.54,"LINESTRING (-87.58963027767746 41.7860889805067, -87.58963027767746 41.7860889805067)"
892664cb12bffff,"H3:892664cb12bffff (suc=28, lamba_ariza=37)",81.78,"LINESTRING (-87.77737872693302 41.92218504352529, -87.77737872693302 41.92218504352529)"
892664cdd33ffff,"H3:892664cdd33ffff (suc=47, lamba_ariza=5)",72.37,"LINESTRING (-87.63039114826792 41.73639425364302, -87.63039114826792 41.73639425364302)"
892664cabd7ffff,"H3:892664cabd7ffff (suc=120, lamba_ariza=25)",94.09,"LINESTRING (-87.69463698677276 41.87434870616065, -87.69463698677276 41.87434870616065)"
892664cd077ffff,"H3:892664cd077ffff (suc=52, lamba_ariza=32)",92.2,"LINESTRING (-87.70142637098206 41.7831808190121, -87.70142637098206 41.7831808190121)"
892664c888bffff,"H3:892664c888bffff (suc=11, lamba_ariza=21)",48.48,"LINESTRING (-87.72976307074664 41.84725850388874, -87.72976307074664 41.84725850388874)"
892664cdeb7ffff,"H3:892664cdeb7ffff (suc=24, lamba_ariza=21)",71.08,"LINESTRING (-87.67106595434984 41.75219941359565, -87.67106595434984 41.75219941359565)"
89266456363ffff,"H3:89266456363ffff (suc=0, lamba_ariza=5)",3.65,"LINESTRING (-87.64795617057844 41.65742523305167, -87.64795617057844 41.65742523305167)"
89266456243ffff,"H3:89266456243ffff (suc=7, lamba_ariza=5)",25.57,"LINESTRING (-87.67351134649064 41.680901960616396, -87.67351134649064 41.680901960616396)"
89266452883ffff,"H3:89266452883ffff (suc=3, lamba_ariza=15)",22.55,"LINESTRING (-87.7389246344047 41.750298427936684, -87.7389246344047 41.750298427936684)"
892664cf207ffff,"H3:892664cf207ffff (suc=13, lamba_ariza=19)",51.26,"LINESTRING (-87.67880096177399 41.827510712136686, -87.67880096177399 41.827510712136686)"
892664523b3ffff,"H3:892664523b3ffff (suc=12, lamba_ariza=8)",41.01,"LINESTRING (-87.77475433660993 41.77771704906234, -87.77475433660993 41.77771704906234)"
892664d89afffff,"H3:892664d89afffff (suc=30, lamba_ariza=4)",63.4,"LINESTRING (-87.640780576248 41.9643829132384, -87.640780576248 41.9643829132384)"
892664d897bffff,"H3:892664d897bffff (suc=25, lamba_ariza=14)",66.47,"LINESTRING (-87.66068937364251 41.96416990303027, -87.66068937364251 41.96416990303027)"
892664d99b7ffff,"H3:892664d99b7ffff (suc=17, lamba_ariza=30)",65.44,"LINESTRING (-87.71548875715897 41.975189454510094, -87.71548875715897 41.975189454510094)"
892664562cbffff,"H3:892664562cbffff (suc=7, lamba_ariza=13)",33.21,"LINESTRING (-87.67106047156335 41.686719997393126, -87.67106047156335 41.686719997393126)"
892664c13bbffff,"H3:892664c13bbffff (suc=9, lamba_ariza=22)",45.71,"LINESTRING (-87.63887421897569 41.912693035771625, -87.63887421897569 41.912693035771625)"
892664562d3ffff,"H3:892664562d3ffff (suc=17, lamba_ariza=11)",52.11,"LINESTRING (-87.66563160238746 41.69025270667865, -87.66563160238746 41.69025270667865)"
892664cb157ffff,"H3:892664cb157ffff (suc=17, lamba_ariza=24)",63.79,"LINESTRING (-87.78514622070001 41.931967901280586, -87.78514622070001 41.931967901280586)"
892664cc2d3ffff,"H3:892664cc2d3ffff (suc=13, lamba_ariza=14)",47.91,"LINESTRING (-87.6521141972693 41.78776906288014, -87.6521141972693 41.78776906288014)"
892664c10cbffff,"H3:892664c10cbffff (suc=19, lamba_ariza=25)",66.43,"LINESTRING (-87.64766270257326 41.93874138663151, -87.64766270257326 41.93874138663151)"
892664cb15bffff,"H3:892664cb15bffff (suc=9, lamba_ariza=23)",46.23,"LINESTRING (-87.79236671598498 41.93362489651622, -87.79236671598498 41.93362489651622)"
892664c1333ffff,"H3:892664c1333ffff (suc=52, lamba_ariza=13)",81.24,"LINESTRING (-87.64134136221386 41.906858901958856, -87.64134136221386 41.906858901958856)"
892664c162fffff,"H3:892664c162fffff (suc=25, lamba_ariza=4)",58.32,"LINESTRING (-87.65611510480194 41.9374891130249, -87.65611510480194 41.9374891130249)"
8926645609bffff,"H3:8926645609bffff (suc=31, lamba_ariza=22)",78.78,"LINESTRING (-87.62902439188167 41.69294910676752, -87.62902439188167 41.69294910676752)"
89266419ed3ffff,"H3:89266419ed3ffff (suc=17, lamba_ariza=57)",67.8,"LINESTRING (-87.5443488346556 41.65092054760325, -87.5443488346556 41.65092054760325)"
892664ccc17ffff,"H3:892664ccc17ffff (suc=20, lamba_ariza=31)",70.25,"LINESTRING (-87.5732027183403 41.75029997918191, -87.5732027183403 41.75029997918191)"
892664cdbb3ffff,"H3:892664cdbb3ffff (suc=9, lamba_ariza=8)",32.22,"LINESTRING (-87.66177534533057 41.718102617059664, -87.66177534533057 41.718102617059664)"
892664cf4a3ffff,"H3:892664cf4a3ffff (suc=61, lamba_ariza=29)",92.79,"LINESTRING (-87.63223126685261 41.85353849062349, -87.63223126685261 41.85353849062349)"
8926645625bffff,"H3:8926645625bffff (suc=1, lamba_ariza=14)",16.24,"LINESTRING (-87.67648843887774 41.68318723162772, -87.67648843887774 41.68318723162772)"
892664cb5a7ffff,"H3:892664cb5a7ffff (suc=9, lamba_ariza=17)",40.76,"LINESTRING (-87.75490216541412 41.94742656934446, -87.75490216541412 41.94742656934446)"
892664c1143ffff,"H3:892664c1143ffff (suc=1, lamba_ariza=10)",12.38,"LINESTRING (-87.62919112468788 41.9168606413095, -87.62919112468788 41.9168606413095)"
892664d8887ffff,"H3:892664d8887ffff (suc=21, lamba_ariza=30)",71.66,"LINESTRING (-87.66227238026427 41.98856578462336, -87.66227238026427 41.98856578462336)"
892664c1acfffff,"H3:892664c1acfffff (suc=51, lamba_ariza=8)",76.62,"LINESTRING (-87.64100489856723 41.87956974269807, -87.64100489856723 41.87956974269807)"
892664ce2c3ffff,"H3:892664ce2c3ffff (suc=24, lamba_ariza=8)",59.38,"LINESTRING (-87.60659896347276 41.83000785549011, -87.60659896347276 41.83000785549011)"
892664c1153ffff,"H3:892664c1153ffff (suc=0, lamba_ariza=7)",5.69,"LINESTRING (-87.62795656121403 41.9197779374311, -87.62795656121403 41.9197779374311)"
892664cb4b3ffff,"H3:892664cb4b3ffff (suc=9, lamba_ariza=15)",40.23,"LINESTRING (-87.77766584881715 41.96866003913439, -87.77766584881715 41.96866003913439)"
892664cca0bffff,"H3:892664cca0bffff (suc=2, lamba_ariza=16)",21.33,"LINESTRING (-87.6197085275102 41.72433240937717, -87.6197085275102 41.72433240937717)"
892664caa4bffff,"H3:892664caa4bffff (suc=103, lamba_ariza=5)",77.9,"LINESTRING (-87.73069021488433 41.88265532813831, -87.73069021488433 41.88265532813831)"
892664caa53ffff,"H3:892664caa53ffff (suc=25, lamba_ariza=17)",69.27,"LINESTRING (-87.72524367080047 41.88620027230619, -87.72524367080047 41.88620027230619)"
892664ccc73ffff,"H3:892664ccc73ffff (suc=15, lamba_ariza=14)",52.37,"LINESTRING (-87.58285734564109 41.74614709563884, -87.58285734564109 41.74614709563884)"
892664cf4d7ffff,"H3:892664cf4d7ffff (suc=16, lamba_ariza=16)",56.48,"LINESTRING (-87.64417885442612 41.862700644731916, -87.64417885442612 41.862700644731916)"
892664ca34fffff,"H3:892664ca34fffff (suc=9, lamba_ariza=19)",43.3,"LINESTRING (-87.74006336053736 41.91680932898974, -87.74006336053736 41.91680932898974)"
892664cb1b3ffff,"H3:892664cb1b3ffff (suc=18, lamba_ariza=26)",64.98,"LINESTRING (-87.76525804081183 41.932201487989424, -87.76525804081183 41.932201487989424)"
892664c83b3ffff,"H3:892664c83b3ffff (suc=37, lamba_ariza=14)",77.25,"LINESTRING (-87.7614456714384 41.87533731578189, -87.7614456714384 41.87533731578189)"
892664ce203ffff,"H3:892664ce203ffff (suc=63, lamba_ariza=12)",82.28,"LINESTRING (-87.6018658676275 41.8225125841712, -87.6018658676275 41.8225125841712)"
892664562abffff,"H3:892664562abffff (suc=22, lamba_ariza=7)",57.15,"LINESTRING (-87.65495138067962 41.67820077837795, -87.65495138067962 41.67820077837795)"
892664c8d0bffff,"H3:892664c8d0bffff (suc=71, lamba_ariza=43)",96.39,"LINESTRING (-87.7069192302853 41.84519199481562, -87.7069192302853 41.84519199481562)"
892664cd67bffff,"H3:892664cd67bffff (suc=9, lamba_ariza=9)",32.67,"LINESTRING (-87.72952474731999 41.800848204392246, -87.72952474731999 41.800848204392246)"
89266452cb3ffff,"H3:89266452cb3ffff (suc=9, lamba_ariza=9)",34.5,"LINESTRING (-87.72439144723579 41.76611266331327, -87.72439144723579 41.76611266331327)"
892664c8b67ffff,"H3:892664c8b67ffff (suc=4, lamba_ariza=18)",27.34,"LINESTRING (-87.74446337002709 41.812280556808595, -87.74446337002709 41.812280556808595)"
892664caa6fffff,"H3:892664caa6fffff (suc=71, lamba_ariza=27)",93.02,"LINESTRING (-87.7229414854037 41.872873446543004, -87.7229414854037 41.872873446543004)"
892664cdba3ffff,"H3:892664cdba3ffff (suc=3, lamba_ariza=8)",18.09,"LINESTRING (-87.66300230522805 41.71519246053933, -87.66300230522805 41.71519246053933)"
8926645701bffff,"H3:8926645701bffff (suc=1, lamba_ariza=16)",15.95,"LINESTRING (-87.71537068596423 41.693773537246855, -87.71537068596423 41.693773537246855)"
892664cb013ffff,"H3:892664cb013ffff (suc=12, lamba_ariza=8)",39.01,"LINESTRING (-87.79769097462487 41.94924682241725, -87.79769097462487 41.94924682241725)"
892664c8dd3ffff,"H3:892664c8dd3ffff (suc=38, lamba_ariza=22)",83.91,"LINESTRING (-87.70622572883585 41.856226533672405, -87.70622572883585 41.856226533672405)"
892664cdbc3ffff,"H3:892664cdbc3ffff (suc=0, lamba_ariza=13)",11.1,"LINESTRING (-87.67912544020504 41.723713547774565, -87.67912544020504 41.723713547774565)"
892664cc643ffff,"H3:892664cc643ffff (suc=10, lamba_ariza=15)",43.19,"LINESTRING (-87.65140838958115 41.79879634505548, -87.65140838958115 41.79879634505548)"
892664cdca7ffff,"H3:892664cdca7ffff (suc=27, lamba_ariza=28)",78.06,"LINESTRING (-87.64282998353754 41.753655698061046, -87.64282998353754 41.753655698061046)"
8926641b237ffff,"H3:8926641b237ffff (suc=2, lamba_ariza=1)",7.54,"LINESTRING (-87.52683825723962 41.71074989875719, -87.52683825723962 41.71074989875719)"
89266452817ffff,"H3:89266452817ffff (suc=2, lamba_ariza=6)",10.43,"LINESTRING (-87.74136992212017 41.74447476805747, -87.74136992212017 41.74447476805747)"
8926645718fffff,"H3:8926645718fffff (suc=0, lamba_ariza=19)",15.93,"LINESTRING (-87.68611734769596 41.679030421271115, -87.68611734769596 41.679030421271115)"
892664cd86bffff,"H3:892664cd86bffff (suc=0, lamba_ariza=14)",12.06,"LINESTRING (-87.67667303715291 41.72953481185071, -87.67667303715291 41.72953481185071)"
89275936dcbffff,"H3:89275936dcbffff (suc=1, lamba_ariza=14)",14.47,"LINESTRING (-87.81179018125252 42.01010303291942, -87.81179018125252 42.01010303291942)"
892664ca283ffff,"H3:892664ca283ffff (suc=3, lamba_ariza=11)",18.73,"LINESTRING (-87.74168634956658 41.94118800257467, -87.74168634956658 41.94118800257467)"
8926645654fffff,"H3:8926645654fffff (suc=23, lamba_ariza=12)",62.9,"LINESTRING (-87.61589397041332 41.686710146431665, -87.61589397041332 41.686710146431665)"
89266456673ffff,"H3:89266456673ffff (suc=5, lamba_ariza=19)",32.38,"LINESTRING (-87.65897525424549 41.69669470912167, -87.65897525424549 41.69669470912167)"
892664cddc7ffff,"H3:892664cddc7ffff (suc=4, lamba_ariza=10)",20.64,"LINESTRING (-87.63809925361204 41.746168697039856, -87.63809925361204 41.746168697039856)"
892664cccabffff,"H3:892664cccabffff (suc=17, lamba_ariza=46)",67.81,"LINESTRING (-87.57022565471677 41.74801013919831, -87.57022565471677 41.74801013919831)"
892664cab93ffff,"H3:892664cab93ffff (suc=30, lamba_ariza=57)",84.89,"LINESTRING (-87.68619797985419 41.87560213691856, -87.68619797985419 41.87560213691856)"
892664caa13ffff,"H3:892664caa13ffff (suc=41, lamba_ariza=15)",80.38,"LINESTRING (-87.71381199856465 41.8851672076346, -87.71381199856465 41.8851672076346)"
892664cd80bffff,"H3:892664cd80bffff (suc=14, lamba_ariza=12)",48.43,"LINESTRING (-87.67001275594463 41.7359807528226, -87.67001275594463 41.7359807528226)"
892664ce22fffff,"H3:892664ce22fffff (suc=36, lamba_ariza=17)",78.59,"LINESTRING (-87.59836805489581 41.81210445458732, -87.59836805489581 41.81210445458732)"
892664d8c5bffff,"H3:892664d8c5bffff (suc=12, lamba_ariza=17)",47.17,"LINESTRING (-87.67778844131695 42.008164484394946, -87.67778844131695 42.008164484394946)"
892664cae47ffff,"H3:892664cae47ffff (suc=31, lamba_ariza=16)",74.75,"LINESTRING (-87.7148838955622 41.90141353891209, -87.7148838955622 41.90141353891209)"
892664cb1d3ffff,"H3:892664cb1d3ffff (suc=14, lamba_ariza=28)",58.79,"LINESTRING (-87.7814718420288 41.94072503423749, -87.7814718420288 41.94072503423749)"
892664ca28bffff,"H3:892664ca28bffff (suc=20, lamba_ariza=21)",66.15,"LINESTRING (-87.7459105918296 41.94055853250505, -87.7459105918296 41.94055853250505)"
892664cf553ffff,"H3:892664cf553ffff (suc=33, lamba_ariza=36)",85.09,"LINESTRING (-87.63294252275882 41.8425037513453, -87.63294252275882 41.8425037513453)"
89275934dbbffff,"H3:89275934dbbffff (suc=0, lamba_ariza=8)",6.64,"LINESTRING (-87.84103732250223 41.9591782889665, -87.84103732250223 41.9591782889665)"
892664cdad7ffff,"H3:892664cdad7ffff (suc=6, lamba_ariza=3)",19.77,"LINESTRING (-87.6957847247866 41.74034112245574, -87.6957847247866 41.74034112245574)"
892664193b3ffff,"H3:892664193b3ffff (suc=17, lamba_ariza=18)",60.0,"LINESTRING (-87.54905577806106 41.65840416735231, -87.54905577806106 41.65840416735231)"
892664c808fffff,"H3:892664c808fffff (suc=21, lamba_ariza=13)",60.75,"LINESTRING (-87.76008368515532 41.89741506400571, -87.76008368515532 41.89741506400571)"
892664cc09bffff,"H3:892664cc09bffff (suc=47, lamba_ariza=17)",83.46,"LINESTRING (-87.61542771648149 41.790468799985916, -87.61542771648149 41.790468799985916)"
892664c8ecbffff,"H3:892664c8ecbffff (suc=0, lamba_ariza=4)",3.13,"LINESTRING (-87.76212617482773 41.864300656761955, -87.76212617482773 41.864300656761955)"
892664cc18fffff,"H3:892664cc18fffff (suc=14, lamba_ariza=14)",49.59,"LINESTRING (-87.59281694004305 41.76923955552475, -87.59281694004305 41.76923955552475)"
892664cb00fffff,"H3:892664cb00fffff (suc=5, lamba_ariza=12)",27.03,"LINESTRING (-87.8001390206196 41.94340778854341, -87.8001390206196 41.94340778854341)"
89266452513ffff,"H3:89266452513ffff (suc=8, lamba_ariza=29)",44.11,"LINESTRING (-87.7481348859538 41.803538278406585, -87.7481348859538 41.803538278406585)"
892664cd9d7ffff,"H3:892664cd9d7ffff (suc=6, lamba_ariza=15)",31.99,"LINESTRING (-87.64547247560743 41.728704047146564, -87.64547247560743 41.728704047146564)"
892664cadcbffff,"H3:892664cadcbffff (suc=28, lamba_ariza=21)",76.04,"LINESTRING (-87.66492089666129 41.897896484820556, -87.66492089666129 41.897896484820556)"
892664cc08fffff,"H3:892664cc08fffff (suc=52, lamba_ariza=35)",93.06,"LINESTRING (-87.61367836150853 41.78526682809515, -87.61367836150853 41.78526682809515)"
89275936bcfffff,"H3:89275936bcfffff (suc=0, lamba_ariza=2)",1.64,"LINESTRING (-87.84694043433012 41.98293106557711, -87.84694043433012 41.98293106557711)"
892664c865bffff,"H3:892664c865bffff (suc=1, lamba_ariza=26)",20.6,"LINESTRING (-87.80093167560662 41.91319423675297, -87.80093167560662 41.91319423675297)"
892664cf2abffff,"H3:892664cf2abffff (suc=17, lamba_ariza=18)",58.03,"LINESTRING (-87.6745854324678 41.82813633504182, -87.6745854324678 41.82813633504182)"
892664cdec3ffff,"H3:892664cdec3ffff (suc=8, lamba_ariza=32)",46.1,"LINESTRING (-87.69141224213746 41.76009714604613, -87.69141224213746 41.76009714604613)"
892664cc647ffff,"H3:892664cc647ffff (suc=17, lamba_ariza=20)",60.76,"LINESTRING (-87.6484249040643 41.79650758534192, -87.6484249040643 41.79650758534192)"
892664560b7ffff,"H3:892664560b7ffff (suc=22, lamba_ariza=16)",65.01,"LINESTRING (-87.61712312110916 41.68380146733431, -87.61712312110916 41.68380146733431)"
892664cf143ffff,"H3:892664cf143ffff (suc=11, lamba_ariza=22)",50.14,"LINESTRING (-87.64279543527176 41.81919039394925, -87.64279543527176 41.81919039394925)"
892664cf32bffff,"H3:892664cf32bffff (suc=20, lamba_ariza=126)",73.34,"LINESTRING (-87.66036048652404 41.80566243826745, -87.66036048652404 41.80566243826745)"
892664cf363ffff,"H3:892664cf363ffff (suc=45, lamba_ariza=14)",79.83,"LINESTRING (-87.66755902395957 41.80732611047978, -87.66755902395957 41.80732611047978)"
892664cd30fffff,"H3:892664cd30fffff (suc=3, lamba_ariza=5)",15.42,"LINESTRING (-87.70878041266431 41.765705350888986, -87.70878041266431 41.765705350888986)"
892664d99d3ffff,"H3:892664d99d3ffff (suc=3, lamba_ariza=1)",12.37,"LINESTRING (-87.73470959706839 41.98601485277162, -87.73470959706839 41.98601485277162)"
892664cc2a7ffff,"H3:892664cc2a7ffff (suc=16, lamba_ariza=7)",47.27,"LINESTRING (-87.63422147240365 41.774037744734365, -87.63422147240365 41.774037744734365)"
892664cd237ffff,"H3:892664cd237ffff (suc=25, lamba_ariza=34)",78.12,"LINESTRING (-87.7194934660099 41.77776307935691, -87.7194934660099 41.77776307935691)"
892664ca08fffff,"H3:892664ca08fffff (suc=1, lamba_ariza=21)",21.3,"LINESTRING (-87.71334186641164 41.94267144166042, -87.71334186641164 41.94267144166042)"
892664d8a27ffff,"H3:892664d8a27ffff (suc=10, lamba_ariza=6)",34.2,"LINESTRING (-87.6938130835347 41.9702008349203, -87.6938130835347 41.9702008349203)"
89266456483ffff,"H3:89266456483ffff (suc=8, lamba_ariza=13)",35.8,"LINESTRING (-87.6174441289682 41.71102726717927, -87.6174441289682 41.71102726717927)"
892664d9d37ffff,"H3:892664d9d37ffff (suc=2, lamba_ariza=19)",21.55,"LINESTRING (-87.71356462460955 41.989161655462794, -87.71356462460955 41.989161655462794)"
89266419357ffff,"H3:89266419357ffff (suc=0, lamba_ariza=1)",0.8,"LINESTRING (-87.56883811726209 41.658215143252185, -87.56883811726209 41.658215143252185)"
892664c115bffff,"H3:892664c115bffff (suc=0, lamba_ariza=2)",1.28,"LINESTRING (-87.63218157843646 41.91915282040666, -87.63218157843646 41.91915282040666)"
892664c1007ffff,"H3:892664c1007ffff (suc=18, lamba_ariza=4)",49.11,"LINESTRING (-87.6356948444069 41.92957240216163, -87.6356948444069 41.92957240216163)"
892664cd117ffff,"H3:892664cd117ffff (suc=26, lamba_ariza=8)",63.35,"LINESTRING (-87.67387492541909 41.77362088887774, -87.67387492541909 41.77362088887774)"
892664ca98fffff,"H3:892664ca98fffff (suc=21, lamba_ariza=16)",64.58,"LINESTRING (-87.65911950754705 41.87415263244524, -87.65911950754705 41.87415263244524)"
89266452cc3ffff,"H3:89266452cc3ffff (suc=9, lamba_ariza=16)",41.45,"LINESTRING (-87.7417644479313 41.77171594722748, -87.7417644479313 41.77171594722748)"
892664d8b2bffff,"H3:892664d8b2bffff (suc=19, lamba_ariza=28)",67.75,"LINESTRING (-87.68006623255359 41.955823368039816, -87.68006623255359 41.955823368039816)"
8926641b207ffff,"H3:8926641b207ffff (suc=8, lamba_ariza=19)",40.12,"LINESTRING (-87.53278420404826 41.71533023942258, -87.53278420404826 41.71533023942258)"
8926645620bffff,"H3:8926645620bffff (suc=1, lamba_ariza=5)",8.68,"LINESTRING (-87.66633234772434 41.67924008669253, -87.66633234772434 41.67924008669253)"
892664cd217ffff,"H3:892664cd217ffff (suc=26, lamba_ariza=54)",81.39,"LINESTRING (-87.72423965270663 41.78524864945333, -87.72423965270663 41.78524864945333)"
892664cd257ffff,"H3:892664cd257ffff (suc=16, lamba_ariza=33)",64.83,"LINESTRING (-87.7356465723209 41.78628084750011, -87.7356465723209 41.78628084750011)"
892664cd0b7ffff,"H3:892664cd0b7ffff (suc=14, lamba_ariza=18)",54.0,"LINESTRING (-87.6833542310225 41.78859632439743, -87.6833542310225 41.78859632439743)"
892664cc36bffff,"H3:892664cc36bffff (suc=7, lamba_ariza=11)",30.68,"LINESTRING (-87.63862032229183 41.754279093844794, -87.63862032229183 41.754279093844794)"
892664c8eb3ffff,"H3:892664c8eb3ffff (suc=1, lamba_ariza=2)",6.11,"LINESTRING (-87.74049996489448 41.85932472326715, -87.74049996489448 41.85932472326715)"
892664c1043ffff,"H3:892664c1043ffff (suc=41, lamba_ariza=47)",91.07,"LINESTRING (-87.6501300735122 41.93290523030801, -87.6501300735122 41.93290523030801)"
892664570bbffff,"H3:892664570bbffff (suc=4, lamba_ariza=19)",29.32,"LINESTRING (-87.70398643333306 41.692739153426885, -87.70398643333306 41.692739153426885)"
89275936bc3ffff,"H3:89275936bc3ffff (suc=0, lamba_ariza=2)",1.57,"LINESTRING (-87.84571854819934 41.98585229839072, -87.84571854819934 41.98585229839072)"
89266419453ffff,"H3:89266419453ffff (suc=0, lamba_ariza=9)",7.39,"LINESTRING (-87.55455370706505 41.70121681367983, -87.55455370706505 41.70121681367983)"
8926645251bffff,"H3:8926645251bffff (suc=4, lamba_ariza=27)",34.68,"LINESTRING (-87.75234640516875 41.80291033965807, -87.75234640516875 41.80291033965807)"
892664cdd5bffff,"H3:892664cdd5bffff (suc=25, lamba_ariza=39)",78.32,"LINESTRING (-87.6507255888802 41.744298448211666, -87.6507255888802 41.744298448211666)"
892664cb06bffff,"H3:892664cb06bffff (suc=2, lamba_ariza=35)",29.48,"LINESTRING (-87.80980811474242 41.939225072890196, -87.80980811474242 41.939225072890196)"
892664c102bffff,"H3:892664c102bffff (suc=30, lamba_ariza=19)",76.22,"LINESTRING (-87.63816331050215 41.923737083763925, -87.63816331050215 41.923737083763925)"
892664cdac7ffff,"H3:892664cdac7ffff (suc=5, lamba_ariza=4)",17.99,"LINESTRING (-87.69701003090556 41.73742991033636, -87.69701003090556 41.73742991033636)"
89266457097ffff,"H3:89266457097ffff (suc=4, lamba_ariza=9)",19.78,"LINESTRING (-87.70153894928558 41.69855848797043, -87.70153894928558 41.69855848797043)"
892664575a7ffff,"H3:892664575a7ffff (suc=12, lamba_ariza=11)",43.72,"LINESTRING (-87.66860896544014 41.69253842799421, -87.66860896544014 41.69253842799421)"
892664cf1dbffff,"H3:892664cf1dbffff (suc=15, lamba_ariza=22)",58.71,"LINESTRING (-87.63910178584052 41.8279321692112, -87.63910178584052 41.8279321692112)"
892664c123bffff,"H3:892664c123bffff (suc=25, lamba_ariza=13)",65.77,"LINESTRING (-87.66650384918188 41.922272993046306, -87.66650384918188 41.922272993046306)"
892664c124fffff,"H3:892664c124fffff (suc=2, lamba_ariza=3)",9.92,"LINESTRING (-87.68093792092485 41.92560167520918, -87.68093792092485 41.92560167520918)"
892664c8557ffff,"H3:892664c8557ffff (suc=1, lamba_ariza=3)",5.4,"LINESTRING (-87.74320290828905 41.89993191061536, -87.74320290828905 41.89993191061536)"
892664ccac3ffff,"H3:892664ccac3ffff (suc=7, lamba_ariza=4)",25.76,"LINESTRING (-87.62022615057478 41.732440946586294, -87.62022615057478 41.732440946586294)"
892664c88a7ffff,"H3:892664c88a7ffff (suc=12, lamba_ariza=21)",51.26,"LINESTRING (-87.71780505205398 41.83810766259732, -87.71780505205398 41.83810766259732)"
892664c849bffff,"H3:892664c849bffff (suc=24, lamba_ariza=13)",64.96,"LINESTRING (-87.75327203358431 41.923046676256966, -87.75327203358431 41.923046676256966)"
892759368a7ffff,"H3:892759368a7ffff (suc=0, lamba_ariza=9)",7.36,"LINESTRING (-87.81791250005999 41.99549461646477, -87.81791250005999 41.99549461646477)"
89266456c4bffff,"H3:89266456c4bffff (suc=12, lamba_ariza=18)",50.06,"LINESTRING (-87.60665582414902 41.652632882537695, -87.60665582414902 41.652632882537695)"
892664d9d0bffff,"H3:892664d9d0bffff (suc=6, lamba_ariza=4)",21.9,"LINESTRING (-87.72679130440615 41.99540645324527, -87.72679130440615 41.99540645324527)"
892664d8923ffff,"H3:892664d8923ffff (suc=73, lamba_ariza=41)",96.39,"LINESTRING (-87.6462439794489 41.960837751999506, -87.6462439794489 41.960837751999506)"
892664c80d7ffff,"H3:892664c80d7ffff (suc=37, lamba_ariza=28)",86.02,"LINESTRING (-87.76607338712867 41.90199092796961, -87.76607338712867 41.90199092796961)"
892664cb383ffff,"H3:892664cb383ffff (suc=10, lamba_ariza=45)",53.8,"LINESTRING (-87.80081120557355 41.93236237218798, -87.80081120557355 41.93236237218798)"
89266452023ffff,"H3:89266452023ffff (suc=7, lamba_ariza=22)",40.5,"LINESTRING (-87.77407814018883 41.78874203870027, -87.77407814018883 41.78874203870027)"
89266456ebbffff,"H3:89266456ebbffff (suc=1, lamba_ariza=0)",1.04,"LINESTRING (-87.61208557212754 41.649104555492634, -87.61208557212754 41.649104555492634)"
892664d8a3bffff,"H3:892664d8a3bffff (suc=13, lamba_ariza=6)",41.38,"LINESTRING (-87.6998066447996 41.97478396584587, -87.6998066447996 41.97478396584587)"
892664cb207ffff,"H3:892664cb207ffff (suc=2, lamba_ariza=17)",21.86,"LINESTRING (-87.82547480503116 41.939616071227945, -87.82547480503116 41.939616071227945)"
892664ca073ffff,"H3:892664ca073ffff (suc=23, lamba_ariza=33)",75.22,"LINESTRING (-87.7242495217709 41.93557695406333, -87.7242495217709 41.93557695406333)"
892664cd887ffff,"H3:892664cd887ffff (suc=13, lamba_ariza=30)",56.86,"LINESTRING (-87.65616214227035 41.74076369956945, -87.65616214227035 41.74076369956945)"
892664cd867ffff,"H3:892664cd867ffff (suc=4, lamba_ariza=8)",20.66,"LINESTRING (-87.66948643256363 41.72787259544217, -87.66948643256363 41.72787259544217)"
89275936bafffff,"H3:89275936bafffff (suc=0, lamba_ariza=1)",0.81,"LINESTRING (-87.83070236678603 41.97441399194031, -87.83070236678603 41.97441399194031)"
892664c1e73ffff,"H3:892664c1e73ffff (suc=104, lamba_ariza=48)",98.52,"LINESTRING (-87.63185042880319 41.8918593132787, -87.63185042880319 41.8918593132787)"
89266456e13ffff,"H3:89266456e13ffff (suc=3, lamba_ariza=5)",13.98,"LINESTRING (-87.61925891498602 41.65076957490555, -87.61925891498602 41.65076957490555)"
892664d9a73ffff,"H3:892664d9a73ffff (suc=6, lamba_ariza=16)",31.86,"LINESTRING (-87.7872165568143 41.983657735434626, -87.7872165568143 41.983657735434626)"
892664cc033ffff,"H3:892664cc033ffff (suc=36, lamba_ariza=17)",78.66,"LINESTRING (-87.61316128741595 41.777153055317804, -87.61316128741595 41.777153055317804)"
89275936947ffff,"H3:89275936947ffff (suc=4, lamba_ariza=5)",18.72,"LINESTRING (-87.81980480709554 41.98152143205638, -87.81980480709554 41.98152143205638)"
892664ccd7bffff,"H3:892664ccd7bffff (suc=17, lamba_ariza=25)",62.54,"LINESTRING (-87.5662319373241 41.72949986140394, -87.5662319373241 41.72949986140394)"
892664cf3b7ffff,"H3:892664cf3b7ffff (suc=5, lamba_ariza=18)",31.53,"LINESTRING (-87.64525707354612 41.81336303318689, -87.64525707354612 41.81336303318689)"
892664cd1bbffff,"H3:892664cd1bbffff (suc=37, lamba_ariza=9)",72.5,"LINESTRING (-87.66966418910113 41.77424564848445, -87.66966418910113 41.77424564848445)"
892664d8aa7ffff,"H3:892664d8aa7ffff (suc=8, lamba_ariza=19)",38.89,"LINESTRING (-87.68712070491323 41.97666828886646, -87.68712070491323 41.97666828886646)"
892664cc5a3ffff,"H3:892664cc5a3ffff (suc=1, lamba_ariza=0)",2.86,"LINESTRING (-87.57822256816515 41.78504215013246, -87.57822256816515 41.78504215013246)"
892664c8577ffff,"H3:892664c8577ffff (suc=3, lamba_ariza=8)",16.39,"LINESTRING (-87.73844207748971 41.89243764798966, -87.73844207748971 41.89243764798966)"
892664c806bffff,"H3:892664c806bffff (suc=8, lamba_ariza=2)",26.24,"LINESTRING (-87.77641511235095 41.88677392248149, -87.77641511235095 41.88677392248149)"
892664d983bffff,"H3:892664d983bffff (suc=0, lamba_ariza=4)",3.47,"LINESTRING (-87.75039447244703 41.98641540894786, -87.75039447244703 41.98641540894786)"
892664523bbffff,"H3:892664523bbffff (suc=8, lamba_ariza=16)",38.4,"LINESTRING (-87.77896286263659 41.777088490925436, -87.77896286263659 41.777088490925436)"
892664cb62fffff,"H3:892664cb62fffff (suc=4, lamba_ariza=10)",22.69,"LINESTRING (-87.81636178457126 41.95192696905904, -87.81636178457126 41.95192696905904)"
892664cd40fffff,"H3:892664cd40fffff (suc=5, lamba_ariza=10)",24.97,"LINESTRING (-87.69161212056238 41.80648694086588, -87.69161212056238 41.80648694086588)"
892664cac27ffff,"H3:892664cac27ffff (suc=36, lamba_ariza=18)",79.64,"LINESTRING (-87.66914302718192 41.897270319741715, -87.66914302718192 41.897270319741715)"
892664cdb77ffff,"H3:892664cdb77ffff (suc=1, lamba_ariza=5)",6.86,"LINESTRING (-87.67684432492715 41.71041065237082, -87.67684432492715 41.71041065237082)"
892664caa8bffff,"H3:892664caa8bffff (suc=16, lamba_ariza=11)",51.48,"LINESTRING (-87.71258388207241 41.88808394702184, -87.71258388207241 41.88808394702184)"
892664c1203ffff,"H3:892664c1203ffff (suc=11, lamba_ariza=19)",47.98,"LINESTRING (-87.66826412979768 41.92748208983559, -87.66826412979768 41.92748208983559)"
892664c86cfffff,"H3:892664c86cfffff (suc=11, lamba_ariza=26)",49.97,"LINESTRING (-87.79249069702776 41.914456277876226, -87.79249069702776 41.914456277876226)"
89275936d7bffff,"H3:89275936d7bffff (suc=5, lamba_ariza=22)",34.52,"LINESTRING (-87.81246052721374 41.99904885515443, -87.81246052721374 41.99904885515443)"
892664c1ea7ffff,"H3:892664c1ea7ffff (suc=45, lamba_ariza=8)",74.15,"LINESTRING (-87.61197124248072 41.892065403436646, -87.61197124248072 41.892065403436646)"
892664d9a6fffff,"H3:892664d9a6fffff (suc=13, lamba_ariza=9)",43.38,"LINESTRING (-87.78966781845156 41.97781634227654, -87.78966781845156 41.97781634227654)"
892664ca507ffff,"H3:892664ca507ffff (suc=18, lamba_ariza=12)",56.22,"LINESTRING (-87.68622501011576 41.94122945032619, -87.68622501011576 41.94122945032619)"
892664d8177ffff,"H3:892664d8177ffff (suc=7, lamba_ariza=11)",30.77,"LINESTRING (-87.68678456393428 42.01504320884916, -87.68678456393428 42.01504320884916)"
892664cd863ffff,"H3:892664cd863ffff (suc=0, lamba_ariza=1)",0.32,"LINESTRING (-87.67246637929979 41.730159108734256, -87.67246637929979 41.730159108734256)"
892664c1bcfffff,"H3:892664c1bcfffff (suc=20, lamba_ariza=4)",52.1,"LINESTRING (-87.62009280459236 41.86353219398331, -87.62009280459236 41.86353219398331)"
892664d98afffff,"H3:892664d98afffff (suc=2, lamba_ariza=9)",13.94,"LINESTRING (-87.74193764661202 41.98767569859572, -87.74193764661202 41.98767569859572)"
892664ca0dbffff,"H3:892664ca0dbffff (suc=6, lamba_ariza=26)",37.22,"LINESTRING (-87.72655520627963 41.9489135647801, -87.72655520627963 41.9489135647801)"
892664d9dafffff,"H3:892664d9dafffff (suc=17, lamba_ariza=18)",58.99,"LINESTRING (-87.71233372214586 41.9920821808037, -87.71233372214586 41.9920821808037)"
892664cf3afffff,"H3:892664cf3afffff (suc=2, lamba_ariza=5)",10.85,"LINESTRING (-87.65070224387885 41.80982510748316, -87.65070224387885 41.80982510748316)"
89266457187ffff,"H3:89266457187ffff (suc=4, lamba_ariza=19)",29.3,"LINESTRING (-87.68191550445796 41.67965440953073, -87.68191550445796 41.67965440953073)"
892664cc29bffff,"H3:892664cc29bffff (suc=43, lamba_ariza=18)",83.37,"LINESTRING (-87.64491898496784 41.786104613124714, -87.64491898496784 41.786104613124714)"
892664ca837ffff,"H3:892664ca837ffff (suc=27, lamba_ariza=3)",59.83,"LINESTRING (-87.67652805731034 41.879771176663326, -87.67652805731034 41.879771176663326)"
892664cdd47ffff,"H3:892664cdd47ffff (suc=11, lamba_ariza=28)",51.54,"LINESTRING (-87.64476597511221 41.739723466820514, -87.64476597511221 41.739723466820514)"
892664cd607ffff,"H3:892664cd607ffff (suc=7, lamba_ariza=10)",30.53,"LINESTRING (-87.71688862992592 41.802729066558484, -87.71688862992592 41.802729066558484)"
892664d994fffff,"H3:892664d994fffff (suc=3, lamba_ariza=4)",13.71,"LINESTRING (-87.7438529933408 41.97370376787759, -87.7438529933408 41.97370376787759)"
892664c8417ffff,"H3:892664c8417ffff (suc=4, lamba_ariza=2)",14.11,"LINESTRING (-87.75272903725694 41.91492159837017, -87.75272903725694 41.91492159837017)"
892664c8187ffff,"H3:892664c8187ffff (suc=71, lamba_ariza=9)",80.16,"LINESTRING (-87.73490937146269 41.882027000453185, -87.73490937146269 41.882027000453185)"
892664cd0a3ffff,"H3:892664cd0a3ffff (suc=9, lamba_ariza=19)",41.3,"LINESTRING (-87.68756594619754 41.78797089231586, -87.68756594619754 41.78797089231586)"
892664cdb67ffff,"H3:892664cdb67ffff (suc=1, lamba_ariza=15)",15.09,"LINESTRING (-87.67807008744475 41.707500672789195, -87.67807008744475 41.707500672789195)"
892664cd687ffff,"H3:892664cd687ffff (suc=21, lamba_ariza=39)",74.06,"LINESTRING (-87.71022407757117 41.809183313411765, -87.71022407757117 41.809183313411765)"
892664cf4c7ffff,"H3:892664cf4c7ffff (suc=32, lamba_ariza=20)",78.29,"LINESTRING (-87.64541082081638 41.85978531514721, -87.64541082081638 41.85978531514721)"
892664ca833ffff,"H3:892664ca833ffff (suc=48, lamba_ariza=11)",78.09,"LINESTRING (-87.67951810851355 41.88206111273653, -87.67951810851355 41.88206111273653)"
892664d88a7ffff,"H3:892664d88a7ffff (suc=20, lamba_ariza=23)",67.65,"LINESTRING (-87.65751460614374 41.98106000420014, -87.65751460614374 41.98106000420014)"
892664ca50fffff,"H3:892664ca50fffff (suc=5, lamba_ariza=2)",18.06,"LINESTRING (-87.69045059237571 41.94060196964212, -87.69045059237571 41.94060196964212)"
892664cae3bffff,"H3:892664cae3bffff (suc=13, lamba_ariza=15)",49.02,"LINESTRING (-87.7046774436339 41.89746233680829, -87.7046774436339 41.89746233680829)"
892664ca3b7ffff,"H3:892664ca3b7ffff (suc=18, lamba_ariza=18)",60.54,"LINESTRING (-87.71173367416064 41.918291083637676, -87.71173367416064 41.918291083637676)"
892664cc65bffff,"H3:892664cc65bffff (suc=22, lamba_ariza=29)",72.24,"LINESTRING (-87.65439214848246 41.801085073800415, -87.65439214848246 41.801085073800415)"
89275936983ffff,"H3:89275936983ffff (suc=0, lamba_ariza=23)",18.44,"LINESTRING (-87.80467647362862 41.98926098364656, -87.80467647362862 41.98926098364656)"
892664ca5b7ffff,"H3:892664ca5b7ffff (suc=21, lamba_ariza=16)",63.72,"LINESTRING (-87.67354730944267 41.94311103025157, -87.67354730944267 41.94311103025157)"
89266452163ffff,"H3:89266452163ffff (suc=4, lamba_ariza=1)",13.69,"LINESTRING (-87.76457157865428 41.773775736133295, -87.76457157865428 41.773775736133295)"
892664d8e83ffff,"H3:892664d8e83ffff (suc=9, lamba_ariza=5)",31.01,"LINESTRING (-87.68625211735933 42.00690828275125, -87.68625211735933 42.00690828275125)"
892664cdd7bffff,"H3:892664cdd7bffff (suc=28, lamba_ariza=29)",79.56,"LINESTRING (-87.64599463046187 41.73681263592308, -87.64599463046187 41.73681263592308)"
892664c8cb3ffff,"H3:892664c8cb3ffff (suc=99, lamba_ariza=17)",88.52,"LINESTRING (-87.71097798534205 41.86371938405078, -87.71097798534205 41.86371938405078)"
89266456653ffff,"H3:89266456653ffff (suc=3, lamba_ariza=47)",35.6,"LINESTRING (-87.66370405866634 41.70417647021859, -87.66370405866634 41.70417647021859)"
892664ccd4bffff,"H3:892664ccd4bffff (suc=7, lamba_ariza=17)",35.76,"LINESTRING (-87.57218361870488 41.73407885082305, -87.57218361870488 41.73407885082305)"
89266452087ffff,"H3:89266452087ffff (suc=2, lamba_ariza=13)",17.16,"LINESTRING (-87.76919089466755 41.8003971602471, -87.76919089466755 41.8003971602471)"
892664c85a3ffff,"H3:892664c85a3ffff (suc=51, lamba_ariza=24)",88.92,"LINESTRING (-87.7245539651622 41.89724013813376, -87.7245539651622 41.89724013813376)"
892664cb57bffff,"H3:892664cb57bffff (suc=12, lamba_ariza=19)",48.64,"LINESTRING (-87.77902146292317 41.94656361196649, -87.77902146292317 41.94656361196649)"
892664cae87ffff,"H3:892664cae87ffff (suc=26, lamba_ariza=24)",75.43,"LINESTRING (-87.6967676385294 41.906841422107654, -87.6967676385294 41.906841422107654)"
892664d8bcfffff,"H3:892664d8bcfffff (suc=30, lamba_ariza=26)",80.24,"LINESTRING (-87.68658864209814 41.968537062321595, -87.68658864209814 41.968537062321595)"
892664cc91bffff,"H3:892664cc91bffff (suc=24, lamba_ariza=12)",63.58,"LINESTRING (-87.5681903394807 41.71557173406682, -87.5681903394807 41.71557173406682)"
892664c8593ffff,"H3:892664c8593ffff (suc=40, lamba_ariza=17)",81.48,"LINESTRING (-87.7280855911563 41.907653069158194, -87.7280855911563 41.907653069158194)"
892664cdb6bffff,"H3:892664cdb6bffff (suc=1, lamba_ariza=3)",7.35,"LINESTRING (-87.6852536835469 41.70916210881033, -87.6852536835469 41.70916210881033)"
89266456c83ffff,"H3:89266456c83ffff (suc=0, lamba_ariza=1)",0.38,"LINESTRING (-87.58441707008721 41.65864298151708, -87.58441707008721 41.65864298151708)"
892664566cfffff,"H3:892664566cfffff (suc=6, lamba_ariza=15)",31.72,"LINESTRING (-87.65949939561342 41.70479998050841, -87.65949939561342 41.70479998050841)"
892664caa33ffff,"H3:892664caa33ffff (suc=16, lamba_ariza=27)",62.58,"LINESTRING (-87.70905710928668 41.87767269790282, -87.70905710928668 41.87767269790282)"
892664cf093ffff,"H3:892664cf093ffff (suc=13, lamba_ariza=20)",52.62,"LINESTRING (-87.64436411724235 41.84354500824058, -87.64436411724235 41.84354500824058)"
892664cb503ffff,"H3:892664cb503ffff (suc=10, lamba_ariza=15)",41.13,"LINESTRING (-87.76934729866787 41.95074435999369, -87.76934729866787 41.95074435999369)"
892664d8bdbffff,"H3:892664d8bdbffff (suc=20, lamba_ariza=21)",65.96,"LINESTRING (-87.68835286820797 41.97374850217194, -87.68835286820797 41.97374850217194)"
89266457547ffff,"H3:89266457547ffff (suc=1, lamba_ariza=6)",7.62,"LINESTRING (-87.69137798084454 41.69461313015141, -87.69137798084454 41.69461313015141)"
892664caecbffff,"H3:892664caecbffff (suc=42, lamba_ariza=19)",83.28,"LINESTRING (-87.71542012585732 41.90953787090718, -87.71542012585732 41.90953787090718)"
892664c8487ffff,"H3:892664c8487ffff (suc=27, lamba_ariza=27)",78.05,"LINESTRING (-87.74728067802866 41.918469076783104, -87.74728067802866 41.918469076783104)"
892664cf163ffff,"H3:892664cf163ffff (suc=11, lamba_ariza=14)",43.3,"LINESTRING (-87.63805800221586 41.811697855448074, -87.63805800221586 41.811697855448074)"
892664ca177ffff,"H3:892664ca177ffff (suc=18, lamba_ariza=18)",60.07,"LINESTRING (-87.70029397527773 41.917256718732084, -87.70029397527773 41.917256718732084)"
892664c8153ffff,"H3:892664c8153ffff (suc=61, lamba_ariza=35)",94.32,"LINESTRING (-87.7547776108105 41.88180002192991, -87.7547776108105 41.88180002192991)"
892664c8c6fffff,"H3:892664c8c6fffff (suc=36, lamba_ariza=7)",69.87,"LINESTRING (-87.73152734289633 41.85246170612424, -87.73152734289633 41.85246170612424)"
892664cc617ffff,"H3:892664cc617ffff (suc=1, lamba_ariza=1)",1.77,"LINESTRING (-87.63578414098525 41.79837958076852, -87.63578414098525 41.79837958076852)"
892664d8e53ffff,"H3:892664d8e53ffff (suc=7, lamba_ariza=6)",27.44,"LINESTRING (-87.70317755562303 42.00439414979791, -87.70317755562303 42.00439414979791)"
892664c8eb7ffff,"H3:892664c8eb7ffff (suc=1, lamba_ariza=0)",2.46,"LINESTRING (-87.73750881699343 41.857037082640986, -87.73750881699343 41.857037082640986)"
892664ccb6fffff,"H3:892664ccb6fffff (suc=0, lamba_ariza=3)",2.56,"LINESTRING (-87.6025648465376 41.69958881248464, -87.6025648465376 41.69958881248464)"
892664cae6fffff,"H3:892664cae6fffff (suc=99, lamba_ariza=10)",82.24,"LINESTRING (-87.71434785316418 41.89328998441553, -87.71434785316418 41.89328998441553)"
89266452027ffff,"H3:89266452027ffff (suc=4, lamba_ariza=18)",28.85,"LINESTRING (-87.77109014720361 41.786457043798826, -87.77109014720361 41.786457043798826)"
89266452577ffff,"H3:89266452577ffff (suc=3, lamba_ariza=0)",9.66,"LINESTRING (-87.7518049799168 41.79479688411839, -87.7518049799168 41.79479688411839)"
892664ccdbbffff,"H3:892664ccdbbffff (suc=6, lamba_ariza=36)",40.88,"LINESTRING (-87.54815895366296 41.73489038218228, -87.54815895366296 41.73489038218228)"
892664cd58fffff,"H3:892664cd58fffff (suc=26, lamba_ariza=8)",62.38,"LINESTRING (-87.66404814528308 41.7969226572597, -87.66404814528308 41.7969226572597)"
892664564a3ffff,"H3:892664564a3ffff (suc=17, lamba_ariza=42)",67.16,"LINESTRING (-87.61272156410239 41.703542602046255, -87.61272156410239 41.703542602046255)"
892664cd977ffff,"H3:892664cd977ffff (suc=6, lamba_ariza=29)",40.73,"LINESTRING (-87.64740661559316 41.71477607954092, -87.64740661559316 41.71477607954092)"
892664cd953ffff,"H3:892664cd953ffff (suc=15, lamba_ariza=29)",61.65,"LINESTRING (-87.65511438863345 41.724546830871134, -87.65511438863345 41.724546830871134)"
892664ccdb3ffff,"H3:892664ccdb3ffff (suc=38, lamba_ariza=41)",89.43,"LINESTRING (-87.54394874716141 41.73551015654366, -87.54394874716141 41.73551015654366)"
892664cab6fffff,"H3:892664cab6fffff (suc=6, lamba_ariza=4)",22.37,"LINESTRING (-87.70200823778367 41.8568535045526, -87.70200823778367 41.8568535045526)"
89275936d63ffff,"H3:89275936d63ffff (suc=2, lamba_ariza=15)",20.5,"LINESTRING (-87.80945728084075 41.996759987264916, -87.80945728084075 41.996759987264916)"
892664cf4bbffff,"H3:892664cf4bbffff (suc=10, lamba_ariza=2)",30.71,"LINESTRING (-87.63521775258836 41.85582907602828, -87.63521775258836 41.85582907602828)"
892664cd987ffff,"H3:892664cd987ffff (suc=11, lamba_ariza=22)",48.75,"LINESTRING (-87.63530825775092 41.724752413822976, -87.63530825775092 41.724752413822976)"
892664ce36bffff,"H3:892664ce36bffff (suc=74, lamba_ariza=33)",95.03,"LINESTRING (-87.59189049790811 41.79940698239138, -87.59189049790811 41.79940698239138)"
892664cd2cfffff,"H3:892664cd2cfffff (suc=11, lamba_ariza=10)",41.03,"LINESTRING (-87.73442252338984 41.78919412240563, -87.73442252338984 41.78919412240563)"
892664cc6cbffff,"H3:892664cc6cbffff (suc=9, lamba_ariza=2)",29.12,"LINESTRING (-87.64894833953063 41.804622726446894, -87.64894833953063 41.804622726446894)"
892664ca00bffff,"H3:892664ca00bffff (suc=34, lamba_ariza=24)",82.11,"LINESTRING (-87.72302075556412 41.93849560510706, -87.72302075556412 41.93849560510706)"
892664c89a3ffff,"H3:892664c89a3ffff (suc=17, lamba_ariza=12)",54.1,"LINESTRING (-87.69987623526484 41.82438045479879, -87.69987623526484 41.82438045479879)"
892664cf017ffff,"H3:892664cf017ffff (suc=17, lamba_ariza=19)",59.69,"LINESTRING (-87.6480579709245 41.834801408557205, -87.6480579709245 41.834801408557205)"
892759349bbffff,"H3:892759349bbffff (suc=0, lamba_ariza=1)",0.86,"LINESTRING (-87.84958443355507 41.93873874193715, -87.84958443355507 41.93873874193715)"
892664cdb13ffff,"H3:892664cdb13ffff (suc=2, lamba_ariza=15)",20.15,"LINESTRING (-87.67316608976282 41.71914118136655, -87.67316608976282 41.71914118136655)"
892664cc603ffff,"H3:892664cc603ffff (suc=6, lamba_ariza=1)",19.93,"LINESTRING (-87.63999788626346 41.7977557250779, -87.63999788626346 41.7977557250779)"
892664cb3d7ffff,"H3:892664cb3d7ffff (suc=5, lamba_ariza=21)",33.98,"LINESTRING (-87.80803204181521 41.934018357801094, -87.80803204181521 41.934018357801094)"
89266456057ffff,"H3:89266456057ffff (suc=15, lamba_ariza=12)",50.23,"LINESTRING (-87.63988843340961 41.68588648984656, -87.63988843340961 41.68588648984656)"
892664ca487ffff,"H3:892664ca487ffff (suc=5, lamba_ariza=22)",33.7,"LINESTRING (-87.70050347622906 41.96373359862379, -87.70050347622906 41.96373359862379)"
8926641b243ffff,"H3:8926641b243ffff (suc=2, lamba_ariza=19)",22.01,"LINESTRING (-87.54714890737786 41.71867153702368, -87.54714890737786 41.71867153702368)"
892664ca973ffff,"H3:892664ca973ffff (suc=9, lamba_ariza=6)",31.46,"LINESTRING (-87.67002077389041 41.86706954158884, -87.67002077389041 41.86706954158884)"
892664ca94bffff,"H3:892664ca94bffff (suc=14, lamba_ariza=20)",55.2,"LINESTRING (-87.68021842440282 41.87102292460581, -87.68021842440282 41.87102292460581)"
892664ca35bffff,"H3:892664ca35bffff (suc=8, lamba_ariza=18)",38.76,"LINESTRING (-87.7418314077076 41.92201649637215, -87.7418314077076 41.92201649637215)"
892664c8063ffff,"H3:892664c8063ffff (suc=34, lamba_ariza=25)",82.78,"LINESTRING (-87.77219652380937 41.887403797502, -87.77219652380937 41.887403797502)"
892664caac7ffff,"H3:892664caac7ffff (suc=40, lamba_ariza=8)",73.46,"LINESTRING (-87.71680397059586 41.88745619863015, -87.71680397059586 41.88745619863015)"
892664d8e8fffff,"H3:892664d8e8fffff (suc=4, lamba_ariza=1)",12.65,"LINESTRING (-87.68748514593433 42.003987403507956, -87.68748514593433 42.003987403507956)"
8926641943bffff,"H3:8926641943bffff (suc=5, lamba_ariza=6)",19.24,"LINESTRING (-87.54266285563321 41.69205986072002, -87.54266285563321 41.69205986072002)"
892664ca02fffff,"H3:892664ca02fffff (suc=14, lamba_ariza=36)",61.42,"LINESTRING (-87.71526413091863 41.928707106325696, -87.71526413091863 41.928707106325696)"
892664daa7bffff,"H3:892664daa7bffff (suc=9, lamba_ariza=3)",29.02,"LINESTRING (-87.66438565178345 42.02110448241466, -87.66438565178345 42.02110448241466)"
892664d9bc3ffff,"H3:892664d9bc3ffff (suc=3, lamba_ariza=6)",13.54,"LINESTRING (-87.76553302195975 41.978682778009016, -87.76553302195975 41.978682778009016)"
892664cddc3ffff,"H3:892664cddc3ffff (suc=14, lamba_ariza=32)",59.73,"LINESTRING (-87.64107905875238 41.74845654858434, -87.64107905875238 41.74845654858434)"
892664c8377ffff,"H3:892664c8377ffff (suc=0, lamba_ariza=1)",0.66,"LINESTRING (-87.77654558725793 41.86761570761303, -87.77654558725793 41.86761570761303)"
892664cc963ffff,"H3:892664cc963ffff (suc=0, lamba_ariza=5)",4.03,"LINESTRING (-87.57188904734335 41.70684382313047, -87.57188904734335 41.70684382313047)"
892664c8107ffff,"H3:892664c8107ffff (suc=52, lamba_ariza=17)",84.94,"LINESTRING (-87.74158057423094 41.875565264325125, -87.74158057423094 41.875565264325125)"
892664195cbffff,"H3:892664195cbffff (suc=9, lamba_ariza=23)",45.12,"LINESTRING (-87.53251289740403 41.68809997151689, -87.53251289740403 41.68809997151689)"
892664c1673ffff,"H3:892664c1673ffff (suc=21, lamba_ariza=8)",57.0,"LINESTRING (-87.66509471445299 41.94436469824526, -87.66509471445299 41.94436469824526)"
892664cca87ffff,"H3:892664cca87ffff (suc=24, lamba_ariza=10)",62.77,"LINESTRING (-87.60585448220768 41.72910873868393, -87.60585448220768 41.72910873868393)"
892664d8937ffff,"H3:892664d8937ffff (suc=5, lamba_ariza=5)",19.57,"LINESTRING (-87.64201548304385 41.961463902418416, -87.64201548304385 41.961463902418416)"
892664ca997ffff,"H3:892664ca997ffff (suc=83, lamba_ariza=11)",82.34,"LINESTRING (-87.65366751067118 41.877694088489804, -87.65366751067118 41.877694088489804)"
892664cdaa3ffff,"H3:892664cdaa3ffff (suc=0, lamba_ariza=1)",0.58,"LINESTRING (-87.6838600298988 41.73119658422887, -87.6838600298988 41.73119658422887)"
892664ccb0fffff,"H3:892664ccb0fffff (suc=7, lamba_ariza=3)",23.25,"LINESTRING (-87.59589733781559 41.70602848014042, -87.59589733781559 41.70602848014042)"
892664ca93bffff,"H3:892664ca93bffff (suc=16, lamba_ariza=7)",47.58,"LINESTRING (-87.66281288049527 41.86540536494906, -87.66281288049527 41.86540536494906)"
892664cb0c3ffff,"H3:892664cb0c3ffff (suc=4, lamba_ariza=13)",25.8,"LINESTRING (-87.80369057111218 41.95382296629886, -87.80369057111218 41.95382296629886)"
892664cdc7bffff,"H3:892664cdc7bffff (suc=30, lamba_ariza=27)",80.72,"LINESTRING (-87.66685710068536 41.75282379956046, -87.66685710068536 41.75282379956046)"
892664c1057ffff,"H3:892664c1057ffff (suc=48, lamba_ariza=30)",90.4,"LINESTRING (-87.64590422777135 41.93353116597134, -87.64590422777135 41.93353116597134)"
892664c1b73ffff,"H3:892664c1b73ffff (suc=26, lamba_ariza=8)",62.68,"LINESTRING (-87.61957373539752 41.855410920178834, -87.61957373539752 41.855410920178834)"
892664d8ad3ffff,"H3:892664d8ad3ffff (suc=20, lamba_ariza=16)",63.19,"LINESTRING (-87.7051055181301 41.99041936914096, -87.7051055181301 41.99041936914096)"
892664cc6d7ffff,"H3:892664cc6d7ffff (suc=4, lamba_ariza=6)",18.82,"LINESTRING (-87.6405198674442 41.80587111010136, -87.6405198674442 41.80587111010136)"
892664cb4c7ffff,"H3:892664cb4c7ffff (suc=5, lamba_ariza=13)",26.79,"LINESTRING (-87.7921184446269 41.971975339903686, -87.7921184446269 41.971975339903686)"
892664d9eabffff,"H3:892664d9eabffff (suc=1, lamba_ariza=4)",4.76,"LINESTRING (-87.76594383897645 42.00599962668593, -87.76594383897645 42.00599962668593)"
892664cad07ffff,"H3:892664cad07ffff (suc=110, lamba_ariza=9)",81.81,"LINESTRING (-87.65296070203325 41.888733365949754, -87.65296070203325 41.888733365949754)"
892664ca50bffff,"H3:892664ca50bffff (suc=1, lamba_ariza=3)",3.18,"LINESTRING (-87.6934451725167 41.942892947876565, -87.6934451725167 41.942892947876565)"
892664cd90fffff,"H3:892664cd90fffff (suc=11, lamba_ariza=32)",52.58,"LINESTRING (-87.64617863843003 41.717686111017336, -87.64617863843003 41.717686111017336)"
892664c851bffff,"H3:892664c851bffff (suc=12, lamba_ariza=17)",47.89,"LINESTRING (-87.73898231578465 41.9005607643401, -87.73898231578465 41.9005607643401)"
892664c12cbffff,"H3:892664c12cbffff (suc=18, lamba_ariza=11)",54.95,"LINESTRING (-87.67724333270938 41.9343559137523, -87.67724333270938 41.9343559137523)"
892664523c7ffff,"H3:892664523c7ffff (suc=3, lamba_ariza=13)",21.64,"LINESTRING (-87.7891472097928 41.78102857727207, -87.7891472097928 41.78102857727207)"
892664cc8abffff,"H3:892664cc8abffff (suc=12, lamba_ariza=13)",44.68,"LINESTRING (-87.57885886052674 41.72763795015262, -87.57885886052674 41.72763795015262)"
892664cc1bbffff,"H3:892664cc1bbffff (suc=22, lamba_ariza=22)",70.2,"LINESTRING (-87.58983782973147 41.766949822968925, -87.58983782973147 41.766949822968925)"
892664cd163ffff,"H3:892664cd163ffff (suc=29, lamba_ariza=20)",76.41,"LINESTRING (-87.68474985741399 41.766546454496144, -87.68474985741399 41.766546454496144)"
892664cf1d7ffff,"H3:892664cf1d7ffff (suc=30, lamba_ariza=4)",62.95,"LINESTRING (-87.63190055767458 41.82626643185179, -87.63190055767458 41.82626643185179)"
892664cf2a3ffff,"H3:892664cf2a3ffff (suc=16, lamba_ariza=18)",56.05,"LINESTRING (-87.67036974504462 41.82876181505008, -87.67036974504462 41.82876181505008)"
892664caecfffff,"H3:892664caecfffff (suc=29, lamba_ariza=19)",75.77,"LINESTRING (-87.71242678142757 41.907248316203514, -87.71242678142757 41.907248316203514)"
892664cf02bffff,"H3:892664cf02bffff (suc=2, lamba_ariza=6)",13.22,"LINESTRING (-87.65175039367531 41.826058689464865, -87.65175039367531 41.826058689464865)"
892664561c7ffff,"H3:892664561c7ffff (suc=1, lamba_ariza=1)",5.02,"LINESTRING (-87.61363248596653 41.67341082427975, -87.61363248596653 41.67341082427975)"
892664191cfffff,"H3:892664191cfffff (suc=1, lamba_ariza=9)",8.05,"LINESTRING (-87.53818190906026 41.665456295106715, -87.53818190906026 41.665456295106715)"
892664cb493ffff,"H3:892664cb493ffff (suc=4, lamba_ariza=10)",20.07,"LINESTRING (-87.78244045528056 41.976158695319235, -87.78244045528056 41.976158695319235)"
892664cb3bbffff,"H3:892664cb3bbffff (suc=12, lamba_ariza=10)",42.3,"LINESTRING (-87.79903637121123 41.927155872218876, -87.79903637121123 41.927155872218876)"
892664d81b3ffff,"H3:892664d81b3ffff (suc=36, lamba_ariza=11)",73.9,"LINESTRING (-87.67161792293174 42.02277026708098, -87.67161792293174 42.02277026708098)"
892664cf467ffff,"H3:892664cf467ffff (suc=15, lamba_ariza=21)",57.85,"LINESTRING (-87.64735046905857 41.845835006926585, -87.64735046905857 41.845835006926585)"
8926645703bffff,"H3:8926645703bffff (suc=3, lamba_ariza=3)",12.47,"LINESTRING (-87.71063520261791 41.686295257738315, -87.71063520261791 41.686295257738315)"
892664cd4afffff,"H3:892664cd4afffff (suc=0, lamba_ariza=1)",0.01,"LINESTRING (-87.68019995113214 41.805450363579375, -87.68019995113214 41.805450363579375)"
892664c1b57ffff,"H3:892664c1b57ffff (suc=24, lamba_ariza=6)",59.18,"LINESTRING (-87.62132638588591 41.86061700505862, -87.62132638588591 41.86061700505862)"
892664d8943ffff,"H3:892664d8943ffff (suc=13, lamba_ariza=14)",47.76,"LINESTRING (-87.66245062127706 41.96938164359898, -87.66245062127706 41.96938164359898)"
892664c1e2bffff,"H3:892664c1e2bffff (suc=203, lamba_ariza=70)",99.82,"LINESTRING (-87.62587335679817 41.88727620201131, -87.62587335679817 41.88727620201131)"
892664cc12fffff,"H3:892664cc12fffff (suc=1, lamba_ariza=6)",7.39,"LINESTRING (-87.59476888910612 41.75530464812929, -87.59476888910612 41.75530464812929)"
892664c8807ffff,"H3:892664c8807ffff (suc=13, lamba_ariza=23)",54.18,"LINESTRING (-87.72922506240688 41.839140411485246, -87.72922506240688 41.839140411485246)"
892664d991bffff,"H3:892664d991bffff (suc=1, lamba_ariza=0)",3.74,"LINESTRING (-87.73416910507756 41.977883426385304, -87.73416910507756 41.977883426385304)"
89266419423ffff,"H3:89266419423ffff (suc=13, lamba_ariza=16)",50.96,"LINESTRING (-87.53969082365246 41.68977054799519, -87.53969082365246 41.68977054799519)"
8926641b2dbffff,"H3:8926641b2dbffff (suc=9, lamba_ariza=31)",47.54,"LINESTRING (-87.54344436171574 41.727400221843226, -87.54344436171574 41.727400221843226)"
892664ccd8bffff,"H3:892664ccd8bffff (suc=26, lamba_ariza=16)",69.08,"LINESTRING (-87.55410980355553 41.73947066478028, -87.55410980355553 41.73947066478028)"
892664c8303ffff,"H3:892664c8303ffff (suc=2, lamba_ariza=2)",8.31,"LINESTRING (-87.7740984326286 41.87344888085912, -87.7740984326286 41.87344888085912)"
892664563afffff,"H3:892664563afffff (suc=2, lamba_ariza=2)",7.45,"LINESTRING (-87.6311520545167 41.659913790402406, -87.6311520545167 41.659913790402406)"
892664cb59bffff,"H3:892664cb59bffff (suc=12, lamba_ariza=15)",46.95,"LINESTRING (-87.7656682817052 41.959503213547976, -87.7656682817052 41.959503213547976)"
892664d8867ffff,"H3:892664d8867ffff (suc=8, lamba_ariza=14)",36.22,"LINESTRING (-87.67566638649329 41.97563155133397, -87.67566638649329 41.97563155133397)"
892664d9b33ffff,"H3:892664d9b33ffff (suc=11, lamba_ariza=15)",45.45,"LINESTRING (-87.75476246353993 41.96660360962997, -87.75476246353993 41.96660360962997)"
892664cccafffff,"H3:892664cccafffff (suc=15, lamba_ariza=33)",61.72,"LINESTRING (-87.56724886403074 41.74572026897032, -87.56724886403074 41.74572026897032)"
892664190d3ffff,"H3:892664190d3ffff (suc=1, lamba_ariza=0)",3.04,"LINESTRING (-87.55651448160309 41.68729352058115, -87.55651448160309 41.68729352058115)"
89266419157ffff,"H3:89266419157ffff (suc=0, lamba_ariza=3)",2.6,"LINESTRING (-87.53941561142807 41.662548949212116, -87.53941561142807 41.662548949212116)"
89275936837ffff,"H3:89275936837ffff (suc=1, lamba_ariza=7)",5.73,"LINESTRING (-87.82336355864028 41.99194031894676, -87.82336355864028 41.99194031894676)"
8926645647bffff,"H3:8926645647bffff (suc=11, lamba_ariza=11)",40.4,"LINESTRING (-87.63374832165637 41.70043205502127, -87.63374832165637 41.70043205502127)"
892664ca563ffff,"H3:892664ca563ffff (suc=12, lamba_ariza=29)",55.35,"LINESTRING (-87.6959066993148 41.93705584030299, -87.6959066993148 41.93705584030299)"
892664cf3c3ffff,"H3:892664cf3c3ffff (suc=7, lamba_ariza=3)",24.67,"LINESTRING (-87.66562718467921 41.821269858397216, -87.66562718467921 41.821269858397216)"
892759349b7ffff,"H3:892759349b7ffff (suc=0, lamba_ariza=4)",3.08,"LINESTRING (-87.84236212137333 41.937085395353016, -87.84236212137333 41.937085395353016)"
892664cd16bffff,"H3:892664cd16bffff (suc=20, lamba_ariza=27)",68.5,"LINESTRING (-87.68895953137049 41.76592125414408, -87.68895953137049 41.76592125414408)"
892664cd553ffff,"H3:892664cd553ffff (suc=0, lamba_ariza=6)",4.81,"LINESTRING (-87.67967106206288 41.79733559852589, -87.67967106206288 41.79733559852589)"
892664cd52fffff,"H3:892664cd52fffff (suc=37, lamba_ariza=10)",73.33,"LINESTRING (-87.66597945123647 41.78298305570078, -87.66597945123647 41.78298305570078)"
892664523cbffff,"H3:892664523cbffff (suc=1, lamba_ariza=0)",0.1,"LINESTRING (-87.79634422477434 41.78268367252854, -87.79634422477434 41.78268367252854)"
892664cf24fffff,"H3:892664cf24fffff (suc=7, lamba_ariza=11)",29.46,"LINESTRING (-87.69443377879699 41.82792120498096, -87.69443377879699 41.82792120498096)"
892664ca69bffff,"H3:892664ca69bffff (suc=10, lamba_ariza=10)",36.97,"LINESTRING (-87.73608643364945 41.96391314575386, -87.73608643364945 41.96391314575386)"
892664ccd93ffff,"H3:892664ccd93ffff (suc=21, lamba_ariza=23)",68.62,"LINESTRING (-87.54866424148106 41.743000979000456, -87.54866424148106 41.743000979000456)"
892664cc323ffff,"H3:892664cc323ffff (suc=14, lamba_ariza=30)",60.05,"LINESTRING (-87.62301072981936 41.75385995791375, -87.62301072981936 41.75385995791375)"
892664cdc67ffff,"H3:892664cdc67ffff (suc=39, lamba_ariza=13)",77.2,"LINESTRING (-87.66089503116638 41.74824933478606, -87.66089503116638 41.74824933478606)"
892664d8963ffff,"H3:892664d8963ffff (suc=56, lamba_ariza=5)",74.71,"LINESTRING (-87.6576947971517 41.961877477179414, -87.6576947971517 41.961877477179414)"
8926645258fffff,"H3:8926645258fffff (suc=35, lamba_ariza=23)",82.44,"LINESTRING (-87.74392320807584 41.80416607467668, -87.74392320807584 41.80416607467668)"
8926641917bffff,"H3:8926641917bffff (suc=4, lamba_ariza=31)",35.74,"LINESTRING (-87.54188254023165 41.656734551985544, -87.54188254023165 41.656734551985544)"
892664cdd23ffff,"H3:892664cdd23ffff (suc=4, lamba_ariza=32)",36.77,"LINESTRING (-87.63162066324662 41.733483646411386, -87.63162066324662 41.733483646411386)"
892664d8e23ffff,"H3:892664d8e23ffff (suc=13, lamba_ariza=30)",56.45,"LINESTRING (-87.6881853910948 41.99293306871492, -87.6881853910948 41.99293306871492)"
892664d8123ffff,"H3:892664d8123ffff (suc=16, lamba_ariza=9)",48.49,"LINESTRING (-87.67955322700874 42.01337849154937, -87.67955322700874 42.01337849154937)"
892664cf5cfffff,"H3:892664cf5cfffff (suc=26, lamba_ariza=14)",67.81,"LINESTRING (-87.6287245277286 41.843127923146966, -87.6287245277286 41.843127923146966)"
892664cda8bffff,"H3:892664cda8bffff (suc=2, lamba_ariza=22)",23.08,"LINESTRING (-87.69280314220326 41.73805503408845, -87.69280314220326 41.73805503408845)"
892664576a7ffff,"H3:892664576a7ffff (suc=1, lamba_ariza=8)",10.84,"LINESTRING (-87.71888481876097 41.7041622557861, -87.71888481876097 41.7041622557861)"
892664ccc8fffff,"H3:892664ccc8fffff (suc=19, lamba_ariza=11)",55.59,"LINESTRING (-87.57196890272276 41.75321078900121, -87.57196890272276 41.75321078900121)"
892664cd4c3ffff,"H3:892664cd4c3ffff (suc=21, lamba_ariza=30)",72.19,"LINESTRING (-87.69512968985511 41.81689035527805, -87.69512968985511 41.81689035527805)"
892664cf68fffff,"H3:892664cf68fffff (suc=15, lamba_ariza=56)",64.49,"LINESTRING (-87.66773515067041 41.85374371046344, -87.66773515067041 41.85374371046344)"
8926645700fffff,"H3:8926645700fffff (suc=1, lamba_ariza=6)",6.75,"LINESTRING (-87.7136141995847 41.688579594308834, -87.7136141995847 41.688579594308834)"
892664c1bdbffff,"H3:892664c1bdbffff (suc=28, lamba_ariza=25)",77.84,"LINESTRING (-87.62184581941887 41.868738757681385, -87.62184581941887 41.868738757681385)"
892664cdd67ffff,"H3:892664cdd67ffff (suc=8, lamba_ariza=15)",35.97,"LINESTRING (-87.64003637896968 41.73223774221876, -87.64003637896968 41.73223774221876)"
892664cab6bffff,"H3:892664cab6bffff (suc=42, lamba_ariza=26)",87.42,"LINESTRING (-87.70499787963277 41.85914216267236, -87.70499787963277 41.85914216267236)"
89275934177ffff,"H3:89275934177ffff (suc=1, lamba_ariza=0)",1.09,"LINESTRING (-87.89398051718932 41.98408044315957, -87.89398051718932 41.98408044315957)"
892664c8157ffff,"H3:892664c8157ffff (suc=109, lamba_ariza=16)",88.0,"LINESTRING (-87.751784406667 41.87951225902111, -87.751784406667 41.87951225902111)"
892664cd433ffff,"H3:892664cd433ffff (suc=13, lamba_ariza=22)",53.24,"LINESTRING (-87.68441327753905 41.804824829158136, -87.68441327753905 41.804824829158136)"
892664d936bffff,"H3:892664d936bffff (suc=4, lamba_ariza=2)",15.36,"LINESTRING (-87.80511052938493 42.01657979468568, -87.80511052938493 42.01657979468568)"
892664c12c7ffff,"H3:892664c12c7ffff (suc=22, lamba_ariza=18)",67.02,"LINESTRING (-87.6700247999624 41.93269146168579, -87.6700247999624 41.93269146168579)"
892664ca107ffff,"H3:892664ca107ffff (suc=29, lamba_ariza=27)",79.35,"LINESTRING (-87.69484060359869 41.92080206301219, -87.69484060359869 41.92080206301219)"
892664cf4abffff,"H3:892664cf4abffff (suc=32, lamba_ariza=20)",78.72,"LINESTRING (-87.63645012829754 41.85291406097659, -87.63645012829754 41.85291406097659)"
892664cf313ffff,"H3:892664cf313ffff (suc=1, lamba_ariza=2)",6.53,"LINESTRING (-87.659656387639 41.81669205136141, -87.659656387639 41.81669205136141)"
892664cf66fffff,"H3:892664cf66fffff (suc=0, lamba_ariza=1)",0.64,"LINESTRING (-87.68108841494752 41.840832015076366, -87.68108841494752 41.840832015076366)"
8926645750bffff,"H3:8926645750bffff (suc=1, lamba_ariza=8)",8.33,"LINESTRING (-87.68717484856172 41.69523750532075, -87.68717484856172 41.69523750532075)"
892664c8c03ffff,"H3:892664c8c03ffff (suc=33, lamba_ariza=50)",86.79,"LINESTRING (-87.72363121531909 41.86183681583791, -87.72363121531909 41.86183681583791)"
892664cccd7ffff,"H3:892664cccd7ffff (suc=24, lamba_ariza=23)",72.25,"LINESTRING (-87.57792411951428 41.757790588440486, -87.57792411951428 41.757790588440486)"
892664c1163ffff,"H3:892664c1163ffff (suc=5, lamba_ariza=3)",19.61,"LINESTRING (-87.62444571874045 41.909359199407085, -87.62444571874045 41.909359199407085)"
892664cb113ffff,"H3:892664cb113ffff (suc=15, lamba_ariza=6)",45.41,"LINESTRING (-87.77670104473707 41.93322929231994, -87.77670104473707 41.93322929231994)"
892664562cfffff,"H3:892664562cfffff (suc=11, lamba_ariza=52)",54.65,"LINESTRING (-87.66808337983484 41.684434486045305, -87.66808337983484 41.684434486045305)"
892664d83a7ffff,"H3:892664d83a7ffff (suc=12, lamba_ariza=24)",52.29,"LINESTRING (-87.69948108177704 42.01315745752074, -87.69948108177704 42.01315745752074)"
892664ca637ffff,"H3:892664ca637ffff (suc=8, lamba_ariza=7)",30.56,"LINESTRING (-87.7307805206333 41.94828453888787, -87.7307805206333 41.94828453888787)"
892664d892fffff,"H3:892664d892fffff (suc=21, lamba_ariza=23)",68.69,"LINESTRING (-87.64747842937231 41.957918831198036, -87.64747842937231 41.957918831198036)"
892664d988bffff,"H3:892664d988bffff (suc=0, lamba_ariza=9)",7.33,"LINESTRING (-87.74970933597895 41.997468401373695, -87.74970933597895 41.997468401373695)"
892664194abffff,"H3:892664194abffff (suc=9, lamba_ariza=38)",48.59,"LINESTRING (-87.53722184494615 41.695587343782066, -87.53722184494615 41.695587343782066)"
892664d9e07ffff,"H3:892664d9e07ffff (suc=0, lamba_ariza=8)",6.42,"LINESTRING (-87.7701734307284 42.00536845740093, -87.7701734307284 42.00536845740093)"
89266452573ffff,"H3:89266452573ffff (suc=20, lamba_ariza=28)",68.99,"LINESTRING (-87.75479270259304 41.79708263250997, -87.75479270259304 41.79708263250997)"
89275934c57ffff,"H3:89275934c57ffff (suc=4, lamba_ariza=0)",13.15,"LINESTRING (-87.87773528479659 41.97557040866632, -87.87773528479659 41.97557040866632)"
892664cc597ffff,"H3:892664cc597ffff (suc=8, lamba_ariza=6)",28.13,"LINESTRING (-87.57873364295332 41.793157194201164, -87.57873364295332 41.793157194201164)"
89266456c97ffff,"H3:89266456c97ffff (suc=2, lamba_ariza=11)",14.36,"LINESTRING (-87.5802146533513 41.65926308387946, -87.5802146533513 41.65926308387946)"
892664ccdabffff,"H3:892664ccdabffff (suc=34, lamba_ariza=22)",81.26,"LINESTRING (-87.54939385039957 41.73198041410127, -87.54939385039957 41.73198041410127)"
892664c132bffff,"H3:892664c132bffff (suc=37, lamba_ariza=12)",74.8,"LINESTRING (-87.64679791337993 41.9033165408317, -87.64679791337993 41.9033165408317)"
892664cc1b3ffff,"H3:892664cc1b3ffff (suc=47, lamba_ariza=16)",83.04,"LINESTRING (-87.58562569483043 41.76757149342816, -87.58562569483043 41.76757149342816)"
892664cce43ffff,"H3:892664cce43ffff (suc=14, lamba_ariza=24)",57.97,"LINESTRING (-87.61828295537163 41.74637194375635, -87.61828295537163 41.74637194375635)"
892664cd043ffff,"H3:892664cd043ffff (suc=17, lamba_ariza=29)",64.48,"LINESTRING (-87.71038175797251 41.79004148403454, -87.71038175797251 41.79004148403454)"
892664d8e13ffff,"H3:892664d8e13ffff (suc=15, lamba_ariza=7)",46.59,"LINESTRING (-87.69171644723959 42.00335907925366, -87.69171644723959 42.00335907925366)"
892664cc64bffff,"H3:892664cc64bffff (suc=20, lamba_ariza=23)",66.7,"LINESTRING (-87.65562179922178 41.79817192519377, -87.65562179922178 41.79817192519377)"
892664d980fffff,"H3:892664d980fffff (suc=0, lamba_ariza=4)",3.29,"LINESTRING (-87.75339455696165 41.98870574034547, -87.75339455696165 41.98870574034547)"
892664cdb83ffff,"H3:892664cdb83ffff (suc=4, lamba_ariza=10)",22.1,"LINESTRING (-87.66773360467305 41.72267558677764, -87.66773360467305 41.72267558677764)"
892664cccb3ffff,"H3:892664cccb3ffff (suc=73, lamba_ariza=7)",78.45,"LINESTRING (-87.5647805327579 41.75154156581293, -87.5647805327579 41.75154156581293)"
892664193abffff,"H3:892664193abffff (suc=1, lamba_ariza=10)",10.5,"LINESTRING (-87.55449136172449 41.65487801621485, -87.55449136172449 41.65487801621485)"
892664cc06bffff,"H3:892664cc06bffff (suc=25, lamba_ariza=31)",76.28,"LINESTRING (-87.63000974996977 41.77466109220192, -87.63000974996977 41.77466109220192)"
892664ccb07ffff,"H3:892664ccb07ffff (suc=1, lamba_ariza=3)",4.06,"LINESTRING (-87.59169088984822 41.70664959402315, -87.59169088984822 41.70664959402315)"
892664ca84bffff,"H3:892664ca84bffff (suc=25, lamba_ariza=5)",59.63,"LINESTRING (-87.70115166784852 41.88704961393498, -87.70115166784852 41.88704961393498)"
892664caa4fffff,"H3:892664caa4fffff (suc=82, lamba_ariza=13)",84.52,"LINESTRING (-87.72769796902455 41.88036685100661, -87.72769796902455 41.88036685100661)"
892664d8b4bffff,"H3:892664d8b4bffff (suc=3, lamba_ariza=16)",22.71,"LINESTRING (-87.69627601794727 41.96436173458836, -87.69627601794727 41.96436173458836)"
892664193afffff,"H3:892664193afffff (suc=2, lamba_ariza=15)",18.55,"LINESTRING (-87.55152121732394 41.65258993796049, -87.55152121732394 41.65258993796049)"
89266452d0bffff,"H3:89266452d0bffff (suc=6, lamba_ariza=8)",26.02,"LINESTRING (-87.72033601944946 41.74760733369731, -87.72033601944946 41.74760733369731)"
892664ca2d3ffff,"H3:892664ca2d3ffff (suc=20, lamba_ariza=15)",61.36,"LINESTRING (-87.7519046992987 41.94513725609796, -87.7519046992987 41.94513725609796)"
892664cc823ffff,"H3:892664cc823ffff (suc=3, lamba_ariza=4)",12.62,"LINESTRING (-87.58132406116269 41.72181820695857, -87.58132406116269 41.72181820695857)"
89266457093ffff,"H3:89266457093ffff (suc=3, lamba_ariza=3)",11.69,"LINESTRING (-87.70451835419873 41.70084337949298, -87.70451835419873 41.70084337949298)"
892664cca17ffff,"H3:892664cca17ffff (suc=5, lamba_ariza=30)",36.99,"LINESTRING (-87.61129328025564 41.72557666047849, -87.61129328025564 41.72557666047849)"
892664cc56bffff,"H3:892664cc56bffff (suc=30, lamba_ariza=17)",74.38,"LINESTRING (-87.60052329006967 41.77902052905269, -87.60052329006967 41.77902052905269)"
892664cf58bffff,"H3:892664cf58bffff (suc=63, lamba_ariza=21)",89.02,"LINESTRING (-87.62028806438698 41.84437583726703, -87.62028806438698 41.84437583726703)"
892664cc1a3ffff,"H3:892664cc1a3ffff (suc=33, lamba_ariza=11)",71.58,"LINESTRING (-87.58685899254425 41.76466005995344, -87.58685899254425 41.76466005995344)"
89266457197ffff,"H3:89266457197ffff (suc=4, lamba_ariza=15)",26.57,"LINESTRING (-87.68069073269625 41.68256339163758, -87.68069073269625 41.68256339163758)"
892664cb213ffff,"H3:892664cb213ffff (suc=9, lamba_ariza=34)",48.74,"LINESTRING (-87.82725298331295 41.94482273978854, -87.82725298331295 41.94482273978854)"
892664c84c3ffff,"H3:892664c84c3ffff (suc=8, lamba_ariza=11)",31.82,"LINESTRING (-87.76171648022537 41.921787225878276, -87.76171648022537 41.921787225878276)"
8926645641bffff,"H3:8926645641bffff (suc=59, lamba_ariza=22)",89.33,"LINESTRING (-87.62708554455725 41.70687334943276, -87.62708554455725 41.70687334943276)"
892664c1ebbffff,"H3:892664c1ebbffff (suc=24, lamba_ariza=8)",60.13,"LINESTRING (-87.61794775919192 41.896649541820764, -87.61794775919192 41.896649541820764)"
892664ca333ffff,"H3:892664ca333ffff (suc=16, lamba_ariza=2)",42.89,"LINESTRING (-87.72140763846302 41.91411688437073, -87.72140763846302 41.91411688437073)"
892664190b3ffff,"H3:892664190b3ffff (suc=0, lamba_ariza=2)",1.63,"LINESTRING (-87.54042174474166 41.67875706356109, -87.54042174474166 41.67875706356109)"
8926641912fffff,"H3:8926641912fffff (suc=8, lamba_ariza=17)",39.52,"LINESTRING (-87.52877131949025 41.650487170738295, -87.52877131949025 41.650487170738295)"
89266456557ffff,"H3:89266456557ffff (suc=15, lamba_ariza=35)",62.34,"LINESTRING (-87.61046015121681 41.690240498935985, -87.61046015121681 41.690240498935985)"
892664ca36fffff,"H3:892664ca36fffff (suc=54, lamba_ariza=12)",80.35,"LINESTRING (-87.73530126217808 41.90931349179474, -87.73530126217808 41.90931349179474)"
892664cb2a7ffff,"H3:892664cb2a7ffff (suc=9, lamba_ariza=48)",51.93,"LINESTRING (-87.81403052894201 41.93859318525556, -87.81403052894201 41.93859318525556)"
8927593690bffff,"H3:8927593690bffff (suc=2, lamba_ariza=8)",12.2,"LINESTRING (-87.8155786038416 41.982154077900375, -87.8155786038416 41.982154077900375)"
892664d89abffff,"H3:892664d89abffff (suc=18, lamba_ariza=14)",58.46,"LINESTRING (-87.64377459994223 41.96667588568358, -87.64377459994223 41.96667588568358)"
892664ca2d7ffff,"H3:892664ca2d7ffff (suc=23, lamba_ariza=11)",62.02,"LINESTRING (-87.74890750811099 41.942847910475024, -87.74890750811099 41.942847910475024)"
892664c1ac3ffff,"H3:892664c1ac3ffff (suc=38, lamba_ariza=26)",85.72,"LINESTRING (-87.63977211300117 41.88248576325798, -87.63977211300117 41.88248576325798)"
892664cf643ffff,"H3:892664cf643ffff (suc=31, lamba_ariza=50)",85.28,"LINESTRING (-87.68460632095099 41.851240036207706, -87.68460632095099 41.851240036207706)"
892664ca403ffff,"H3:892664ca403ffff (suc=17, lamba_ariza=10)",51.4,"LINESTRING (-87.71018825181666 41.95955747036799, -87.71018825181666 41.95955747036799)"
892664cc8cfffff,"H3:892664cc8cfffff (suc=7, lamba_ariza=3)",24.39,"LINESTRING (-87.59199710328603 41.73388384251298, -87.59199710328603 41.73388384251298)"
892664c8c8fffff,"H3:892664c8c8fffff (suc=91, lamba_ariza=24)",92.77,"LINESTRING (-87.7181864883163 41.86538043120465, -87.7181864883163 41.86538043120465)"
892664c8473ffff,"H3:892664c8473ffff (suc=50, lamba_ariza=30)",91.16,"LINESTRING (-87.7623976029993 41.91074438136344, -87.7623976029993 41.91074438136344)"
892664cd067ffff,"H3:892664cd067ffff (suc=39, lamba_ariza=16)",79.69,"LINESTRING (-87.70265243997761 41.78026799545263, -87.70265243997761 41.78026799545263)"
892664c8047ffff,"H3:892664c8047ffff (suc=16, lamba_ariza=34)",64.84,"LINESTRING (-87.77396692515511 41.892608493695036, -87.77396692515511 41.892608493695036)"
892664cc363ffff,"H3:892664cc363ffff (suc=31, lamba_ariza=11)",70.1,"LINESTRING (-87.63441050378255 41.754902347146114, -87.63441050378255 41.754902347146114)"
892664d8b6bffff,"H3:892664d8b6bffff (suc=6, lamba_ariza=19)",35.97,"LINESTRING (-87.69151561083332 41.956859698142814, -87.69151561083332 41.956859698142814)"
8926645707bffff,"H3:8926645707bffff (suc=0, lamba_ariza=2)",1.63,"LINESTRING (-87.7220178300318 41.68732898762099, -87.7220178300318 41.68732898762099)"
892664cd857ffff,"H3:892664cd857ffff (suc=9, lamba_ariza=37)",49.95,"LINESTRING (-87.6729932471442 41.73826744528017, -87.6729932471442 41.73826744528017)"
892664cd3c3ffff,"H3:892664cd3c3ffff (suc=9, lamba_ariza=23)",46.49,"LINESTRING (-87.7122985907994 41.77610308380836, -87.7122985907994 41.77610308380836)"
892664521d3ffff,"H3:892664521d3ffff (suc=3, lamba_ariza=3)",13.59,"LINESTRING (-87.76144854945252 41.79062721202195, -87.76144854945252 41.79062721202195)"
892664cadd7ffff,"H3:892664cadd7ffff (suc=18, lamba_ariza=10)",54.19,"LINESTRING (-87.65647616015463 41.89914838466353, -87.65647616015463 41.89914838466353)"
89266452537ffff,"H3:89266452537ffff (suc=10, lamba_ariza=15)",41.47,"LINESTRING (-87.74039605797577 41.79376632047817, -87.74039605797577 41.79376632047817)"
892664cf08bffff,"H3:892664cf08bffff (suc=24, lamba_ariza=23)",72.11,"LINESTRING (-87.64981292441585 41.84000563295433, -87.64981292441585 41.84000563295433)"
892664d9b47ffff,"H3:892664d9b47ffff (suc=5, lamba_ariza=16)",28.45,"LINESTRING (-87.76921359474954 41.96992183312561, -87.76921359474954 41.96992183312561)"
892664cf477ffff,"H3:892664cf477ffff (suc=45, lamba_ariza=21)",85.99,"LINESTRING (-87.646119002784 41.848749840620265, -87.646119002784 41.848749840620265)"
892664ccbb7ffff,"H3:892664ccbb7ffff (suc=41, lamba_ariza=5)",71.15,"LINESTRING (-87.57907060718217 41.70851208184343, -87.57907060718217 41.70851208184343)"
892664c1e13ffff,"H3:892664c1e13ffff (suc=65, lamba_ariza=30)",93.26,"LINESTRING (-87.62515970902368 41.89831696298621, -87.62515970902368 41.89831696298621)"
892664ca293ffff,"H3:892664ca293ffff (suc=7, lamba_ariza=13)",33.72,"LINESTRING (-87.74045858970908 41.94410698063437, -87.74045858970908 41.94410698063437)"
892664cd493ffff,"H3:892664cd493ffff (suc=2, lamba_ariza=3)",8.05,"LINESTRING (-87.68248670777042 41.818768142043794, -87.68248670777042 41.818768142043794)"
89275936b0bffff,"H3:89275936b0bffff (suc=12, lamba_ariza=2)",34.94,"LINESTRING (-87.84515865292836 41.977722543600215, -87.84515865292836 41.977722543600215)"
892664cc623ffff,"H3:892664cc623ffff (suc=5, lamba_ariza=12)",25.88,"LINESTRING (-87.63526306931165 41.79026485450417, -87.63526306931165 41.79026485450417)"
892664cde1bffff,"H3:892664cde1bffff (suc=0, lamba_ariza=3)",2.1,"LINESTRING (-87.68965582401347 41.75489865765754, -87.68965582401347 41.75489865765754)"
892664cb433ffff,"H3:892664cb433ffff (suc=3, lamba_ariza=51)",34.22,"LINESTRING (-87.78434287378366 41.962188745517146, -87.78434287378366 41.962188745517146)"
892664cc393ffff,"H3:892664cc393ffff (suc=36, lamba_ariza=23)",83.16,"LINESTRING (-87.6198363629627 41.770706402106754, -87.6198363629627 41.770706402106754)"
89275936967ffff,"H3:89275936967ffff (suc=2, lamba_ariza=9)",12.63,"LINESTRING (-87.8150240208806 41.97402422674788, -87.8150240208806 41.97402422674788)"
89275934d33ffff,"H3:89275934d33ffff (suc=0, lamba_ariza=1)",0.14,"LINESTRING (-87.8434801454481 41.95333792863648, -87.8434801454481 41.95333792863648)"
892664194a3ffff,"H3:892664194a3ffff (suc=8, lamba_ariza=29)",44.77,"LINESTRING (-87.53301495360674 41.696206230257864, -87.53301495360674 41.696206230257864)"
892664cc8bbffff,"H3:892664cc8bbffff (suc=6, lamba_ariza=19)",34.42,"LINESTRING (-87.5776260220315 41.73054796883349, -87.5776260220315 41.73054796883349)"
892664cc5cbffff,"H3:892664cc5cbffff (suc=5, lamba_ariza=8)",23.15,"LINESTRING (-87.59857210199876 41.792959479440825, -87.59857210199876 41.792959479440825)"
892664ca14bffff,"H3:892664ca14bffff (suc=18, lamba_ariza=8)",52.42,"LINESTRING (-87.71349870730997 41.92349895760834, -87.71349870730997 41.92349895760834)"
892664c1aabffff,"H3:892664c1aabffff (suc=150, lamba_ariza=44)",98.73,"LINESTRING (-87.62782015330596 41.87332121815481, -87.62782015330596 41.87332121815481)"
892664c1a33ffff,"H3:892664c1a33ffff (suc=34, lamba_ariza=15)",76.35,"LINESTRING (-87.62905348488592 41.870405616941476, -87.62905348488592 41.870405616941476)"
892664cd2bbffff,"H3:892664cd2bbffff (suc=10, lamba_ariza=26)",49.79,"LINESTRING (-87.72002906585631 41.785875357491875, -87.72002906585631 41.785875357491875)"
892664cf29bffff,"H3:892664cf29bffff (suc=0, lamba_ariza=1)",0.8,"LINESTRING (-87.678100964301 41.838543105125595, -87.678100964301 41.838543105125595)"
892664cdb2fffff,"H3:892664cdb2fffff (suc=11, lamba_ariza=24)",50.83,"LINESTRING (-87.67088687908642 41.705838793230534, -87.67088687908642 41.705838793230534)"
8926645600bffff,"H3:8926645600bffff (suc=18, lamba_ariza=41)",69.49,"LINESTRING (-87.63691270481304 41.683600105979174, -87.63691270481304 41.683600105979174)"
892664d83afffff,"H3:892664d83afffff (suc=5, lamba_ariza=5)",21.26,"LINESTRING (-87.70371293517428 42.012528585414145, -87.70371293517428 42.012528585414145)"
892664cc21bffff,"H3:892664cc21bffff (suc=76, lamba_ariza=3)",75.53,"LINESTRING (-87.65159040120336 41.77965560524965, -87.65159040120336 41.77965560524965)"
892664cd62bffff,"H3:892664cd62bffff (suc=19, lamba_ariza=8)",54.36,"LINESTRING (-87.71933960347657 41.796901868096334, -87.71933960347657 41.796901868096334)"
892664ca6a3ffff,"H3:892664ca6a3ffff (suc=23, lamba_ariza=26)",72.52,"LINESTRING (-87.72832301833165 41.954122956141276, -87.72832301833165 41.954122956141276)"
892664cce73ffff,"H3:892664cce73ffff (suc=13, lamba_ariza=17)",50.3,"LINESTRING (-87.61232580608787 41.74179500365926, -87.61232580608787 41.74179500365926)"
892664d9ad7ffff,"H3:892664d9ad7ffff (suc=2, lamba_ariza=10)",14.2,"LINESTRING (-87.78231212620092 41.99534169364642, -87.78231212620092 41.99534169364642)"
892664cca4fffff,"H3:892664cca4fffff (suc=48, lamba_ariza=14)",80.85,"LINESTRING (-87.62812314725814 41.72308758896128, -87.62812314725814 41.72308758896128)"
892664c816fffff,"H3:892664c816fffff (suc=0, lamba_ariza=1)",0.14,"LINESTRING (-87.75246729601287 41.86847496754031, -87.75246729601287 41.86847496754031)"
89266419097ffff,"H3:89266419097ffff (suc=1, lamba_ariza=10)",9.85,"LINESTRING (-87.54215916700525 41.68395414454064, -87.54215916700525 41.68395414454064)"
892664cd1a7ffff,"H3:892664cd1a7ffff (suc=41, lamba_ariza=25)",86.81,"LINESTRING (-87.66369912143972 41.76967031959015, -87.66369912143972 41.76967031959015)"
892664c1317ffff,"H3:892664c1317ffff (suc=18, lamba_ariza=9)",53.72,"LINESTRING (-87.64309832673254 41.91206761687578, -87.64309832673254 41.91206761687578)"
892664cce07ffff,"H3:892664cce07ffff (suc=54, lamba_ariza=34)",93.0,"LINESTRING (-87.60390703002723 41.74303917117434, -87.60390703002723 41.74303917117434)"
892664cf273ffff,"H3:892664cf273ffff (suc=9, lamba_ariza=8)",32.07,"LINESTRING (-87.68723154588852 41.826259037709, -87.68723154588852 41.826259037709)"
892664d9b1bffff,"H3:892664d9b1bffff (suc=5, lamba_ariza=8)",21.8,"LINESTRING (-87.7637602319767 41.97347272534574, -87.7637602319767 41.97347272534574)"
892664caec3ffff,"H3:892664caec3ffff (suc=30, lamba_ariza=26)",80.28,"LINESTRING (-87.71119798589444 41.910165851480684, -87.71119798589444 41.910165851480684)"
892664cd137ffff,"H3:892664cd137ffff (suc=16, lamba_ariza=27)",62.08,"LINESTRING (-87.66913749087217 41.766133761705696, -87.66913749087217 41.766133761705696)"
892664ca517ffff,"H3:892664ca517ffff (suc=8, lamba_ariza=4)",26.06,"LINESTRING (-87.68499357357686 41.9441480388273, -87.68499357357686 41.9441480388273)"
892664cb103ffff,"H3:892664cb103ffff (suc=13, lamba_ariza=28)",57.11,"LINESTRING (-87.77792611359553 41.930310456690556, -87.77792611359553 41.930310456690556)"
892664cd537ffff,"H3:892664cd537ffff (suc=12, lamba_ariza=22)",51.32,"LINESTRING (-87.6605388156587 41.78652031091814, -87.6605388156587 41.78652031091814)"
892664c18c3ffff,"H3:892664c18c3ffff (suc=1, lamba_ariza=1)",5.0,"LINESTRING (-87.61021841302788 41.88685721989229, -87.61021841302788 41.88685721989229)"
892664cd4c7ffff,"H3:892664cd4c7ffff (suc=15, lamba_ariza=52)",64.71,"LINESTRING (-87.69214319516593 41.814602419427075, -87.69214319516593 41.814602419427075)"
89275936ba3ffff,"H3:89275936ba3ffff (suc=0, lamba_ariza=2)",1.29,"LINESTRING (-87.8294796285645 41.97733480197126, -87.8294796285645 41.97733480197126)"
892664c8dc3ffff,"H3:892664c8dc3ffff (suc=29, lamba_ariza=27)",80.05,"LINESTRING (-87.70745341935408 41.85331100259599, -87.70745341935408 41.85331100259599)"
892664c1b2bffff,"H3:892664c1b2bffff (suc=2, lamba_ariza=4)",9.47,"LINESTRING (-87.61360241291648 41.850828839503514, -87.61360241291648 41.850828839503514)"
892664194b7ffff,"H3:892664194b7ffff (suc=6, lamba_ariza=17)",32.44,"LINESTRING (-87.52880790642244 41.69682497432606, -87.52880790642244 41.69682497432606)"
892664ccbabffff,"H3:892664ccbabffff (suc=3, lamba_ariza=5)",14.96,"LINESTRING (-87.58748428539577 41.7072705656133, -87.58748428539577 41.7072705656133)"
892664cf023ffff,"H3:892664cf023ffff (suc=3, lamba_ariza=16)",25.04,"LINESTRING (-87.64753434889514 41.826683325694646, -87.64753434889514 41.826683325694646)"
892664cac77ffff,"H3:892664cac77ffff (suc=24, lamba_ariza=20)",69.9,"LINESTRING (-87.67934729400903 41.90122483540292, -87.67934729400903 41.90122483540292)"
89266452d2fffff,"H3:89266452d2fffff (suc=6, lamba_ariza=21)",34.88,"LINESTRING (-87.71261187855245 41.73783923175298, -87.71261187855245 41.73783923175298)"
892664cf00bffff,"H3:892664cf00bffff (suc=7, lamba_ariza=34)",43.91,"LINESTRING (-87.65649135856503 41.83355174902433, -87.65649135856503 41.83355174902433)"
892664cf07bffff,"H3:892664cf07bffff (suc=2, lamba_ariza=1)",6.07,"LINESTRING (-87.66193789599443 41.83001234630269, -87.66193789599443 41.83001234630269)"
892664cda8fffff,"H3:892664cda8fffff (suc=3, lamba_ariza=10)",18.36,"LINESTRING (-87.68982183220832 41.735768914908796, -87.68982183220832 41.735768914908796)"
892664d9b2fffff,"H3:892664d9b2fffff (suc=13, lamba_ariza=12)",45.63,"LINESTRING (-87.75721712411082 41.960763912185406, -87.75721712411082 41.960763912185406)"
892664cf677ffff,"H3:892664cf677ffff (suc=2, lamba_ariza=6)",13.23,"LINESTRING (-87.67564232740658 41.8443727720424, -87.67564232740658 41.8443727720424)"
892664ccbd3ffff,"H3:892664ccbd3ffff (suc=5, lamba_ariza=21)",34.61,"LINESTRING (-87.598155416067 41.71933360735183, -87.598155416067 41.71933360735183)"
892664cab2fffff,"H3:892664cab2fffff (suc=8, lamba_ariza=14)",35.69,"LINESTRING (-87.6905836863219 41.855818055077435, -87.6905836863219 41.855818055077435)"
89266456007ffff,"H3:89266456007ffff (suc=8, lamba_ariza=22)",42.72,"LINESTRING (-87.62973395147328 41.68193584877521, -87.62973395147328 41.68193584877521)"
892664cdcd3ffff,"H3:892664cdcd3ffff (suc=18, lamba_ariza=13)",56.85,"LINESTRING (-87.66071699714504 41.76738260884603, -87.66071699714504 41.76738260884603)"
892664d8c3bffff,"H3:892664d8c3bffff (suc=46, lamba_ariza=13)",79.77,"LINESTRING (-87.66156594847413 41.99961973560631, -87.66156594847413 41.99961973560631)"
892664cd8c3ffff,"H3:892664cd8c3ffff (suc=17, lamba_ariza=19)",59.52,"LINESTRING (-87.6705392631746 41.74408969227835, -87.6705392631746 41.74408969227835)"
892664d8883ffff,"H3:892664d8883ffff (suc=22, lamba_ariza=22)",68.95,"LINESTRING (-87.66526888250695 41.990858709834136, -87.66526888250695 41.990858709834136)"
892664560abffff,"H3:892664560abffff (suc=17, lamba_ariza=31)",65.52,"LINESTRING (-87.62553049798983 41.68255786364385, -87.62553049798983 41.68255786364385)"
892664cd35bffff,"H3:892664cd35bffff (suc=11, lamba_ariza=14)",42.16,"LINESTRING (-87.72194277259202 41.771937674774136, -87.72194277259202 41.771937674774136)"
892664c1627ffff,"H3:892664c1627ffff (suc=12, lamba_ariza=19)",50.91,"LINESTRING (-87.6518889830124 41.93811532171107, -87.6518889830124 41.93811532171107)"
892664d99afffff,"H3:892664d99afffff (suc=18, lamba_ariza=11)",55.19,"LINESTRING (-87.72094669002638 41.97164055024995, -87.72094669002638 41.97164055024995)"
892664ca9afffff,"H3:892664ca9afffff (suc=23, lamba_ariza=19)",69.17,"LINESTRING (-87.65437398039995 41.86665628753962, -87.65437398039995 41.86665628753962)"
892664cae17ffff,"H3:892664cae17ffff (suc=20, lamba_ariza=10)",57.07,"LINESTRING (-87.70221918810294 41.90329668205639, -87.70221918810294 41.90329668205639)"
892664cac17ffff,"H3:892664cac17ffff (suc=69, lamba_ariza=29)",93.58,"LINESTRING (-87.672662644185 41.90768566466364, -87.672662644185 41.90768566466364)"
892664cd47bffff,"H3:892664cd47bffff (suc=3, lamba_ariza=2)",11.54,"LINESTRING (-87.70003825661219 41.805234886641855, -87.70003825661219 41.805234886641855)"
892664c8c67ffff,"H3:892664c8c67ffff (suc=33, lamba_ariza=26)",82.12,"LINESTRING (-87.72731080409994 41.853089534703116, -87.72731080409994 41.853089534703116)"
892664cd45bffff,"H3:892664cd45bffff (suc=26, lamba_ariza=35)",78.98,"LINESTRING (-87.70478434260491 41.812723756064706, -87.70478434260491 41.812723756064706)"
8926645614bffff,"H3:8926645614bffff (suc=12, lamba_ariza=20)",51.16,"LINESTRING (-87.62746880226948 41.66863778223775, -87.62746880226948 41.66863778223775)"
892664cdd07ffff,"H3:892664cdd07ffff (suc=1, lamba_ariza=6)",5.08,"LINESTRING (-87.63336999943806 41.7386820918202, -87.63336999943806 41.7386820918202)"
892664caab3ffff,"H3:892664caab3ffff (suc=20, lamba_ariza=6)",53.27,"LINESTRING (-87.70238051350124 41.884132992769416, -87.70238051350124 41.884132992769416)"
892664560cbffff,"H3:892664560cbffff (suc=29, lamba_ariza=23)",77.88,"LINESTRING (-87.64163686336627 41.6910818648939, -87.64163686336627 41.6910818648939)"
892664cd133ffff,"H3:892664cd133ffff (suc=28, lamba_ariza=7)",63.3,"LINESTRING (-87.67211988892137 41.76842120095884, -87.67211988892137 41.76842120095884)"
892664cc5a7ffff,"H3:892664cc5a7ffff (suc=6, lamba_ariza=1)",19.66,"LINESTRING (-87.57524305571307 41.78275162084523, -87.57524305571307 41.78275162084523)"
892664d985bffff,"H3:892664d985bffff (suc=4, lamba_ariza=10)",21.76,"LINESTRING (-87.76662518547816 41.9949456299017, -87.76662518547816 41.9949456299017)"
89266456ccbffff,"H3:89266456ccbffff (suc=5, lamba_ariza=3)",17.25,"LINESTRING (-87.59999571210066 41.6590687020529, -87.59999571210066 41.6590687020529)"
892664cf5b3ffff,"H3:892664cf5b3ffff (suc=13, lamba_ariza=4)",39.48,"LINESTRING (-87.61009991453683 41.84041779427195, -87.61009991453683 41.84041779427195)"
892664d8ed3ffff,"H3:892664d8ed3ffff (suc=18, lamba_ariza=14)",57.04,"LINESTRING (-87.69648168410835 42.01086499272931, -87.69648168410835 42.01086499272931)"
89266456403ffff,"H3:89266456403ffff (suc=20, lamba_ariza=30)",70.06,"LINESTRING (-87.62410900480823 41.70458609470286, -87.62410900480823 41.70458609470286)"
892664571b3ffff,"H3:892664571b3ffff (suc=4, lamba_ariza=20)",29.55,"LINESTRING (-87.67893841150699 41.67736937884075, -87.67893841150699 41.67736937884075)"
89266456603ffff,"H3:89266456603ffff (suc=5, lamba_ariza=3)",18.06,"LINESTRING (-87.65354412938328 41.7002273967554, -87.65354412938328 41.7002273967554)"
89266456407ffff,"H3:89266456407ffff (suc=28, lamba_ariza=27)",78.69,"LINESTRING (-87.62113273738393 41.70229880971506, -87.62113273738393 41.70229880971506)"
892664cb177ffff,"H3:892664cb177ffff (suc=31, lamba_ariza=4)",64.02,"LINESTRING (-87.7803757754486 41.924473078974636, -87.7803757754486 41.924473078974636)"
892664d812bffff,"H3:892664d812bffff (suc=11, lamba_ariza=16)",44.23,"LINESTRING (-87.68378558053558 42.012750333128345, -87.68378558053558 42.012750333128345)"
892664ca947ffff,"H3:892664ca947ffff (suc=13, lamba_ariza=9)",43.4,"LINESTRING (-87.67300972876338 41.86935936286014, -87.67300972876338 41.86935936286014)"
892664cf3a3ffff,"H3:892664cf3a3ffff (suc=0, lamba_ariza=3)",2.53,"LINESTRING (-87.6494719581171 41.812738647950894, -87.6494719581171 41.812738647950894)"
89266419ec3ffff,"H3:89266419ec3ffff (suc=6, lamba_ariza=3)",21.56,"LINESTRING (-87.54558174404879 41.648013692764025, -87.54558174404879 41.648013692764025)"
892664cf277ffff,"H3:892664cf277ffff (suc=17, lamba_ariza=18)",59.97,"LINESTRING (-87.68424477834661 41.82397065154737, -87.68424477834661 41.82397065154737)"
89266456c43ffff,"H3:89266456c43ffff (suc=8, lamba_ariza=15)",37.34,"LINESTRING (-87.60245448129119 41.653253701393645, -87.60245448129119 41.653253701393645)"
892664c1b7bffff,"H3:892664c1b7bffff (suc=87, lamba_ariza=30)",95.02,"LINESTRING (-87.6237930703657 41.85478692024289, -87.6237930703657 41.85478692024289)"
892664ca3a3ffff,"H3:892664ca3a3ffff (suc=31, lamba_ariza=8)",67.43,"LINESTRING (-87.71595654414826 41.91766298018358, -87.71595654414826 41.91766298018358)"
892664d8b3bffff,"H3:892664d8b3bffff (suc=9, lamba_ariza=14)",37.32,"LINESTRING (-87.67883399843163 41.95874244407294, -87.67883399843163 41.95874244407294)"
89266452893ffff,"H3:89266452893ffff (suc=2, lamba_ariza=12)",16.35,"LINESTRING (-87.73770175400506 41.75321040549402, -87.73770175400506 41.75321040549402)"
892664c86a3ffff,"H3:892664c86a3ffff (suc=26, lamba_ariza=28)",77.13,"LINESTRING (-87.77505999804278 41.90885448245162, -87.77505999804278 41.90885448245162)"
892664cab57ffff,"H3:892664cab57ffff (suc=26, lamba_ariza=25)",75.92,"LINESTRING (-87.70131337961799 41.86788963707079, -87.70131337961799 41.86788963707079)"
892664c81a7ffff,"H3:892664c81a7ffff (suc=30, lamba_ariza=5)",63.71,"LINESTRING (-87.73015163251873 41.874533821276074, -87.73015163251873 41.874533821276074)"
892664c8e9bffff,"H3:892664c8e9bffff (suc=0, lamba_ariza=1)",0.55,"LINESTRING (-87.74947505226349 41.866187454265315, -87.74947505226349 41.866187454265315)"
892664d8c43ffff,"H3:892664d8c43ffff (suc=19, lamba_ariza=23)",65.56,"LINESTRING (-87.67479028545377 42.00587151144135, -87.67479028545377 42.00587151144135)"
892664cc2b3ffff,"H3:892664cc2b3ffff (suc=32, lamba_ariza=21)",78.84,"LINESTRING (-87.63597262439986 41.779238592912606, -87.63597262439986 41.779238592912606)"
892664cf283ffff,"H3:892664cf283ffff (suc=2, lamba_ariza=7)",12.46,"LINESTRING (-87.67511378745851 41.836254163827626, -87.67511378745851 41.836254163827626)"
892664cc163ffff,"H3:892664cc163ffff (suc=36, lamba_ariza=6)",69.27,"LINESTRING (-87.60493737391664 41.75926112921792, -87.60493737391664 41.75926112921792)"
892664d9ea3ffff,"H3:892664d9ea3ffff (suc=0, lamba_ariza=4)",3.48,"LINESTRING (-87.76171408698995 42.00663065208943, -87.76171408698995 42.00663065208943)"
892664ca043ffff,"H3:892664ca043ffff (suc=23, lamba_ariza=10)",61.17,"LINESTRING (-87.73024115664168 41.940156691724404, -87.73024115664168 41.940156691724404)"
8927593408fffff,"H3:8927593408fffff (suc=0, lamba_ariza=1)",0.33,"LINESTRING (-87.90714770796268 42.00948616213831, -87.90714770796268 42.00948616213831)"
892664ca663ffff,"H3:892664ca663ffff (suc=19, lamba_ariza=25)",66.12,"LINESTRING (-87.74645269845163 41.94868618663634, -87.74645269845163 41.94868618663634)"
892664cc197ffff,"H3:892664cc197ffff (suc=63, lamba_ariza=6)",76.73,"LINESTRING (-87.58737134628592 41.77277299805916, -87.58737134628592 41.77277299805916)"
892664ccb9bffff,"H3:892664ccb9bffff (suc=0, lamba_ariza=2)",1.75,"LINESTRING (-87.59097182615709 41.717666453319325, -87.59097182615709 41.717666453319325)"
892664cf573ffff,"H3:892664cf573ffff (suc=8, lamba_ariza=5)",27.84,"LINESTRING (-87.62820418246977 41.835008751777174, -87.62820418246977 41.835008751777174)"
892664ceb0fffff,"H3:892664ceb0fffff (suc=43, lamba_ariza=33)",90.06,"LINESTRING (-87.54916970587273 41.75111235835976, -87.54916970587273 41.75111235835976)"
892664d8b7bffff,"H3:892664d8b7bffff (suc=9, lamba_ariza=14)",38.23,"LINESTRING (-87.69028410796444 41.95977889296558, -87.69028410796444 41.95977889296558)"
892664cdd3bffff,"H3:892664cdd3bffff (suc=11, lamba_ariza=54)",56.15,"LINESTRING (-87.63459937875459 41.73577137956466, -87.63459937875459 41.73577137956466)"
892664cdb63ffff,"H3:892664cdb63ffff (suc=2, lamba_ariza=6)",13.15,"LINESTRING (-87.6810490829232 41.709786451602675, -87.6810490829232 41.709786451602675)"
892664cb287ffff,"H3:892664cb287ffff (suc=3, lamba_ariza=26)",30.32,"LINESTRING (-87.81880749660488 41.94608747985474, -87.81880749660488 41.94608747985474)"
892664ca8c7ffff,"H3:892664ca8c7ffff (suc=19, lamba_ariza=9)",53.48,"LINESTRING (-87.68726001535549 41.89184742942832, -87.68726001535549 41.89184742942832)"
8926645644fffff,"H3:8926645644fffff (suc=2, lamba_ariza=14)",17.27,"LINESTRING (-87.63672499964107 41.702718933968114, -87.63672499964107 41.702718933968114)"
892664cc42bffff,"H3:892664cc42bffff (suc=1, lamba_ariza=15)",16.04,"LINESTRING (-87.60998165383481 41.794004259001404, -87.60998165383481 41.794004259001404)"
892664cdc0bffff,"H3:892664cdc0bffff (suc=18, lamba_ariza=3)",47.9,"LINESTRING (-87.66142009113554 41.75635960193405, -87.66142009113554 41.75635960193405)"
892664c1327ffff,"H3:892664c1327ffff (suc=20, lamba_ariza=0)",48.86,"LINESTRING (-87.63958478631423 41.901650462576704, -87.63958478631423 41.901650462576704)"
892664ca3afffff,"H3:892664ca3afffff (suc=28, lamba_ariza=10)",66.12,"LINESTRING (-87.71718522400582 41.914745138044246, -87.71718522400582 41.914745138044246)"
892664cce53ffff,"H3:892664cce53ffff (suc=22, lamba_ariza=11)",60.59,"LINESTRING (-87.61705221791935 41.74928292966177, -87.61705221791935 41.74928292966177)"
892664c12d7ffff,"H3:892664c12d7ffff (suc=18, lamba_ariza=9)",53.73,"LINESTRING (-87.66879251790257 41.935609624556086, -87.66879251790257 41.935609624556086)"
892664c1053ffff,"H3:892664c1053ffff (suc=36, lamba_ariza=18)",79.94,"LINESTRING (-87.64889646788406 41.93582325973633, -87.64889646788406 41.93582325973633)"
89275934d9bffff,"H3:89275934d9bffff (suc=1, lamba_ariza=14)",12.66,"LINESTRING (-87.84582048410573 41.966672930383, -87.84582048410573 41.966672930383)"
892664d8917ffff,"H3:892664d8917ffff (suc=26, lamba_ariza=4)",59.71,"LINESTRING (-87.64676889902968 41.96896882617627, -87.64676889902968 41.96896882617627)"
892664ca9a7ffff,"H3:892664ca9a7ffff (suc=5, lamba_ariza=15)",29.85,"LINESTRING (-87.65015429305832 41.8672815339826, -87.65015429305832 41.8672815339826)"
892664c845bffff,"H3:892664c845bffff (suc=15, lamba_ariza=14)",52.96,"LINESTRING (-87.77138545369476 41.917608875555466, -87.77138545369476 41.917608875555466)"
89266456183ffff,"H3:89266456183ffff (suc=0, lamba_ariza=4)",3.1,"LINESTRING (-87.60522620383047 41.67465334635623, -87.60522620383047 41.67465334635623)"
892664ccaafffff,"H3:892664ccaafffff (suc=10, lamba_ariza=13)",40.75,"LINESTRING (-87.60533939639188 41.72100031809545, -87.60533939639188 41.72100031809545)"
892664ca2b7ffff,"H3:892664ca2b7ffff (suc=13, lamba_ariza=17)",50.49,"LINESTRING (-87.73269766146389 41.934319264704406, -87.73269766146389 41.934319264704406)"
892664c8817ffff,"H3:892664c8817ffff (suc=20, lamba_ariza=33)",71.59,"LINESTRING (-87.72799918811953 41.8420555772198, -87.72799918811953 41.8420555772198)"
892664ca647ffff,"H3:892664ca647ffff (suc=27, lamba_ariza=40)",81.03,"LINESTRING (-87.74822265979417 41.95389513013385, -87.74822265979417 41.95389513013385)"
892664525b7ffff,"H3:892664525b7ffff (suc=6, lamba_ariza=29)",39.33,"LINESTRING (-87.7337364695721 41.80022096527199, -87.7337364695721 41.80022096527199)"
892664cab43ffff,"H3:892664cab43ffff (suc=54, lamba_ariza=23)",89.35,"LINESTRING (-87.70553189485909 41.8672625502023, -87.70553189485909 41.8672625502023)"
892664cea37ffff,"H3:892664cea37ffff (suc=30, lamba_ariza=72)",84.83,"LINESTRING (-87.55984196115678 41.76318533446722, -87.55984196115678 41.76318533446722)"
892664cf26bffff,"H3:892664cf26bffff (suc=35, lamba_ariza=24)",83.31,"LINESTRING (-87.69267445558492 41.82271867789197, -87.69267445558492 41.82271867789197)"
892664cc0cfffff,"H3:892664cc0cfffff (suc=27, lamba_ariza=52)",81.69,"LINESTRING (-87.62508593174265 41.78631010510928, -87.62508593174265 41.78631010510928)"
89275936997ffff,"H3:89275936997ffff (suc=4, lamba_ariza=8)",17.93,"LINESTRING (-87.80044919421809 41.98989318578416, -87.80044919421809 41.98989318578416)"
892664ceb6fffff,"H3:892664ceb6fffff (suc=17, lamba_ariza=41)",67.08,"LINESTRING (-87.55585098713885 41.74467114268481, -87.55585098713885 41.74467114268481)"
892664ca66fffff,"H3:892664ca66fffff (suc=23, lamba_ariza=20)",69.78,"LINESTRING (-87.74768018276903 41.94576699970482, -87.74768018276903 41.94576699970482)"
892664d8ccfffff,"H3:892664d8ccfffff (suc=19, lamba_ariza=11)",56.3,"LINESTRING (-87.66932412773058 42.00942010928611, -87.66932412773058 42.00942010928611)"
892664c80a3ffff,"H3:892664c80a3ffff (suc=27, lamba_ariza=18)",72.55,"LINESTRING (-87.75409508055833 41.892839071534965, -87.75409508055833 41.892839071534965)"
892664cd6b3ffff,"H3:892664cd6b3ffff (suc=6, lamba_ariza=10)",27.9,"LINESTRING (-87.70723744577074 41.80689599513195, -87.70723744577074 41.80689599513195)"
892664cc543ffff,"H3:892664cc543ffff (suc=5, lamba_ariza=15)",30.22,"LINESTRING (-87.60103818344777 41.78713466620321, -87.60103818344777 41.78713466620321)"
89266452833ffff,"H3:89266452833ffff (suc=2, lamba_ariza=8)",11.46,"LINESTRING (-87.73960870330184 41.739278311810644, -87.73960870330184 41.739278311810644)"
892664c1027ffff,"H3:892664c1027ffff (suc=7, lamba_ariza=10)",29.78,"LINESTRING (-87.63094715168647 41.92207022132075, -87.63094715168647 41.92207022132075)"
892664cb057ffff,"H3:892664cb057ffff (suc=9, lamba_ariza=11)",34.71,"LINESTRING (-87.80613806412617 41.947983515359844, -87.80613806412617 41.947983515359844)"
892664cc183ffff,"H3:892664cc183ffff (suc=46, lamba_ariza=3)",71.09,"LINESTRING (-87.59158391335707 41.77215119920758, -87.59158391335707 41.77215119920758)"
892664c146bffff,"H3:892664c146bffff (suc=14, lamba_ariza=12)",47.48,"LINESTRING (-87.64096766027171 41.945203839317955, -87.64096766027171 41.945203839317955)"
892664d8adbffff,"H3:892664d8adbffff (suc=9, lamba_ariza=4)",28.42,"LINESTRING (-87.7093351511539 41.9897905842774, -87.7093351511539 41.9897905842774)"
89266452183ffff,"H3:89266452183ffff (suc=0, lamba_ariza=1)",0.13,"LINESTRING (-87.7512637439299 41.78668420867295, -87.7512637439299 41.78668420867295)"
89266457037ffff,"H3:89266457037ffff (suc=1, lamba_ariza=2)",3.93,"LINESTRING (-87.70345469801961 41.68463571037339, -87.70345469801961 41.68463571037339)"
892664ca30fffff,"H3:892664ca30fffff (suc=25, lamba_ariza=29)",76.96,"LINESTRING (-87.72862419915411 41.915777809451136, -87.72862419915411 41.915777809451136)"
892664ca687ffff,"H3:892664ca687ffff (suc=27, lamba_ariza=19)",73.37,"LINESTRING (-87.73009122168186 41.959332621746164, -87.73009122168186 41.959332621746164)"
8926645603bffff,"H3:8926645603bffff (suc=17, lamba_ariza=29)",64.33,"LINESTRING (-87.63096206375977 41.679027247683436, -87.63096206375977 41.679027247683436)"
892664c131bffff,"H3:892664c131bffff (suc=23, lamba_ariza=30)",73.85,"LINESTRING (-87.65031314513175 41.91373358314611, -87.65031314513175 41.91373358314611)"
892664cde97ffff,"H3:892664cde97ffff (suc=12, lamba_ariza=4)",37.22,"LINESTRING (-87.67580225110774 41.75968526588206, -87.67580225110774 41.75968526588206)"
8927593692bffff,"H3:8927593692bffff (suc=16, lamba_ariza=4)",45.31,"LINESTRING (-87.81079838815698 41.974656604829825, -87.81079838815698 41.974656604829825)"
8926645646fffff,"H3:8926645646fffff (suc=5, lamba_ariza=14)",27.84,"LINESTRING (-87.6320003899679 41.69523594116656, -87.6320003899679 41.69523594116656)"
892664cf1abffff,"H3:892664cf1abffff (suc=48, lamba_ariza=55)",93.64,"LINESTRING (-87.62418028546817 41.81648281570696, -87.62418028546817 41.81648281570696)"
892664c8423ffff,"H3:892664c8423ffff (suc=14, lamba_ariza=15)",51.05,"LINESTRING (-87.75218623123749 41.906797297417306, -87.75218623123749 41.906797297417306)"
892664cd96fffff,"H3:892664cd96fffff (suc=7, lamba_ariza=25)",41.44,"LINESTRING (-87.65283999935778 41.7112429335608, -87.65283999935778 41.7112429335608)"
892664caa47ffff,"H3:892664caa47ffff (suc=136, lamba_ariza=23)",93.3,"LINESTRING (-87.72347879037068 41.88099489915612, -87.72347879037068 41.88099489915612)"
892664ccc3bffff,"H3:892664ccc3bffff (suc=14, lamba_ariza=25)",58.54,"LINESTRING (-87.57566987262219 41.74447865341198, -87.57566987262219 41.74447865341198)"
892664d884bffff,"H3:892664d884bffff (suc=4, lamba_ariza=2)",14.5,"LINESTRING (-87.68765295454601 41.9848002910705, -87.68765295454601 41.9848002910705)"
892664cf613ffff,"H3:892664cf613ffff (suc=26, lamba_ariza=52)",80.41,"LINESTRING (-87.6719531806709 41.8531180065097, -87.6719531806709 41.8531180065097)"
89266452db7ffff,"H3:89266452db7ffff (suc=10, lamba_ariza=41)",52.74,"LINESTRING (-87.70052351615301 41.747824726738784, -87.70052351615301 41.747824726738784)"
892664cf673ffff,"H3:892664cf673ffff (suc=6, lamba_ariza=8)",26.65,"LINESTRING (-87.67863005134834 41.846661891506564, -87.67863005134834 41.846661891506564)"
892664cdd83ffff,"H3:892664cdd83ffff (suc=12, lamba_ariza=18)",48.52,"LINESTRING (-87.62968091068868 41.74741481749337, -87.62968091068868 41.74741481749337)"
892664cb053ffff,"H3:892664cb053ffff (suc=10, lamba_ariza=21)",45.49,"LINESTRING (-87.80913799815166 41.9502713297743, -87.80913799815166 41.9502713297743)"
892664560d3ffff,"H3:892664560d3ffff (suc=12, lamba_ariza=23)",52.53,"LINESTRING (-87.63620484069862 41.69461353394341, -87.63620484069862 41.69461353394341)"
892664cc8c3ffff,"H3:892664cc8c3ffff (suc=20, lamba_ariza=18)",64.81,"LINESTRING (-87.59076496464131 41.7367941837948, -87.59076496464131 41.7367941837948)"
892664cea17ffff,"H3:892664cea17ffff (suc=1, lamba_ariza=0)",2.87,"LINESTRING (-87.56456266848026 41.77067770410129, -87.56456266848026 41.77067770410129)"
892664cada3ffff,"H3:892664cada3ffff (suc=110, lamba_ariza=17)",88.93,"LINESTRING (-87.64451706744605 41.88998417522496, -87.64451706744605 41.88998417522496)"
892664cd923ffff,"H3:892664cd923ffff (suc=14, lamba_ariza=39)",61.36,"LINESTRING (-87.64022283384936 41.71311214548194, -87.64022283384936 41.71311214548194)"
8926641945bffff,"H3:8926641945bffff (suc=3, lamba_ariza=5)",14.92,"LINESTRING (-87.5587605433447 41.70059709465423, -87.5587605433447 41.70059709465423)"
892664cd18fffff,"H3:892664cd18fffff (suc=29, lamba_ariza=8)",66.05,"LINESTRING (-87.67264713251053 41.776533266576315, -87.67264713251053 41.776533266576315)"
892664cacb3ffff,"H3:892664cacb3ffff (suc=28, lamba_ariza=3)",60.15,"LINESTRING (-87.66421648900506 41.908938368672956, -87.66421648900506 41.908938368672956)"
892664cd9a3ffff,"H3:892664cd9a3ffff (suc=7, lamba_ariza=2)",21.73,"LINESTRING (-87.63355923877698 41.71955485589534, -87.63355923877698 41.71955485589534)"
8926641933bffff,"H3:8926641933bffff (suc=6, lamba_ariza=12)",28.65,"LINESTRING (-87.55992604499778 41.65135180710175, -87.55992604499778 41.65135180710175)"
892664d8b73ffff,"H3:892664d8b73ffff (suc=16, lamba_ariza=19)",58.01,"LINESTRING (-87.68605676600251 41.9604066116545, -87.68605676600251 41.9604066116545)"
892664ca68fffff,"H3:892664ca68fffff (suc=6, lamba_ariza=20)",35.98,"LINESTRING (-87.73431740451416 41.958703335967414, -87.73431740451416 41.958703335967414)"
892664522afffff,"H3:892664522afffff (suc=2, lamba_ariza=8)",14.23,"LINESTRING (-87.79811322652778 41.78788152045525, -87.79811322652778 41.78788152045525)"
892664ca8a3ffff,"H3:892664ca8a3ffff (suc=15, lamba_ariza=12)",49.86,"LINESTRING (-87.67406701723512 41.885603833494066, -87.67406701723512 41.885603833494066)"
892664ccbc7ffff,"H3:892664ccbc7ffff (suc=0, lamba_ariza=5)",3.95,"LINESTRING (-87.5964106146925 41.714135577636156, -87.5964106146925 41.714135577636156)"
892664cd16fffff,"H3:892664cd16fffff (suc=28, lamba_ariza=29)",79.59,"LINESTRING (-87.68597658634678 41.76363435795335, -87.68597658634678 41.76363435795335)"
892664cdb3bffff,"H3:892664cdb3bffff (suc=2, lamba_ariza=21)",23.77,"LINESTRING (-87.67263940959522 41.71103471109653, -87.67263940959522 41.71103471109653)"
892664c101bffff,"H3:892664c101bffff (suc=31, lamba_ariza=12)",71.11,"LINESTRING (-87.64167822347099 41.93415695788252, -87.64167822347099 41.93415695788252)"
892664cc513ffff,"H3:892664cc513ffff (suc=14, lamba_ariza=21)",55.39,"LINESTRING (-87.58839659129333 41.7890012187381, -87.58839659129333 41.7890012187381)"
892664cf6d3ffff,"H3:892664cf6d3ffff (suc=0, lamba_ariza=3)",2.23,"LINESTRING (-87.67669996256298 41.86061232589523, -87.67669996256298 41.86061232589523)"
892664520abffff,"H3:892664520abffff (suc=8, lamba_ariza=24)",42.23,"LINESTRING (-87.77163483293009 41.79456940280878, -87.77163483293009 41.79456940280878)"
892664cd55bffff,"H3:892664cd55bffff (suc=12, lamba_ariza=26)",54.15,"LINESTRING (-87.68388366169484 41.79671018656943, -87.68388366169484 41.79671018656943)"
892664ccdafffff,"H3:892664ccdafffff (suc=34, lamba_ariza=61)",87.76,"LINESTRING (-87.5464189696748 41.729690332977974, -87.5464189696748 41.729690332977974)"
89266452353ffff,"H3:89266452353ffff (suc=0, lamba_ariza=2)",1.23,"LINESTRING (-87.79756401073345 41.779770205824995, -87.79756401073345 41.779770205824995)"
892664c89dbffff,"H3:892664c89dbffff (suc=11, lamba_ariza=17)",44.8,"LINESTRING (-87.71903149570065 41.835192712728194, -87.71903149570065 41.835192712728194)"
8926641932fffff,"H3:8926641932fffff (suc=0, lamba_ariza=7)",5.45,"LINESTRING (-87.55818792834842 41.646157093002806, -87.55818792834842 41.646157093002806)"
892664c14c3ffff,"H3:892664c14c3ffff (suc=10, lamba_ariza=3)",32.19,"LINESTRING (-87.63479335495272 41.95979687260826, -87.63479335495272 41.95979687260826)"
8926641b347ffff,"H3:8926641b347ffff (suc=0, lamba_ariza=3)",1.88,"LINESTRING (-87.52336509491589 41.70035209895353, -87.52336509491589 41.70035209895353)"
892664ccedbffff,"H3:892664ccedbffff (suc=26, lamba_ariza=40)",80.22,"LINESTRING (-87.61459026704574 41.75510519568722, -87.61459026704574 41.75510519568722)"
892664c8dafffff,"H3:892664c8dafffff (suc=3, lamba_ariza=3)",14.16,"LINESTRING (-87.69250931818462 41.841868443363595, -87.69250931818462 41.841868443363595)"
89266457087ffff,"H3:89266457087ffff (suc=1, lamba_ariza=3)",5.78,"LINESTRING (-87.70276277011607 41.69564877144363, -87.70276277011607 41.69564877144363)"
892664ccb63ffff,"H3:892664ccb63ffff (suc=2, lamba_ariza=0)",7.36,"LINESTRING (-87.60133431712342 41.70249796913083, -87.60133431712342 41.70249796913083)"
892664c8b3bffff,"H3:892664c8b3bffff (suc=1, lamba_ariza=0)",1.96,"LINESTRING (-87.7390263572357 41.8158226166216, -87.7390263572357 41.8158226166216)"
892664cf427ffff,"H3:892664cf427ffff (suc=21, lamba_ariza=58)",75.19,"LINESTRING (-87.63592832546132 41.844794053316384, -87.63592832546132 41.844794053316384)"
892664d9b07ffff,"H3:892664d9b07ffff (suc=7, lamba_ariza=8)",27.45,"LINESTRING (-87.75776144447894 41.96889334743032, -87.75776144447894 41.96889334743032)"
892664cd1c3ffff,"H3:892664cd1c3ffff (suc=35, lamba_ariza=17)",77.88,"LINESTRING (-87.68282498542506 41.780483242857024, -87.68282498542506 41.780483242857024)"
892664cc6d3ffff,"H3:892664cc6d3ffff (suc=23, lamba_ariza=20)",69.31,"LINESTRING (-87.6435036241511 41.80816032037925, -87.6435036241511 41.80816032037925)"
892664cd6bbffff,"H3:892664cd6bbffff (suc=1, lamba_ariza=6)",8.95,"LINESTRING (-87.71145025495491 41.806269475387765, -87.71145025495491 41.806269475387765)"
892664cf183ffff,"H3:892664cf183ffff (suc=39, lamba_ariza=23)",84.98,"LINESTRING (-87.62469972068453 41.82460024854481, -87.62469972068453 41.82460024854481)"
892664d9d73ffff,"H3:892664d9d73ffff (suc=4, lamba_ariza=16)",26.31,"LINESTRING (-87.72802133638308 41.99248570504188, -87.72802133638308 41.99248570504188)"
892664ca0bbffff,"H3:892664ca0bbffff (suc=16, lamba_ariza=2)",42.87,"LINESTRING (-87.71034646103344 41.94038104215682, -87.71034646103344 41.94038104215682)"
892664ca86bffff,"H3:892664ca86bffff (suc=27, lamba_ariza=44)",81.77,"LINESTRING (-87.6963984895447 41.879554306332004, -87.6963984895447 41.879554306332004)"
892664192bbffff,"H3:892664192bbffff (suc=1, lamba_ariza=2)",3.28,"LINESTRING (-87.57405842327415 41.67380164161249, -87.57405842327415 41.67380164161249)"
892664cd2b7ffff,"H3:892664cd2b7ffff (suc=16, lamba_ariza=10)",49.9,"LINESTRING (-87.71283291862713 41.78421530660091, -87.71283291862713 41.78421530660091)"
892664c144fffff,"H3:892664c144fffff (suc=40, lamba_ariza=9)",73.69,"LINESTRING (-87.64272604390588 41.95041486859259, -87.64272604390588 41.95041486859259)"
892664cd41bffff,"H3:892664cd41bffff (suc=14, lamba_ariza=19)",53.35,"LINESTRING (-87.69337071113809 41.81168850992137, -87.69337071113809 41.81168850992137)"
892664cc227ffff,"H3:892664cc227ffff (suc=22, lamba_ariza=10)",59.77,"LINESTRING (-87.64089281598194 41.76759030852541, -87.64089281598194 41.76759030852541)"
892664c81c3ffff,"H3:892664c81c3ffff (suc=41, lamba_ariza=25)",86.69,"LINESTRING (-87.74933334287076 41.88534595559728, -87.74933334287076 41.88534595559728)"
89266419557ffff,"H3:89266419557ffff (suc=1, lamba_ariza=2)",5.61,"LINESTRING (-87.53077636147262 41.682902431521875, -87.53077636147262 41.682902431521875)"
892664ce2c7ffff,"H3:892664ce2c7ffff (suc=15, lamba_ariza=6)",45.7,"LINESTRING (-87.60361535345851 41.82771706435319, -87.60361535345851 41.82771706435319)"
892664c81b7ffff,"H3:892664c81b7ffff (suc=46, lamba_ariza=15)",81.44,"LINESTRING (-87.72892488009803 41.87745028718808, -87.72892488009803 41.87745028718808)"
89266456023ffff,"H3:89266456023ffff (suc=17, lamba_ariza=25)",64.19,"LINESTRING (-87.62798715126056 41.67674077331316, -87.62798715126056 41.67674077331316)"
892664cd5d3ffff,"H3:892664cd5d3ffff (suc=22, lamba_ariza=63)",76.57,"LINESTRING (-87.6730014762702 41.80378752741448, -87.6730014762702 41.80378752741448)"
892664cb01bffff,"H3:892664cb01bffff (suc=12, lamba_ariza=14)",45.7,"LINESTRING (-87.80191459946923 41.94861524056219, -87.80191459946923 41.94861524056219)"
892664d8a63ffff,"H3:892664d8a63ffff (suc=15, lamba_ariza=13)",49.96,"LINESTRING (-87.70826314126307 41.97352703109936, -87.70826314126307 41.97352703109936)"
892664ca9cfffff,"H3:892664ca9cfffff (suc=15, lamba_ariza=8)",46.85,"LINESTRING (-87.67054877777078 41.87519120977565, -87.67054877777078 41.87519120977565)"
892664d9b27ffff,"H3:892664d9b27ffff (suc=19, lamba_ariza=27)",67.97,"LINESTRING (-87.75299130554191 41.96139404613899, -87.75299130554191 41.96139404613899)"
89266456ccfffff,"H3:89266456ccfffff (suc=55, lamba_ariza=8)",77.5,"LINESTRING (-87.59702338360654 41.656781822674176, -87.59702338360654 41.656781822674176)"
892664c8cc3ffff,"H3:892664c8cc3ffff (suc=20, lamba_ariza=16)",62.69,"LINESTRING (-87.72838666634263 41.869329258018205, -87.72838666634263 41.869329258018205)"
892664cce13ffff,"H3:892664cce13ffff (suc=108, lamba_ariza=24)",93.35,"LINESTRING (-87.60565373219751 41.74823879428781, -87.60565373219751 41.74823879428781)"
892664cc63bffff,"H3:892664cc63bffff (suc=3, lamba_ariza=6)",15.65,"LINESTRING (-87.63824559752123 41.79255384274118, -87.63824559752123 41.79255384274118)"
89266452da7ffff,"H3:89266452da7ffff (suc=20, lamba_ariza=14)",60.27,"LINESTRING (-87.70174870780352 41.74491320663668, -87.70174870780352 41.74491320663668)"
892664ce35bffff,"H3:892664ce35bffff (suc=85, lamba_ariza=9)",81.05,"LINESTRING (-87.59538594752556 41.80981385511094, -87.59538594752556 41.80981385511094)"
892664d98b3ffff,"H3:892664d98b3ffff (suc=6, lamba_ariza=7)",25.05,"LINESTRING (-87.73947952632054 41.99351713898551, -87.73947952632054 41.99351713898551)"
892664ccc5bffff,"H3:892664ccc5bffff (suc=5, lamba_ariza=18)",30.99,"LINESTRING (-87.59179059382699 41.75301530555547, -87.59179059382699 41.75301530555547)"
892664cde87ffff,"H3:892664cde87ffff (suc=4, lamba_ariza=30)",34.84,"LINESTRING (-87.67702938860947 41.75677348390295, -87.67702938860947 41.75677348390295)"
892664564b3ffff,"H3:892664564b3ffff (suc=36, lamba_ariza=42)",88.59,"LINESTRING (-87.61149159890607 41.706451975886026, -87.61149159890607 41.706451975886026)"
892664cc8dbffff,"H3:892664cc8dbffff (suc=1, lamba_ariza=9)",9.7,"LINESTRING (-87.59374217253335 41.73908316657356, -87.59374217253335 41.73908316657356)"
892664cc69bffff,"H3:892664cc69bffff (suc=4, lamba_ariza=7)",19.97,"LINESTRING (-87.63630539493258 41.806495087666036, -87.63630539493258 41.806495087666036)"
892664cb2dbffff,"H3:892664cb2dbffff (suc=6, lamba_ariza=19)",34.62,"LINESTRING (-87.83625565670314 41.95168403033909, -87.83625565670314 41.95168403033909)"
892664cd243ffff,"H3:892664cd243ffff (suc=8, lamba_ariza=16)",38.35,"LINESTRING (-87.73985682044307 41.78565357625401, -87.73985682044307 41.78565357625401)"
892664c1ecbffff,"H3:892664c1ecbffff (suc=40, lamba_ariza=10)",74.94,"LINESTRING (-87.63536154706415 41.90227562324527, -87.63536154706415 41.90227562324527)"
892664d8bb3ffff,"H3:892664d8bb3ffff (suc=21, lamba_ariza=20)",67.5,"LINESTRING (-87.6679126597655 41.96583530465046, -87.6679126597655 41.96583530465046)"
892664c8833ffff,"H3:892664c8833ffff (suc=28, lamba_ariza=65)",83.19,"LINESTRING (-87.7262356948893 41.83685292619632, -87.7262356948893 41.83685292619632)"
8926645616fffff,"H3:8926645616fffff (suc=1, lamba_ariza=5)",7.56,"LINESTRING (-87.61977563778784 41.658870938999996, -87.61977563778784 41.658870938999996)"
892664cd973ffff,"H3:892664cd973ffff (suc=3, lamba_ariza=12)",20.23,"LINESTRING (-87.65038479085325 41.71706291164439, -87.65038479085325 41.71706291164439)"
892664d9e43ffff,"H3:892664d9e43ffff (suc=0, lamba_ariza=7)",5.42,"LINESTRING (-87.78463726071892 42.00868551880767, -87.78463726071892 42.00868551880767)"
892664529c7ffff,"H3:892664529c7ffff (suc=1, lamba_ariza=0)",1.9,"LINESTRING (-87.72645383375527 41.733050064316565, -87.72645383375527 41.733050064316565)"
892664d898bffff,"H3:892664d898bffff (suc=10, lamba_ariza=4)",32.41,"LINESTRING (-87.64852881819421 41.9741811569004, -87.64852881819421 41.9741811569004)"
892664cd057ffff,"H3:892664cd057ffff (suc=14, lamba_ariza=32)",60.69,"LINESTRING (-87.7061704016531 41.79066775812892, -87.7061704016531 41.79066775812892)"
892664ca457ffff,"H3:892664ca457ffff (suc=21, lamba_ariza=30)",71.19,"LINESTRING (-87.71741171596913 41.9612196170359, -87.71741171596913 41.9612196170359)"
892664c860bffff,"H3:892664c860bffff (suc=10, lamba_ariza=16)",43.33,"LINESTRING (-87.79071745181217 41.909250672123065, -87.79071745181217 41.909250672123065)"
892664cca73ffff,"H3:892664cca73ffff (suc=25, lamba_ariza=25)",75.12,"LINESTRING (-87.62093842631656 41.72142232053039, -87.62093842631656 41.72142232053039)"
892664cae77ffff,"H3:892664cae77ffff (suc=66, lamba_ariza=2)",73.86,"LINESTRING (-87.70889857935288 41.896834752057224, -87.70889857935288 41.896834752057224)"
892664cc927ffff,"H3:892664cc927ffff (suc=2, lamba_ariza=16)",21.4,"LINESTRING (-87.55752710090738 41.7035059772896, -87.55752710090738 41.7035059772896)"
892664cda93ffff,"H3:892664cda93ffff (suc=0, lamba_ariza=8)",6.43,"LINESTRING (-87.68737020141899 41.741591214706794, -87.68737020141899 41.741591214706794)"
892759369b3ffff,"H3:892759369b3ffff (suc=2, lamba_ariza=3)",10.02,"LINESTRING (-87.79867218565681 41.98468322564572, -87.79867218565681 41.98468322564572)"
892664cb3a7ffff,"H3:892664cb3a7ffff (suc=8, lamba_ariza=21)",41.81,"LINESTRING (-87.79304063061745 41.92258071923988, -87.79304063061745 41.92258071923988)"
89266456027ffff,"H3:89266456027ffff (suc=17, lamba_ariza=49)",67.67,"LINESTRING (-87.62501251075125 41.67445426883333, -87.62501251075125 41.67445426883333)"
892664d9d77ffff,"H3:892664d9d77ffff (suc=1, lamba_ariza=0)",4.34,"LINESTRING (-87.72502207676686 41.99019455180525, -87.72502207676686 41.99019455180525)"
892664c864fffff,"H3:892664c864fffff (suc=0, lamba_ariza=5)",3.63,"LINESTRING (-87.79915756479592 41.90798889171571, -87.79915756479592 41.90798889171571)"
892664c1a47ffff,"H3:892664c1a47ffff (suc=33, lamba_ariza=8)",68.99,"LINESTRING (-87.64346999166139 41.87373799456189, -87.64346999166139 41.87373799456189)"
892664c8b97ffff,"H3:892664c8b97ffff (suc=1, lamba_ariza=0)",4.67,"LINESTRING (-87.72991277852755 41.828108331222815, -87.72991277852755 41.828108331222815)"
892664c1a9bffff,"H3:892664c1a9bffff (suc=77, lamba_ariza=36)",96.08,"LINESTRING (-87.63132898891651 41.88373546815815, -87.63132898891651 41.88373546815815)"
892664ca4b7ffff,"H3:892664ca4b7ffff (suc=1, lamba_ariza=9)",7.95,"LINESTRING (-87.69451129075199 41.95915103048026, -87.69451129075199 41.95915103048026)"
892664d9877ffff,"H3:892664d9877ffff (suc=1, lamba_ariza=0)",0.54,"LINESTRING (-87.75462264546314 41.985785048428035, -87.75462264546314 41.985785048428035)"
89266457577ffff,"H3:89266457577ffff (suc=6, lamba_ariza=14)",30.4,"LINESTRING (-87.68542134796684 41.69004286216474, -87.68542134796684 41.69004286216474)"
892664cf54fffff,"H3:892664cf54fffff (suc=22, lamba_ariza=21)",69.63,"LINESTRING (-87.63540670527398 41.83667482507271, -87.63540670527398 41.83667482507271)"
892664d8c57ffff,"H3:892664d8c57ffff (suc=22, lamba_ariza=13)",62.78,"LINESTRING (-87.67055834656252 42.00649925908105, -87.67055834656252 42.00649925908105)"
892664cc627ffff,"H3:892664cc627ffff (suc=26, lamba_ariza=35)",78.81,"LINESTRING (-87.6322808144163 41.787975835433116, -87.6322808144163 41.787975835433116)"
892664c1607ffff,"H3:892664c1607ffff (suc=155, lamba_ariza=11)",84.05,"LINESTRING (-87.65664148417619 41.945617791168495, -87.65664148417619 41.945617791168495)"
892664529d7ffff,"H3:892664529d7ffff (suc=5, lamba_ariza=28)",35.52,"LINESTRING (-87.72523058637964 41.73596132137555, -87.72523058637964 41.73596132137555)"
892664cdb1bffff,"H3:892664cdb1bffff (suc=3, lamba_ariza=26)",30.56,"LINESTRING (-87.67737172923056 41.718517000265265, -87.67737172923056 41.718517000265265)"
892664cd96bffff,"H3:892664cd96bffff (suc=20, lamba_ariza=12)",58.09,"LINESTRING (-87.65581817563827 41.713529525211214, -87.65581817563827 41.713529525211214)"
892664d8e73ffff,"H3:892664d8e73ffff (suc=49, lamba_ariza=14)",80.98,"LINESTRING (-87.6984119767476 41.99688911571717, -87.6984119767476 41.99688911571717)"
892664cde93ffff,"H3:892664cde93ffff (suc=12, lamba_ariza=25)",51.88,"LINESTRING (-87.67878451363877 41.761972359648674, -87.67878451363877 41.761972359648674)"
892664ce34fffff,"H3:892664ce34fffff (suc=29, lamba_ariza=13)",69.7,"LINESTRING (-87.59363802977924 41.804610280157064, -87.59363802977924 41.804610280157064)"
892664cac73ffff,"H3:892664cac73ffff (suc=16, lamba_ariza=19)",58.2,"LINESTRING (-87.68233885323875 41.90351519989121, -87.68233885323875 41.90351519989121)"
89266452597ffff,"H3:89266452597ffff (suc=7, lamba_ariza=12)",31.17,"LINESTRING (-87.7384871009972 41.80770771022066, -87.7384871009972 41.80770771022066)"
892664c1a67ffff,"H3:892664c1a67ffff (suc=40, lamba_ariza=9)",73.66,"LINESTRING (-87.63872686292318 41.86624089578729, -87.63872686292318 41.86624089578729)"
892664cc86fffff,"H3:892664cc86fffff (suc=16, lamba_ariza=21)",58.8,"LINESTRING (-87.59394781219976 41.719954970843006, -87.59394781219976 41.719954970843006)"
892664cac2bffff,"H3:892664cac2bffff (suc=48, lamba_ariza=14)",80.8,"LINESTRING (-87.67635600932488 41.89893443917913, -87.67635600932488 41.89893443917913)"
892664c12d3ffff,"H3:892664c12d3ffff (suc=17, lamba_ariza=16)",57.72,"LINESTRING (-87.67178585980206 41.937901108517565, -87.67178585980206 41.937901108517565)"
892664d8c4fffff,"H3:892664d8c4fffff (suc=6, lamba_ariza=1)",18.2,"LINESTRING (-87.67602404674503 42.002950751212744, -87.67602404674503 42.002950751212744)"
892664d8bd3ffff,"H3:892664d8bd3ffff (suc=4, lamba_ariza=11)",21.45,"LINESTRING (-87.6841242001722 41.97437632915449, -87.6841242001722 41.97437632915449)"
892664562b7ffff,"H3:892664562b7ffff (suc=10, lamba_ariza=13)",40.76,"LINESTRING (-87.64654619817668 41.67944636956759, -87.64654619817668 41.67944636956759)"
892664c1233ffff,"H3:892664c1233ffff (suc=14, lamba_ariza=23)",57.32,"LINESTRING (-87.66227936895528 41.922899381314586, -87.66227936895528 41.922899381314586)"
892664c144bffff,"H3:892664c144bffff (suc=24, lamba_ariza=21)",71.44,"LINESTRING (-87.645719244066 41.95270745412294, -87.645719244066 41.95270745412294)"
892664c1613ffff,"H3:892664c1613ffff (suc=29, lamba_ariza=22)",76.76,"LINESTRING (-87.65840158477788 41.95082850539816, -87.65840158477788 41.95082850539816)"
89275936d0bffff,"H3:89275936d0bffff (suc=3, lamba_ariza=12)",19.96,"LINESTRING (-87.80700763997028 42.00260303486521, -87.80700763997028 42.00260303486521)"
892664c163bffff,"H3:892664c163bffff (suc=14, lamba_ariza=9)",45.91,"LINESTRING (-87.65787483840225 41.942699350172234, -87.65787483840225 41.942699350172234)"
892664cd92bffff,"H3:892664cd92bffff (suc=25, lamba_ariza=30)",76.78,"LINESTRING (-87.6444287127337 41.71248921699854, -87.6444287127337 41.71248921699854)"
892664ca8abffff,"H3:892664ca8abffff (suc=35, lamba_ariza=26)",83.84,"LINESTRING (-87.678287804906 41.884977496989606, -87.678287804906 41.884977496989606)"
892664c850fffff,"H3:892664c850fffff (suc=12, lamba_ariza=17)",47.08,"LINESTRING (-87.7372153983934 41.89535482575455, -87.7372153983934 41.89535482575455)"
892664d8b93ffff,"H3:892664d8b93ffff (suc=9, lamba_ariza=10)",34.48,"LINESTRING (-87.67267043313156 41.97333928589806, -87.67267043313156 41.97333928589806)"
892664d986fffff,"H3:892664d986fffff (suc=1, lamba_ariza=5)",4.87,"LINESTRING (-87.76007829052988 41.98223394302616, -87.76007829052988 41.98223394302616)"
892664cae1bffff,"H3:892664cae1bffff (suc=38, lamba_ariza=8)",71.77,"LINESTRING (-87.70943371155133 41.904958729557706, -87.70943371155133 41.904958729557706)"
892664cb173ffff,"H3:892664cb173ffff (suc=6, lamba_ariza=1)",18.46,"LINESTRING (-87.78337309859023 41.92676108202778, -87.78337309859023 41.92676108202778)"
892664cad0bffff,"H3:892664cad0bffff (suc=47, lamba_ariza=42)",92.69,"LINESTRING (-87.66017205649122 41.890398436967764, -87.66017205649122 41.890398436967764)"
89275934da3ffff,"H3:89275934da3ffff (suc=2, lamba_ariza=5)",10.46,"LINESTRING (-87.83803546826802 41.95689118650862, -87.83803546826802 41.95689118650862)"
892664d9a0fffff,"H3:892664d9a0fffff (suc=2, lamba_ariza=14)",20.43,"LINESTRING (-87.78298936745065 41.98428923901606, -87.78298936745065 41.98428923901606)"
892664ccd73ffff,"H3:892664ccd73ffff (suc=19, lamba_ariza=33)",69.42,"LINESTRING (-87.56202265008965 41.73012021343282, -87.56202265008965 41.73012021343282)"
892664caba7ffff,"H3:892664caba7ffff (suc=2, lamba_ariza=3)",8.66,"LINESTRING (-87.67968878130199 41.862901801462854, -87.67968878130199 41.862901801462854)"
892664d8aabffff,"H3:892664d8aabffff (suc=19, lamba_ariza=9)",54.66,"LINESTRING (-87.69434642890856 41.978332115768545, -87.69434642890856 41.978332115768545)"
892664cdea3ffff,"H3:892664cdea3ffff (suc=19, lamba_ariza=14)",60.06,"LINESTRING (-87.67527465044998 41.751574885269214, -87.67527465044998 41.751574885269214)"
892664c1b9bffff,"H3:892664c1b9bffff (suc=5, lamba_ariza=0)",16.36,"LINESTRING (-87.61041787063206 41.86769527919542, -87.61041787063206 41.86769527919542)"
89266456047ffff,"H3:89266456047ffff (suc=22, lamba_ariza=20)",68.26,"LINESTRING (-87.64111598153693 41.682977671876, -87.64111598153693 41.682977671876)"
892664c84b7ffff,"H3:892664c84b7ffff (suc=2, lamba_ariza=3)",10.84,"LINESTRING (-87.7412904209503 41.91389134855072, -87.7412904209503 41.91389134855072)"
8926641b22bffff,"H3:8926641b22bffff (suc=6, lamba_ariza=18)",33.95,"LINESTRING (-87.53525482075793 41.70951205664687, -87.53525482075793 41.70951205664687)"
892664d9bd7ffff,"H3:892664d9bd7ffff (suc=1, lamba_ariza=26)",20.9,"LINESTRING (-87.7613057634349 41.979313439515096, -87.7613057634349 41.979313439515096)"
89275936babffff,"H3:89275936babffff (suc=2, lamba_ariza=5)",11.62,"LINESTRING (-87.83370505274017 41.97670171926891, -87.83370505274017 41.97670171926891)"
892664c13c3ffff,"H3:892664c13c3ffff (suc=15, lamba_ariza=18)",54.87,"LINESTRING (-87.65207134433808 41.91894251740828, -87.65207134433808 41.91894251740828)"
892664cb333ffff,"H3:892664cb333ffff (suc=10, lamba_ariza=38)",52.12,"LINESTRING (-87.8014830678559 41.921318430109714, -87.8014830678559 41.921318430109714)"
892664cb2abffff,"H3:892664cb2abffff (suc=2, lamba_ariza=31)",29.64,"LINESTRING (-87.82125257496772 41.940248382232596, -87.82125257496772 41.940248382232596)"
892664c8cb7ffff,"H3:892664c8cb7ffff (suc=71, lamba_ariza=18)",87.61,"LINESTRING (-87.70798779547843 41.86143078918151, -87.70798779547843 41.86143078918151)"
892664ca46fffff,"H3:892664ca46fffff (suc=16, lamba_ariza=14)",54.97,"LINESTRING (-87.71810409924709 41.950171185750996, -87.71810409924709 41.950171185750996)"
892664d8e17ffff,"H3:892664d8e17ffff (suc=27, lamba_ariza=15)",70.78,"LINESTRING (-87.688718014658 42.001066621580755, -87.688718014658 42.001066621580755)"
892664cc0c7ffff,"H3:892664cc0c7ffff (suc=46, lamba_ariza=48)",93.02,"LINESTRING (-87.62087287332157 41.7869332819042, -87.62087287332157 41.7869332819042)"
892664d8317ffff,"H3:892664d8317ffff (suc=0, lamba_ariza=3)",1.86,"LINESTRING (-87.7097128340091 42.01711314336297, -87.7097128340091 42.01711314336297)"
892664ca907ffff,"H3:892664ca907ffff (suc=55, lamba_ariza=12)",80.87,"LINESTRING (-87.6615819153065 41.868321023030504, -87.6615819153065 41.868321023030504)"
892664cf133ffff,"H3:892664cf133ffff (suc=21, lamba_ariza=16)",64.43,"LINESTRING (-87.62541234171069 41.8135693173327, -87.62541234171069 41.8135693173327)"
892664cf1d3ffff,"H3:892664cf1d3ffff (suc=3, lamba_ariza=8)",16.45,"LINESTRING (-87.63488526763972 41.8285563764614, -87.63488526763972 41.8285563764614)"
89275936b13ffff,"H3:89275936b13ffff (suc=4, lamba_ariza=10)",21.84,"LINESTRING (-87.83971125009862 41.98127707492722, -87.83971125009862 41.98127707492722)"
892664cb27bffff,"H3:892664cb27bffff (suc=1, lamba_ariza=4)",5.03,"LINESTRING (-87.83814053294792 41.93771827906304, -87.83814053294792 41.93771827906304)"
892664d9907ffff,"H3:892664d9907ffff (suc=13, lamba_ariza=10)",44.02,"LINESTRING (-87.72817224007626 41.97330213170707, -87.72817224007626 41.97330213170707)"
892664cea67ffff,"H3:892664cea67ffff (suc=16, lamba_ariza=18)",56.89,"LINESTRING (-87.57247853690545 41.76132282764613, -87.57247853690545 41.76132282764613)"
892664d9d6fffff,"H3:892664d9d6fffff (suc=3, lamba_ariza=10)",18.25,"LINESTRING (-87.73048092200932 41.98664450106391, -87.73048092200932 41.98664450106391)"
892664daa6bffff,"H3:892664daa6bffff (suc=28, lamba_ariza=16)",71.22,"LINESTRING (-87.66562051092312 42.01818324331526, -87.66562051092312 42.01818324331526)"
892664ca2c3ffff,"H3:892664ca2c3ffff (suc=17, lamba_ariza=15)",56.86,"LINESTRING (-87.75313172788479 41.94221816016493, -87.75313172788479 41.94221816016493)"
892664565cfffff,"H3:892664565cfffff (suc=12, lamba_ariza=28)",54.04,"LINESTRING (-87.60923039050752 41.693149367766026, -87.60923039050752 41.693149367766026)"
892664c8c2bffff,"H3:892664c8c2bffff (suc=61, lamba_ariza=7)",76.78,"LINESTRING (-87.72309410650247 41.85371722037817, -87.72309410650247 41.85371722037817)"
892664ca1afffff,"H3:892664ca1afffff (suc=17, lamba_ariza=13)",55.03,"LINESTRING (-87.68762386932053 41.91913889802552, -87.68762386932053 41.91913889802552)"
892664c8b6bffff,"H3:892664c8b6bffff (suc=0, lamba_ariza=2)",1.08,"LINESTRING (-87.75166445517124 41.81393887707836, -87.75166445517124 41.81393887707836)"
89266456097ffff,"H3:89266456097ffff (suc=77, lamba_ariza=43)",97.04,"LINESTRING (-87.62184433208101 41.69128423670276, -87.62184433208101 41.69128423670276)"
892664cb477ffff,"H3:892664cb477ffff (suc=1, lamba_ariza=1)",4.84,"LINESTRING (-87.79279297912885 41.960926063960564, -87.79279297912885 41.960926063960564)"
892664d9bbbffff,"H3:892664d9bbbffff (suc=5, lamba_ariza=12)",25.25,"LINESTRING (-87.75230716671598 41.97244369764544, -87.75230716671598 41.97244369764544)"
89266457027ffff,"H3:89266457027ffff (suc=2, lamba_ariza=8)",12.54,"LINESTRING (-87.7046780244986 41.681726492855326, -87.7046780244986 41.681726492855326)"
892664ca0a3ffff,"H3:892664ca0a3ffff (suc=16, lamba_ariza=11)",51.65,"LINESTRING (-87.70735133060705 41.938090610519325, -87.70735133060705 41.938090610519325)"
8926641912bffff,"H3:8926641912bffff (suc=0, lamba_ariza=10)",8.3,"LINESTRING (-87.53174037054998 41.652775847665886, -87.53174037054998 41.652775847665886)"
892664d8b87ffff,"H3:892664d8b87ffff (suc=19, lamba_ariza=14)",59.2,"LINESTRING (-87.67090792499506 41.96812752972226, -87.67090792499506 41.96812752972226)"
892664cc44fffff,"H3:892664cc44fffff (suc=32, lamba_ariza=16)",75.4,"LINESTRING (-87.62314196008037 41.800250290911954, -87.62314196008037 41.800250290911954)"
892664cd223ffff,"H3:892664cd223ffff (suc=19, lamba_ariza=21)",64.97,"LINESTRING (-87.7237033270879 41.77713649431973, -87.7237033270879 41.77713649431973)"
892664cc837ffff,"H3:892664cc837ffff (suc=47, lamba_ariza=12)",79.47,"LINESTRING (-87.57711583112741 41.72243900081734, -87.57711583112741 41.72243900081734)"
892664c8c7bffff,"H3:892664c8c7bffff (suc=11, lamba_ariza=26)",50.34,"LINESTRING (-87.73329200469423 41.85766518384737, -87.73329200469423 41.85766518384737)"
892664cd66bffff,"H3:892664cd66bffff (suc=11, lamba_ariza=18)",47.42,"LINESTRING (-87.73074942844826 41.79793453656927, -87.73074942844826 41.79793453656927)"
892664ce20fffff,"H3:892664ce20fffff (suc=31, lamba_ariza=13)",72.04,"LINESTRING (-87.6030995587253 41.81959902378699, -87.6030995587253 41.81959902378699)"
892664ca937ffff,"H3:892664ca937ffff (suc=35, lamba_ariza=11)",72.89,"LINESTRING (-87.65560537797658 41.86374074126644, -87.65560537797658 41.86374074126644)"
892664cb5d7ffff,"H3:892664cb5d7ffff (suc=7, lamba_ariza=16)",35.03,"LINESTRING (-87.76989362065692 41.958872648901185, -87.76989362065692 41.958872648901185)"
892664d8c17ffff,"H3:892664d8c17ffff (suc=39, lamba_ariza=12)",76.06,"LINESTRING (-87.6590965257104 42.00546090578339, -87.6590965257104 42.00546090578339)"
892664cd46fffff,"H3:892664cd46fffff (suc=13, lamba_ariza=11)",43.98,"LINESTRING (-87.69827919052513 41.800033852584406, -87.69827919052513 41.800033852584406)"
892664ca83bffff,"H3:892664ca83bffff (suc=90, lamba_ariza=34)",96.3,"LINESTRING (-87.68373844166531 41.8814346259942, -87.68373844166531 41.8814346259942)"
892664cd367ffff,"H3:892664cd367ffff (suc=6, lamba_ariza=7)",25.11,"LINESTRING (-87.71123049522004 41.75988098083704, -87.71123049522004 41.75988098083704)"
892664cdd6fffff,"H3:892664cdd6fffff (suc=4, lamba_ariza=18)",29.98,"LINESTRING (-87.64424400115824 41.731614576634406, -87.64424400115824 41.731614576634406)"
89266456413ffff,"H3:89266456413ffff (suc=13, lamba_ariza=30)",57.45,"LINESTRING (-87.62287976239969 41.707495587375014, -87.62287976239969 41.707495587375014)"
892664ce343ffff,"H3:892664ce343ffff (suc=31, lamba_ariza=23)",79.86,"LINESTRING (-87.59240411377606 41.80752322488648, -87.59240411377606 41.80752322488648)"
892664ca803ffff,"H3:892664ca803ffff (suc=8, lamba_ariza=12)",35.43,"LINESTRING (-87.68549903389408 41.88664088999507, -87.68549903389408 41.88664088999507)"
892664c83a7ffff,"H3:892664c83a7ffff (suc=3, lamba_ariza=0)",11.32,"LINESTRING (-87.75967728701352 41.87013338644956, -87.75967728701352 41.87013338644956)"
892664c8587ffff,"H3:892664c8587ffff (suc=120, lamba_ariza=42)",98.29,"LINESTRING (-87.72631958296923 41.90244646619273, -87.72631958296923 41.90244646619273)"
892664ca0a7ffff,"H3:892664ca0a7ffff (suc=22, lamba_ariza=12)",62.11,"LINESTRING (-87.70435647511098 41.935800146777346, -87.70435647511098 41.935800146777346)"
892664ca84fffff,"H3:892664ca84fffff (suc=36, lamba_ariza=9)",71.28,"LINESTRING (-87.69816038166493 41.88476018193641, -87.69816038166493 41.88476018193641)"
892664d98c3ffff,"H3:892664d98c3ffff (suc=1, lamba_ariza=3)",3.59,"LINESTRING (-87.75693945023306 41.9991283990026, -87.75693945023306 41.9991283990026)"
892664ca133ffff,"H3:892664ca133ffff (suc=28, lamba_ariza=6)",63.16,"LINESTRING (-87.69184739689067 41.91851164841431, -87.69184739689067 41.91851164841431)"
89266452c93ffff,"H3:89266452c93ffff (suc=6, lamba_ariza=3)",21.59,"LINESTRING (-87.72913717301448 41.773597002608284, -87.72913717301448 41.773597002608284)"
892664cd447ffff,"H3:892664cd447ffff (suc=16, lamba_ariza=17)",56.08,"LINESTRING (-87.69881135257192 41.80814860669138, -87.69881135257192 41.80814860669138)"
892664cb513ffff,"H3:892664cb513ffff (suc=26, lamba_ariza=20)",73.4,"LINESTRING (-87.7681211185592 41.953663880121745, -87.7681211185592 41.953663880121745)"
89266452d87ffff,"H3:89266452d87ffff (suc=15, lamba_ariza=14)",52.34,"LINESTRING (-87.70648886236623 41.75239689693208, -87.70648886236623 41.75239689693208)"
892664cae33ffff,"H3:892664cae33ffff (suc=40, lamba_ariza=27)",87.01,"LINESTRING (-87.70045614902915 41.89808977826088, -87.70045614902915 41.89808977826088)"
89266452d6bffff,"H3:89266452d6bffff (suc=5, lamba_ariza=17)",31.38,"LINESTRING (-87.7269901267524 41.74115788914389, -87.7269901267524 41.74115788914389)"
892664ceb1bffff,"H3:892664ceb1bffff (suc=25, lamba_ariza=3)",57.68,"LINESTRING (-87.5509107933304 41.75631364881064, -87.5509107933304 41.75631364881064)"
892664ccb7bffff,"H3:892664ccb7bffff (suc=14, lamba_ariza=19)",54.21,"LINESTRING (-87.60430976414872 41.704785825569715, -87.60430976414872 41.704785825569715)"
892664cf6d7ffff,"H3:892664cf6d7ffff (suc=16, lamba_ariza=15)",54.94,"LINESTRING (-87.67371141789233 41.85832281885328, -87.67371141789233 41.85832281885328)"
892664ca0abffff,"H3:892664ca0abffff (suc=25, lamba_ariza=26)",74.99,"LINESTRING (-87.71157611727796 41.937462411734195, -87.71157611727796 41.937462411734195)"
892664c10cfffff,"H3:892664c10cfffff (suc=28, lamba_ariza=29)",79.45,"LINESTRING (-87.64467032550655 41.93644918814319, -87.64467032550655 41.93644918814319)"
892664cc9c3ffff,"H3:892664cc9c3ffff (suc=10, lamba_ariza=17)",43.73,"LINESTRING (-87.56993214566742 41.720770458082384, -87.56993214566742 41.720770458082384)"
892664563abffff,"H3:892664563abffff (suc=10, lamba_ariza=21)",47.13,"LINESTRING (-87.63412601881205 41.66219976928871, -87.63412601881205 41.66219976928871)"
892664cc0bbffff,"H3:892664cc0bbffff (suc=57, lamba_ariza=18)",86.0,"LINESTRING (-87.61069733872571 41.78297730957358, -87.61069733872571 41.78297730957358)"
892664cd677ffff,"H3:892664cd677ffff (suc=23, lamba_ariza=16)",66.41,"LINESTRING (-87.72232609841357 41.799188600211636, -87.72232609841357 41.799188600211636)"
8926645708fffff,"H3:8926645708fffff (suc=7, lamba_ariza=8)",26.16,"LINESTRING (-87.70696556626679 41.695023835205554, -87.70696556626679 41.695023835205554)"
892664c1ed7ffff,"H3:892664c1ed7ffff (suc=88, lamba_ariza=49)",98.05,"LINESTRING (-87.62691459387493 41.90352551388231, -87.62691459387493 41.90352551388231)"
892664cc803ffff,"H3:892664cc803ffff (suc=27, lamba_ariza=37)",80.58,"LINESTRING (-87.58604377638198 41.729305996442605, -87.58604377638198 41.729305996442605)"
892664cdaa7ffff,"H3:892664cdaa7ffff (suc=5, lamba_ariza=35)",39.89,"LINESTRING (-87.68087953754168 41.728910372786814, -87.68087953754168 41.728910372786814)"
892664cd4a7ffff,"H3:892664cd4a7ffff (suc=11, lamba_ariza=37)",53.62,"LINESTRING (-87.67598646670879 41.80607575528558, -87.67598646670879 41.80607575528558)"
892664d9a03ffff,"H3:892664d9a03ffff (suc=5, lamba_ariza=32)",37.64,"LINESTRING (-87.78176320097127 41.98721007549001, -87.78176320097127 41.98721007549001)"
892664cdcafffff,"H3:892664cdcafffff (suc=55, lamba_ariza=18)",86.3,"LINESTRING (-87.64703948748303 41.75303215981306, -87.64703948748303 41.75303215981306)"
892664c1663ffff,"H3:892664c1663ffff (suc=5, lamba_ariza=11)",25.59,"LINESTRING (-87.66632747517772 41.94144624285022, -87.66632747517772 41.94144624285022)"
892664c10d7ffff,"H3:892664c10d7ffff (suc=25, lamba_ariza=25)",74.61,"LINESTRING (-87.63920966589444 41.9399930851017, -87.63920966589444 41.9399930851017)"
892664cd967ffff,"H3:892664cd967ffff (suc=12, lamba_ariza=24)",52.8,"LINESTRING (-87.64863443458201 41.7118661463521, -87.64863443458201 41.7118661463521)"
892664cac7bffff,"H3:892664cac7bffff (suc=29, lamba_ariza=20)",76.61,"LINESTRING (-87.68656107923216 41.90288833878193, -87.68656107923216 41.90288833878193)"
892664c832bffff,"H3:892664c832bffff (suc=16, lamba_ariza=14)",53.73,"LINESTRING (-87.77355238691752 41.865328908495805, -87.77355238691752 41.865328908495805)"
892664cdd93ffff,"H3:892664cdd93ffff (suc=35, lamba_ariza=12)",73.57,"LINESTRING (-87.62845089740725 41.750325922306, -87.62845089740725 41.750325922306)"
892664cc907ffff,"H3:892664cc907ffff (suc=6, lamba_ariza=60)",42.28,"LINESTRING (-87.56224137454613 41.71099340599588, -87.56224137454613 41.71099340599588)"
892664cb3dbffff,"H3:892664cb3dbffff (suc=7, lamba_ariza=1)",21.94,"LINESTRING (-87.8152532655557 41.935673893866635, -87.8152532655557 41.935673893866635)"
892664cccb7ffff,"H3:892664cccb7ffff (suc=32, lamba_ariza=6)",65.88,"LINESTRING (-87.56180374459088 41.7492514549692, -87.56180374459088 41.7492514549692)"
8926645665bffff,"H3:8926645665bffff (suc=28, lamba_ariza=21)",75.03,"LINESTRING (-87.66790856455297 41.703552817888244, -87.66790856455297 41.703552817888244)"
892664cb2a3ffff,"H3:892664cb2a3ffff (suc=3, lamba_ariza=34)",32.2,"LINESTRING (-87.81703018458657 41.940880550014505, -87.81703018458657 41.940880550014505)"
892664cb117ffff,"H3:892664cb117ffff (suc=16, lamba_ariza=35)",65.04,"LINESTRING (-87.77370358244524 41.93094094377587, -87.77370358244524 41.93094094377587)"
892664c8e97ffff,"H3:892664c8e97ffff (suc=1, lamba_ariza=0)",0.85,"LINESTRING (-87.74226586007194 41.86452841938972, -87.74226586007194 41.86452841938972)"
892664caa0bffff,"H3:892664caa0bffff (suc=38, lamba_ariza=32)",87.72,"LINESTRING (-87.7192594527611 41.88162280418788, -87.7192594527611 41.88162280418788)"
892664d81a3ffff,"H3:892664d81a3ffff (suc=143, lamba_ariza=14)",86.86,"LINESTRING (-87.67285234670189 42.0198489160837, -87.67285234670189 42.0198489160837)"
892664c86c7ffff,"H3:892664c86c7ffff (suc=5, lamba_ariza=2)",18.56,"LINESTRING (-87.7882699679318 41.915087083749526, -87.7882699679318 41.915087083749526)"
892664ccec7ffff,"H3:892664ccec7ffff (suc=59, lamba_ariza=15)",84.36,"LINESTRING (-87.60863230424457 41.75052762522057, -87.60863230424457 41.75052762522057)"
892664cb44bffff,"H3:892664cb44bffff (suc=1, lamba_ariza=1)",0.81,"LINESTRING (-87.80601966833447 41.967159514911884, -87.80601966833447 41.967159514911884)"
892664cd0c7ffff,"H3:892664cd0c7ffff (suc=21, lamba_ariza=20)",67.62,"LINESTRING (-87.70073247993139 41.794207112526415, -87.70073247993139 41.794207112526415)"
892664cc507ffff,"H3:892664cc507ffff (suc=25, lamba_ariza=9)",62.38,"LINESTRING (-87.58665021630082 41.7837987530072, -87.58665021630082 41.7837987530072)"
892664d9883ffff,"H3:892664d9883ffff (suc=0, lamba_ariza=3)",2.73,"LINESTRING (-87.74547997347035 41.99809873460453, -87.74547997347035 41.99809873460453)"
892664cd4bbffff,"H3:892664cd4bbffff (suc=3, lamba_ariza=3)",11.98,"LINESTRING (-87.68195726787843 41.81065211758182, -87.68195726787843 41.81065211758182)"
892664cb4abffff,"H3:892664cb4abffff (suc=10, lamba_ariza=13)",39.59,"LINESTRING (-87.7831173841739 41.96510878728088, -87.7831173841739 41.96510878728088)"
892664caddbffff,"H3:892664caddbffff (suc=37, lamba_ariza=22)",82.94,"LINESTRING (-87.66368920489859 41.90081334352456, -87.66368920489859 41.90081334352456)"
892664cadc3ffff,"H3:892664cadc3ffff (suc=28, lamba_ariza=20)",75.48,"LINESTRING (-87.66069860763986 41.89852250646728, -87.66069860763986 41.89852250646728)"
892664cb007ffff,"H3:892664cb007ffff (suc=3, lamba_ariza=23)",29.98,"LINESTRING (-87.79591582920105 41.94403923993321, -87.79591582920105 41.94403923993321)"
892664ce34bffff,"H3:892664ce34bffff (suc=12, lamba_ariza=16)",46.39,"LINESTRING (-87.59661972774578 41.80690080534243, -87.59661972774578 41.80690080534243)"
892664563c7ffff,"H3:892664563c7ffff (suc=7, lamba_ariza=2)",23.25,"LINESTRING (-87.64304954262828 41.66905752551237, -87.64304954262828 41.66905752551237)"
892664cf06bffff,"H3:892664cf06bffff (suc=2, lamba_ariza=3)",8.06,"LINESTRING (-87.66316781770087 41.82709808574893, -87.66316781770087 41.82709808574893)"
892664d8d6bffff,"H3:892664d8d6bffff (suc=10, lamba_ariza=7)",33.87,"LINESTRING (-87.65328452716456 41.98168681601937, -87.65328452716456 41.98168681601937)"
892664ca143ffff,"H3:892664ca143ffff (suc=19, lamba_ariza=25)",67.02,"LINESTRING (-87.70927524440266 41.92412704734601, -87.70927524440266 41.92412704734601)"
892664d89cbffff,"H3:892664d89cbffff (suc=54, lamba_ariza=25)",90.12,"LINESTRING (-87.6599829334471 41.97522062920181, -87.6599829334471 41.97522062920181)"
892664ccd63ffff,"H3:892664ccd63ffff (suc=7, lamba_ariza=24)",39.64,"LINESTRING (-87.56325650573436 41.72721032151194, -87.56325650573436 41.72721032151194)"
892664cf63bffff,"H3:892664cf63bffff (suc=0, lamba_ariza=1)",0.35,"LINESTRING (-87.67142518402414 41.84499849673165, -87.67142518402414 41.84499849673165)"
8926645604fffff,"H3:8926645604fffff (suc=22, lamba_ariza=22)",69.95,"LINESTRING (-87.64531910145698 41.68235509581095, -87.64531910145698 41.68235509581095)"
892664cc983ffff,"H3:892664cc983ffff (suc=7, lamba_ariza=11)",30.37,"LINESTRING (-87.55854042744066 41.71972156807971, -87.55854042744066 41.71972156807971)"
892664563d7ffff,"H3:892664563d7ffff (suc=12, lamba_ariza=31)",54.41,"LINESTRING (-87.64182249097442 41.671965844773474, -87.64182249097442 41.671965844773474)"
8926645708bffff,"H3:8926645708bffff (suc=2, lamba_ariza=2)",9.04,"LINESTRING (-87.70994497125531 41.69730848635988, -87.70994497125531 41.69730848635988)"
892664ca257ffff,"H3:892664ca257ffff (suc=28, lamba_ariza=18)",74.09,"LINESTRING (-87.7555853083624 41.936380261503366, -87.7555853083624 41.936380261503366)"
892664cd1d7ffff,"H3:892664cd1d7ffff (suc=0, lamba_ariza=1)",0.17,"LINESTRING (-87.67861383859336 41.781108409903624, -87.67861383859336 41.781108409903624)"
89275936c17ffff,"H3:89275936c17ffff (suc=0, lamba_ariza=1)",0.72,"LINESTRING (-87.81957912414414 42.01989256505499, -87.81957912414414 42.01989256505499)"
8927593696bffff,"H3:8927593696bffff (suc=3, lamba_ariza=31)",33.56,"LINESTRING (-87.822251630846 41.97567973965664, -87.822251630846 41.97567973965664)"
892664ccd53ffff,"H3:892664ccd53ffff (suc=9, lamba_ariza=24)",46.08,"LINESTRING (-87.56674031186503 41.73760967389411, -87.56674031186503 41.73760967389411)"
89266419177ffff,"H3:89266419177ffff (suc=0, lamba_ariza=13)",11.48,"LINESTRING (-87.53470969349762 41.65506449512141, -87.53470969349762 41.65506449512141)"
892664c16cbffff,"H3:892664c16cbffff (suc=13, lamba_ariza=24)",54.48,"LINESTRING (-87.6686170447261 41.9547858839552, -87.6686170447261 41.9547858839552)"
892664c1b8fffff,"H3:892664c1b8fffff (suc=5, lamba_ariza=0)",16.42,"LINESTRING (-87.60866613375079 41.86248853155902, -87.60866613375079 41.86248853155902)"
892664cca9bffff,"H3:892664cca9bffff (suc=10, lamba_ariza=10)",37.1,"LINESTRING (-87.61180945301331 41.73368544084465, -87.61180945301331 41.73368544084465)"
892664ccaa7ffff,"H3:892664ccaa7ffff (suc=8, lamba_ariza=2)",25.58,"LINESTRING (-87.60113181193734 41.72162195931771, -87.60113181193734 41.72162195931771)"
892664c8483ffff,"H3:892664c8483ffff (suc=29, lamba_ariza=19)",75.57,"LINESTRING (-87.75027621848612 41.920757892629524, -87.75027621848612 41.920757892629524)"
892664cf6c7ffff,"H3:892664cf6c7ffff (suc=21, lamba_ariza=32)",73.0,"LINESTRING (-87.67494131461268 41.85540744024151, -87.67494131461268 41.85540744024151)"
892664ca117ffff,"H3:892664ca117ffff (suc=21, lamba_ariza=18)",65.97,"LINESTRING (-87.6936102824235 41.923719968364225, -87.6936102824235 41.923719968364225)"
892664cce9bffff,"H3:892664cce9bffff (suc=31, lamba_ariza=8)",67.32,"LINESTRING (-87.60319033298227 41.754060822105515, -87.60319033298227 41.754060822105515)"
892664cd9c3ffff,"H3:892664cd9c3ffff (suc=8, lamba_ariza=31)",45.3,"LINESTRING (-87.64967964661275 41.72808073250058, -87.64967964661275 41.72808073250058)"
892664cc103ffff,"H3:892664cc103ffff (suc=12, lamba_ariza=21)",50.32,"LINESTRING (-87.59826162887035 41.76570605387119, -87.59826162887035 41.76570605387119)"
892664cd673ffff,"H3:892664cd673ffff (suc=20, lamba_ariza=23)",67.78,"LINESTRING (-87.72531286660386 41.8014753009923, -87.72531286660386 41.8014753009923)"
8926645662bffff,"H3:8926645662bffff (suc=25, lamba_ariza=9)",63.03,"LINESTRING (-87.65302107490551 41.69212248461826, -87.65302107490551 41.69212248461826)"
8926641b26fffff,"H3:8926641b26fffff (suc=1, lamba_ariza=0)",1.31,"LINESTRING (-87.54367076045095 41.70827364455237, -87.54367076045095 41.70827364455237)"
892664566d3ffff,"H3:892664566d3ffff (suc=4, lamba_ariza=19)",29.12,"LINESTRING (-87.65704540702448 41.7106195786428, -87.65704540702448 41.7106195786428)"
89266452063ffff,"H3:89266452063ffff (suc=4, lamba_ariza=10)",22.5,"LINESTRING (-87.78548561116105 41.78976923617244, -87.78548561116105 41.78976923617244)"
892664caa67ffff,"H3:892664caa67ffff (suc=71, lamba_ariza=28)",93.23,"LINESTRING (-87.71872287658711 41.873501228589916, -87.71872287658711 41.873501228589916)"
892664d8863ffff,"H3:892664d8863ffff (suc=16, lamba_ariza=21)",59.03,"LINESTRING (-87.678662615294 41.97792378459861, -87.678662615294 41.97792378459861)"
892664ca827ffff,"H3:892664ca827ffff (suc=42, lamba_ariza=11)",76.56,"LINESTRING (-87.67775833871417 41.876854994871344, -87.67775833871417 41.876854994871344)"
892664560dbffff,"H3:892664560dbffff (suc=9, lamba_ariza=28)",46.48,"LINESTRING (-87.64040913459424 41.69399098465886, -87.64040913459424 41.69399098465886)"
89266457427ffff,"H3:89266457427ffff (suc=0, lamba_ariza=11)",9.13,"LINESTRING (-87.69611142992362 41.70209308459177, -87.69611142992362 41.70209308459177)"
892664cc263ffff,"H3:892664cc263ffff (suc=36, lamba_ariza=24)",83.37,"LINESTRING (-87.65527772351057 41.770918868176025, -87.65527772351057 41.770918868176025)"
892664cd10bffff,"H3:892664cd10bffff (suc=63, lamba_ariza=32)",93.77,"LINESTRING (-87.68229592480554 41.77237094216295, -87.68229592480554 41.77237094216295)"
892664d886bffff,"H3:892664d886bffff (suc=12, lamba_ariza=17)",47.83,"LINESTRING (-87.68289173971507 41.977296108706334, -87.68289173971507 41.977296108706334)"
892664c1003ffff,"H3:892664c1003ffff (suc=48, lamba_ariza=29)",90.56,"LINESTRING (-87.63868639644498 41.93186469587887, -87.63868639644498 41.93186469587887)"
892664cc3abffff,"H3:892664cc3abffff (suc=46, lamba_ariza=14)",80.47,"LINESTRING (-87.62054932159896 41.75968264409445, -87.62054932159896 41.75968264409445)"
892664cf08fffff,"H3:892664cf08fffff (suc=44, lamba_ariza=48)",92.34,"LINESTRING (-87.6468268453957 41.837715843960595, -87.6468268453957 41.837715843960595)"
